Piloto,Volta,Distancia_Volta,Track_X,Track_Y,Velocidade_KMH,Engine_RPM,ICE_Temp_Celsius,Brake_Temp_Celsius
MCL-Lando,1,10.0,100.3315306861278,0.8628366850132707,278.721798499618,13502.235052363096,102.90070675905544,389.2029681905953
MCL-Lando,1,20.0,99.92274534271839,1.1280115626749936,282.1153030370372,13300.188897919312,102.51145093649265,419.4730319635886
MCL-Lando,1,30.0,99.4709646798416,1.492434808494306,277.20504785619556,13688.492211912906,102.50993682760641,381.50695745387964
MCL-Lando,1,40.0,99.61499513522259,2.384439057252774,276.9693220117893,13442.105102047792,101.58285448984957,392.4478153114848
MCL-Lando,1,50.0,100.23924825393362,2.8616890942926245,280.3079510231467,13516.997210414413,100.77923966423829,392.8178027746347
MCL-Lando,1,60.0,99.59962069651658,3.6700619053277848,282.8449396712083,13403.144486013889,102.38741922493156,381.8024477323134
MCL-Lando,1,70.0,99.78791067562845,3.896289006825886,280.89670699100765,13314.567605048109,102.88045496742458,404.5136444875069
MCL-Lando,1,80.0,100.09998182000088,4.753432507758329,278.00645560473987,13565.816001788698,102.7349879891997,400.644986333993
MCL-Lando,1,90.0,99.1122599741969,4.585971107147835,277.15869782072684,13683.498465283517,100.99968689909679,411.3234280531599
MCL-Lando,1,100.0,99.67221484188667,5.3627979987030105,284.34378141973224,13685.29131693896,102.99842088518025,387.82007117023284
MCL-Lando,1,110.0,99.66755673132742,6.120710282711956,282.87417662603224,13523.067966525765,102.37264313324583,380.27880251383374
MCL-Lando,1,120.0,99.36787785238657,6.487185344345276,277.8136439847553,13379.79461001143,102.68601784362893,400.9850341388747
MCL-Lando,1,130.0,99.35536776172832,7.497358163510694,281.2590421928846,13376.609477183554,103.19818603671219,402.92504306671293
MCL-Lando,1,140.0,98.55230722642364,7.153446426911752,283.53972049038003,13387.936129350539,102.49026490115517,398.91588392762077
MCL-Lando,1,150.0,99.01415036120427,7.955292237737471,275.11440762494976,13521.544262211988,101.07370575582439,418.92146341300713
MCL-Lando,1,160.0,98.32443828147801,8.16678030105639,275.4656053585744,13536.802799448,102.6922185593817,387.3912657570392
MCL-Lando,1,170.0,98.17564537178474,8.83989644837238,275.0864534574401,13577.506290928372,102.4103512604203,400.89022059080963
MCL-Lando,1,180.0,98.21076145414146,9.343551373866548,276.05990052509793,13690.540415382002,101.77084642916043,386.5372598523275
MCL-Lando,1,180.0,98.21076145414146,9.343551373866548,276.05990052509793,13690.540415382002,101.77084642916043,386.5372598523275
MCL-Lando,1,190.0,97.53764751165109,9.959007135638167,284.79617093750346,13575.594046806393,100.75029252272832,391.83921400744214
MCL-Lando,1,200.0,97.35166157826028,10.756616069065025,277.96483183115885,13458.667986359793,101.01137072112982,398.4115829861497
MCL-Lando,1,210.0,97.52800578634032,11.60424545830528,283.10841298127787,13666.533236964491,101.29868654658434,418.7136782295057
MCL-Lando,1,220.0,96.74617119474674,11.530600529186962,276.4358428308541,13610.662759335804,100.99937280737375,386.78501460462985
MCL-Lando,1,230.0,96.83674417658153,12.11899595476524,283.9599920672631,13433.476251456232,103.08366087326445,404.6839878882762
MCL-Lando,1,240.0,96.19265608732184,12.944454423678408,277.80856958501204,13445.026591684169,101.57559461960112,401.9639314039159
MCL-Lando,1,250.0,96.60390120564938,13.793771053328783,275.5008286758144,13616.765515631354,103.30669585167355,390.575151319342
MCL-Lando,1,260.0,95.70539159433704,14.225479109143851,282.00875981565207,13569.313806297327,100.95149622884675,390.9051843087854
MCL-Lando,1,270.0,95.95909928748453,14.003685491459942,284.7283275353255,13637.268470345192,102.3498071329581,403.71141796347
MCL-Lando,1,270.0,95.95909928748453,14.003685491459942,284.7283275353255,13637.268470345192,102.3498071329581,403.71141796347
MCL-Lando,1,280.0,95.231588272359,14.690804704061682,281.3936715677794,13359.351073944872,100.78095845275706,411.7920089153321
MCL-Lando,1,290.0,95.08772413311515,15.735581141663133,284.6010443339143,13631.94121702661,102.98669710676013,411.240313329634
MCL-Lando,1,300.0,94.27279601460823,15.769455847592225,276.3525746002951,13387.0780972465,103.45472598089513,400.5197791722202
MCL-Lando,1,310.0,93.94773152760315,16.669680414426455,284.8034718019532,13681.312612348596,101.44914668138343,381.67383038679736
MCL-Lando,1,310.0,93.94773152760315,16.669680414426455,284.8034718019532,13681.312612348596,101.44914668138343,381.67383038679736
MCL-Lando,1,320.0,94.23402608477782,16.612422461672878,282.6485451695635,13418.55446484677,102.26260643397826,414.3320990495108
MCL-Lando,1,330.0,93.7504125612908,17.694398795975104,282.62641563476114,13631.207592654366,102.96890623480212,393.9406338608981
MCL-Lando,1,330.0,93.7504125612908,17.694398795975104,282.62641563476114,13631.207592654366,102.96890623480212,393.9406338608981
MCL-Lando,1,340.0,93.45078563778783,18.068383766468056,275.63230587567614,13431.138985184469,102.35577778247021,401.7838743934545
MCL-Lando,1,350.0,92.67303830808464,18.208179593086584,278.47355568437945,13595.686296458724,101.90066106952555,403.28628673088025
MCL-Lando,1,360.0,92.3640151568134,19.32626846573824,279.2641267517532,13416.16454759317,101.00715313456557,417.1932251832628
MCL-Lando,1,370.0,92.08973035426952,19.574465880617474,277.8565979115976,13315.81462585769,102.83943523187675,388.3756069481876
MCL-Lando,1,380.0,91.95344907090075,20.403510933804966,281.87414222578093,13683.716420108989,102.78996622533954,418.60610223884856
MCL-Lando,1,390.0,91.22721435302455,20.494596972693756,276.2287479701968,13307.998815115587,101.85028702777866,395.06647210951667
MCL-Lando,1,400.0,90.28852836714248,20.646384525196662,283.3065847065893,13511.77589805179,100.5976278218704,406.10848060452304
MCL-Lando,1,410.0,90.17718192258958,21.175589524900726,281.598817718715,13400.023257110623,103.10161484354244,404.65017117183623
MCL-Lando,1,420.0,89.33263101010051,22.360070026093915,283.3651785209647,13550.17612049509,101.79465703068455,389.5590502484806
MCL-Lando,1,430.0,89.77693036359328,22.46630469281564,275.86649357905907,13339.919943731902,101.42337200020876,388.84099554072446
MCL-Lando,1,440.0,89.1748941633418,22.446603112352282,278.93341959125723,13611.985456099359,102.36378484272461,400.8001139685719
MCL-Lando,1,450.0,88.68305534005131,23.73394618241033,282.8882978777176,13331.961142446686,102.83165981515735,419.1120736309214
MCL-Lando,1,460.0,87.63296196339829,23.806688957869664,283.20014251565397,13371.477531217171,101.55340109402444,419.3945326256279
MCL-Lando,1,470.0,87.19504375480743,24.4184453062247,277.43743575582704,13361.058191370581,102.30468859273627,414.1465998891666
MCL-Lando,1,480.0,87.27462312980495,24.809265232171313,276.124330757475,13564.909392254824,101.49792141315619,417.1203741764281
MCL-Lando,1,490.0,86.65043907749317,25.4198601099961,277.5525111990317,13569.044079439842,101.34986352030182,410.42950423732145
MCL-Lando,1,500.0,85.74379432927414,26.065602224857994,275.8309417054672,13510.193255243348,102.01269963005888,392.5546807360875
MCL-Lando,1,510.0,85.58367505003044,25.768084584975743,275.2074628983744,13590.174372627756,102.97337127117702,381.2184398881354
MCL-Lando,1,520.0,84.20926716381148,27.12639206500069,279.6808867482261,13378.424264215879,101.87895370684024,408.1568323697095
MCL-Lando,1,520.0,84.20926716381148,27.12639206500069,279.6808867482261,13378.424264215879,101.87895370684024,408.1568323697095
MCL-Lando,1,530.0,84.12257316206679,26.951154956583128,,,103.11203256627877,406.49384669368726
MCL-Lando,1,530.0,84.12257316206679,26.951154956583128,,,103.11203256627877,406.49384669368726
MCL-Lando,1,540.0,83.29732918022712,27.369804032860515,283.91765621120004,13480.92637846745,102.72211507469058,381.4358465354652
MCL-Lando,1,550.0,83.26318238436626,27.9244046209123,,,103.07715258933531,388.2172795405066
MCL-Lando,1,560.0,81.81909234663594,28.818927894958165,,,101.02898448784255,406.0384835665428
MCL-Lando,1,570.0,81.9923570834076,28.478745616236488,,,100.62436408000355,389.96708801200987
MCL-Lando,1,580.0,80.63144948527284,29.588814294252675,,,101.7059296106117,389.2673917644024
MCL-Lando,1,590.0,79.81226613291236,29.34061155633798,282.4904102940172,13550.14357886729,101.68267232462536,386.6128621768696
MCL-Lando,1,600.0,79.82592610702011,30.414420305296755,,,101.77955836588335,396.28613916403543
MCL-Lando,1,610.0,78.7541117450594,30.293441262313536,,,100.61522742643697,404.10096701973345
MCL-Lando,1,620.0,78.47638286376646,31.206882585922656,279.8030459466091,13506.972845724538,103.26407734616238,389.0063066172653
MCL-Lando,1,630.0,77.26918853261202,31.168035950767692,,,100.50431249042418,416.3007040782432
MCL-Lando,1,640.0,76.70987212237097,31.900335284600047,282.05330975148496,13482.227510480032,102.13583304467745,381.1878210132862
MCL-Lando,1,650.0,76.53868139462396,32.42397073297874,282.96888384985965,13410.600129532457,102.53064791498205,401.49765988229166
MCL-Lando,1,660.0,75.36111791083536,32.870886606515896,280.9664878147185,13447.402540067384,103.43874872543458,401.4018972075972
MCL-Lando,1,670.0,74.45402287055016,33.441918529765026,,,102.70299084613342,401.81140116425945
MCL-Lando,1,680.0,74.06522979648628,33.75197042605869,,,102.31078593584714,386.18761641358805
MCL-Lando,1,690.0,73.8041195246359,33.897035353978715,,,101.1836532370753,399.3449917275086
MCL-Lando,1,700.0,72.887643906368,34.02539953805021,278.4551974379716,13305.559899591708,101.99146788370848,399.76752197235487
MCL-Lando,1,710.0,71.4535097614209,35.104188398873795,282.7548422781345,13481.119486187628,101.89894727137933,404.04302731070925
MCL-Lando,1,710.0,71.4535097614209,35.104188398873795,282.7548422781345,13481.119486187628,101.89894727137933,404.04302731070925
MCL-Lando,1,720.0,70.96995058134938,35.26547318181156,280.5185502156329,13328.803026484858,100.83204139383503,406.3325247123939
MCL-Lando,1,730.0,69.98176709968335,35.12802397466795,282.2959752807807,13586.48036434417,101.12743321982312,393.85218093696176
MCL-Lando,1,740.0,69.67124762156551,35.973041702655266,278.8354823925469,13641.162272797439,101.76810963495335,416.13435543288176
MCL-Lando,1,750.0,68.29632397166685,35.88897588946929,277.2073544124115,13698.090766549098,101.18206325260967,413.143656197848
MCL-Lando,1,760.0,68.29510175076486,36.91902672235,275.57296240558765,13347.387851518639,102.10884819676437,394.518617518398
MCL-Lando,1,770.0,67.32307872530583,37.066705236895466,281.67333702294894,13431.38303484257,102.30578244742908,395.6544699912847
MCL-Lando,1,770.0,67.32307872530583,37.066705236895466,281.67333702294894,13431.38303484257,102.30578244742908,395.6544699912847
MCL-Lando,1,780.0,65.90103234050295,36.9793435948032,277.95271685086936,13357.617445807675,101.54809529438705,411.9527139382021
MCL-Lando,1,790.0,65.11568832127953,37.30463773069356,280.98796697482123,13355.91180820756,101.70054132722294,393.9416778342895
MCL-Lando,1,800.0,64.4291241667607,38.32144208650454,283.77942382070165,13567.038744990208,101.03592950720147,398.73085444060393
MCL-Lando,1,810.0,64.20878303588205,38.22150017800356,277.8822059391319,13460.795368906145,100.8060220843237,403.80005275877204
MCL-Lando,1,820.0,62.769185028406696,39.170423861939405,283.17753484428135,13590.783495481106,103.00555138257194,380.8796304481504
MCL-Lando,1,830.0,62.473548718357975,39.139949228529744,279.8971477152584,13442.260907649725,102.62814510171775,407.72823439701386
MCL-Lando,1,840.0,61.83977963793898,39.5736276353966,281.0155875672813,13676.01122767124,102.38489227405135,408.15520240696924
MCL-Lando,1,850.0,60.84637868641304,39.32901324807826,276.3799936368385,13302.680445564987,100.9752056063195,405.43600597552285
MCL-Lando,1,860.0,59.69382382329636,39.766441118833185,284.6408169284703,13668.68244878691,103.10004569203213,391.9693577732081
MCL-Lando,1,870.0,58.59804710465863,40.65456843271915,275.52948976453337,13380.837120426735,101.64620404260738,388.80567646066527
MCL-Lando,1,880.0,58.26839151288069,41.135936711921005,284.03436644332174,13314.01104349084,102.58021925767028,412.0514087490269
MCL-Lando,1,890.0,56.62794773747528,41.49393969672253,280.8210350027905,13341.827018907476,103.13697538806638,393.4840028111472
MCL-Lando,1,900.0,55.619856292162275,41.06780204026617,279.6844220529387,13629.386051822554,103.29796972831879,414.9426659628632
MCL-Lando,1,910.0,55.06905464697248,41.74886091117407,278.95403356678787,13426.266707853316,102.41597604091608,382.1084068080626
MCL-Lando,1,920.0,54.51117969481175,41.875440797097504,276.1606681019436,13335.49922061283,102.55791068807721,414.93833867066587
MCL-Lando,1,930.0,53.89878642830676,42.34022405121166,280.0594807778833,13360.25970306018,100.58214606634888,400.11870141408957
MCL-Lando,1,940.0,52.43643206443535,42.42629189260694,278.30156682923143,13578.692938758462,100.86479959713012,401.29530427688184
MCL-Lando,1,950.0,51.8605428230449,42.673790819038615,277.8777171079945,13457.560629209509,103.07479859426913,407.67235692016914
MCL-Lando,1,960.0,51.00380795941811,43.49691679370051,277.96538782059747,13391.390672911974,101.90820284227,406.54760741950616
MCL-Lando,1,970.0,50.17328082894118,43.10331717274457,280.20155470678355,13372.62240754398,100.91898175737639,401.47533339988104
MCL-Lando,1,980.0,49.19132869334487,43.218126914041186,276.14514327374786,13552.979081676629,103.10999141149325,390.8577546905043
MCL-Lando,1,990.0,47.732560530571384,44.05277367954302,281.92365479361365,13383.821897532376,102.49637915462549,380.3054538293357
MCL-Lando,1,1000.0,47.17834939824298,44.20462566036469,279.29467243249167,13667.371546610084,103.07233702960524,403.0630325499249
MCL-Lando,1,1010.0,45.68804502006596,44.30684277661808,280.0542216700862,13323.619715414245,101.65856722218875,395.34196776381447
MCL-Lando,1,1020.0,44.625464540928554,44.83968564231101,275.33787227053205,13661.675588642664,100.66141312373016,411.0637744375908
MCL-Lando,1,1030.0,43.54499548735315,45.26237931867278,283.7948837669251,13549.40794820435,102.29049217334148,393.65211440259225
MCL-Lando,1,1040.0,43.01821911132147,45.43969874919091,279.96941198693077,13568.128859473569,101.99709901009142,414.98853967992704
MCL-Lando,1,1050.0,42.258158321183984,45.1920912296043,276.4226875302528,13323.711243075171,102.07523205672639,382.92154227544376
MCL-Lando,1,1060.0,41.018607304654964,45.60211588800362,283.0612965618543,13382.639154600962,102.10000141686265,414.51242616056675
MCL-Lando,1,1070.0,40.44238966190047,45.32853945281152,283.7060147605483,13601.328598329901,100.51559607244408,395.18074036824606
MCL-Lando,1,1080.0,38.89355495312902,45.872394270109105,280.45505228747606,13425.062294253099,102.1958620301888,397.3363856226259
MCL-Lando,1,1090.0,37.60359980865552,45.93598189421595,278.08774216647316,13500.507153054938,102.20987551224219,381.2826502150074
MCL-Lando,1,1100.0,37.2145314435845,46.463031152865405,283.4110198536899,13383.100583920059,101.98197110858803,395.01461490599326
MCL-Lando,1,1110.0,36.21763712381318,46.935609242879366,279.4605987248934,13375.957167375773,100.5141818847495,399.6411572303372
MCL-Lando,1,1120.0,35.02739423864196,46.42224702629613,282.1834475568351,13667.252594239924,102.71366431311759,392.9663135570704
MCL-Lando,1,1130.0,34.258984526911455,47.3179663951557,277.93808556213753,13306.192519881668,101.29201737537579,410.52975279565845
MCL-Lando,1,1140.0,32.90269332317029,47.33781609293298,282.96616890345916,13643.379771289694,101.42411145655083,393.8492731847432
MCL-Lando,1,1150.0,31.868759205819643,47.74467160933423,278.1046965216287,13520.926690039478,101.27955144653548,416.5402526135062
MCL-Lando,1,1160.0,31.09159867670526,47.379656260965746,284.66375880819777,13574.258399369828,100.58917545403851,394.8541674747908
MCL-Lando,1,1170.0,29.66341468454394,47.89190221962425,279.22497093385243,13423.620889358248,101.42867012483224,388.9176528495372
MCL-Lando,1,1180.0,28.669117563692865,47.594373198812924,281.2122883330419,13554.499556884819,101.63510906405263,409.78360618448636
MCL-Lando,1,1190.0,27.422815419049183,48.151916311914086,277.32703115718044,13544.59070646817,101.04724631619409,388.3973525501697
MCL-Lando,1,1200.0,27.1716978322049,47.76314317960364,126.22104206728972,10348.91912095296,101.17497973236182,886.2356856881091
MCL-Lando,1,1210.0,26.09599913410542,48.26059320172947,121.0140288151557,10808.508187547115,101.81080203539075,816.1282864517365
MCL-Lando,1,1220.0,24.869017643020968,48.759493976248415,115.77864781418845,10288.614858099416,102.59293590111861,886.9305104007735
MCL-Lando,1,1230.0,23.37283596473253,48.32120628594707,115.54015174648191,10167.000636030125,101.733434287272,821.3983084506208
MCL-Lando,1,1240.0,22.819573971924175,48.391006308262654,113.84837593586842,10771.233678155146,101.10600043432568,869.3606174493792
MCL-Lando,1,1250.0,21.057094376121064,48.933464593403144,125.82544911857707,10794.477065369858,102.23924030003874,886.4091220572872
MCL-Lando,1,1260.0,20.356697408176732,49.16502641968924,121.51363626660957,10103.695139834534,100.74576432778868,814.5771920966926
MCL-Lando,1,1270.0,19.25173852997727,48.99620079231989,115.17589032396279,10356.242496896804,102.61610275649365,899.1530918444837
MCL-Lando,1,1280.0,18.508999431869906,48.918052771528565,120.76961040049778,10184.16090378927,101.33020692698231,821.0465355806655
MCL-Lando,1,1290.0,17.590054587358438,49.33383769232282,125.70274489276306,10237.43537326402,100.71048887899369,848.7195914203386
MCL-Lando,1,1300.0,16.021556806237115,48.998329233949605,115.0834531847376,10484.109394579498,102.78994525353274,862.0820373882051
MCL-Lando,1,1310.0,15.23689624754161,49.14371801409056,113.47286336297165,10376.60317983132,102.74101572232098,898.9783678769446
MCL-Lando,1,1320.0,13.851409875614,49.83926724176236,126.43781680199001,10624.269765315692,101.84071590610746,879.0905651831072
MCL-Lando,1,1330.0,12.737001535236434,49.63490641068267,112.65010156366924,10550.290078651158,103.32630245603531,869.4831330404185
MCL-Lando,1,1340.0,11.73158838366075,49.575059681225724,118.32324497350976,10822.089279145366,103.45954141411897,822.7010160527348
MCL-Lando,1,1350.0,10.570992314065274,49.92702963476723,112.79093446950397,10794.066765125148,101.76974683670171,829.7498869085506
MCL-Lando,1,1350.0,10.570992314065274,49.92702963476723,112.79093446950397,10794.066765125148,101.76974683670171,829.7498869085506
MCL-Lando,1,1360.0,9.436167771594743,49.77954903192846,122.13039949650347,10630.126097875742,101.38551019836206,842.6988149323818
MCL-Lando,1,1370.0,8.444738498165394,49.79791278612373,118.21351602962089,10388.29503783135,102.87935280952395,828.3203418150725
MCL-Lando,1,1380.0,7.484637425660097,49.78294841797836,112.63766857960643,10414.264189701264,102.9303401923589,838.5947273438298
MCL-Lando,1,1390.0,6.583405977473187,49.50436637628651,112.7650887033496,10594.550348967758,101.1163726553288,857.219818835156
MCL-Lando,1,1400.0,5.087723660181914,49.989745158611036,122.93620633454718,10491.240466654594,100.9986738346303,876.1513852666056
MCL-Lando,1,1400.0,5.087723660181914,49.989745158611036,122.93620633454718,10491.240466654594,100.9986738346303,876.1513852666056
MCL-Lando,1,1410.0,4.812090962352338,50.341351671883636,116.72008083099391,10497.176763390695,101.85299381949476,825.9822659182507
MCL-Lando,1,1420.0,3.37216612748776,49.92757175171928,113.39055541648885,10649.310348148121,100.9488450753015,826.0812223041373
MCL-Lando,1,1430.0,2.608397262132682,50.02471517591026,124.08248621494874,10450.816373575428,101.07155834017624,800.1679016929285
MCL-Lando,1,1440.0,0.6400531203792809,49.53886563696851,121.85600207044655,10629.400383831464,101.43087066556593,827.4205304605877
MCL-Lando,1,1450.0,0.37253974916792376,50.07952902124852,113.30565230729107,10745.029162122186,100.80271728433196,831.0975489034945
MCL-Lando,1,1450.0,0.37253974916792376,50.07952902124852,113.30565230729107,10745.029162122186,100.80271728433196,831.0975489034945
MCL-Lando,1,1460.0,-0.7974321492874509,49.71648062335192,127.42067680668245,10584.149819265394,101.23740711920746,828.1290451330314
MCL-Lando,1,1470.0,-2.63060294808828,50.25907375724693,126.51820314977375,10820.524188089788,102.12242160334054,816.2031735642388
MCL-Lando,1,1480.0,-3.0339667934359555,50.421699679396085,117.47800782051175,10453.842075305343,102.87085738256602,878.4059044608538
MCL-Lando,1,1490.0,-4.139728666787617,49.79877173651353,123.13010116838184,10184.535782429357,102.90292084420776,816.6429691742427
MCL-Lando,1,1500.0,-5.220835649615583,49.61423061506386,123.94595206768497,10416.303198161322,100.9866167544984,856.1762574736741
MCL-Lando,1,1510.0,-6.020993582468866,49.66355630593339,112.91843039520104,10817.092435170713,101.68551933643363,852.8985791097547
MCL-Lando,1,1520.0,-7.642199625579422,50.128702082567074,127.1416738925019,10651.135919370874,102.18242454027161,812.8403075257746
MCL-Lando,1,1530.0,-8.660747639041121,49.36948377726104,113.35176384995232,10579.688567400091,101.61479372422055,844.8242642746089
MCL-Lando,1,1540.0,-9.306889262787154,49.92937446577656,113.75789697365185,10890.9210083696,101.27066795066413,840.1700570958984
MCL-Lando,1,1550.0,-10.973759664227927,49.34406035196814,120.77586106862258,10350.752409995324,103.30089178268575,859.2118365182806
MCL-Lando,1,1560.0,-11.85725624538578,49.7160014439756,122.95555642396536,10857.353649443996,102.42127221560575,873.5553535023811
MCL-Lando,1,1570.0,-12.966946263478134,49.62293397968112,121.84542016508526,10578.621704291343,101.02313454560576,839.9688077999132
MCL-Lando,1,1580.0,-14.513359717355085,49.15025462445132,112.54256541918645,10131.999661328695,102.64636546408691,836.2019952688474
MCL-Lando,1,1590.0,-14.744910385380892,49.19248229234759,120.26725687694041,10103.024827213405,101.30411963324349,872.4956815682518
MCL-Lando,1,1600.0,-16.001511755898377,49.60986372480819,124.99177603382188,10563.818999983721,100.5085425752819,805.8660686786741
MCL-Lando,1,1610.0,-16.990907736131383,48.9369782247267,122.37763338409657,10813.672267054055,100.89278018247555,884.0575276282419
MCL-Lando,1,1620.0,-18.514965385295255,48.97622623798207,119.42468335480258,10582.871108510379,101.3994945231696,888.9965251584927
MCL-Lando,1,1630.0,-19.169543781833553,49.015191045137456,112.36312930405238,10805.773622081973,103.05096628068027,860.9733775932763
MCL-Lando,1,1640.0,-20.77747375827938,48.53769850110978,118.2297589527584,10891.064717387157,102.31061430108517,840.3947090033869
MCL-Lando,1,1650.0,-21.69169776093416,48.932952544630815,116.3251412035816,10261.106308779074,100.93649269226367,814.7733961030065
MCL-Lando,1,1660.0,-22.98226115085422,48.48469229478726,116.84521670791838,10205.668879644734,100.50994028562928,887.7062291122686
MCL-Lando,1,1670.0,-23.226222949264717,48.1142663854818,126.29255956911047,10878.436429155787,101.37519171372966,841.434957400666
MCL-Lando,1,1680.0,-24.671897720615956,48.52064087394361,119.73502849928562,10544.536831631574,101.85698660565559,889.391386790022
MCL-Lando,1,1690.0,-25.702698484759868,48.188428429849836,117.16033812339111,10532.719106152215,102.82009507201973,826.8108016626729
MCL-Lando,1,1700.0,-26.84756700784926,48.64847865090668,118.41855100155854,10274.119320030031,102.4982762301239,848.2179451105277
MCL-Lando,1,1710.0,-27.890076544843403,48.33788243366766,121.32898199657453,10861.66461266716,101.14731112150429,865.4465148011986
MCL-Lando,1,1710.0,-27.890076544843403,48.33788243366766,121.32898199657453,10861.66461266716,101.14731112150429,865.4465148011986
MCL-Lando,1,1720.0,-29.028935676357065,48.274050213365875,121.74861424877543,10838.227519114675,103.08706376152841,833.4795980680206
MCL-Lando,1,1730.0,-29.610724255664046,47.925256493792034,126.44413100957846,10510.90659686361,101.39769334774144,837.6826483473541
MCL-Lando,1,1740.0,-30.732473148470522,47.243505709762225,122.06705225972411,10556.564764907169,102.09136093386705,872.3886849289668
MCL-Lando,1,1750.0,-32.19895950661747,47.30576296881588,123.12339300773382,10267.06638098102,102.15920105881158,875.7615494731623
MCL-Lando,1,1760.0,-32.801829934352654,47.25147845444654,116.60650102732902,10453.18712557503,103.2521930138401,849.6533626651116
MCL-Lando,1,1770.0,-33.805357459108016,46.77675463496541,126.9147312997959,10687.644401523457,103.18383019706832,880.3708427673116
MCL-Lando,1,1780.0,-35.40688647012739,46.66521048588393,121.79012175282033,10365.953527092084,100.50679378569632,885.2002538639538
MCL-Lando,1,1790.0,-35.94550274144814,46.20452645066723,124.919808058057,10109.837664031033,103.48128203674672,808.6323876933814
MCL-Lando,1,1800.0,-37.037023153423604,46.65494900054038,277.34527813794955,13317.441967347533,103.3930657390017,396.0331804179019
MCL-Lando,1,1800.0,-37.037023153423604,46.65494900054038,277.34527813794955,13317.441967347533,103.3930657390017,396.0331804179019
MCL-Lando,1,1810.0,-38.04214468405899,46.32870977002528,283.34458530586255,13698.818824725167,103.23445419780175,384.2968444122909
MCL-Lando,1,1820.0,-39.36390436004255,46.47746911335134,281.7573556937887,13638.440161665414,100.77084654706542,404.1413362642858
MCL-Lando,1,1830.0,-40.277914043686636,45.92371994733322,280.4967013625964,13398.298468515468,103.23643282480735,393.1520496898076
MCL-Lando,1,1840.0,-41.46324715734616,45.91857792254361,281.5890634429334,13398.28561040915,100.7208324121724,393.28946114796423
MCL-Lando,1,1840.0,-41.46324715734616,45.91857792254361,281.5890634429334,13398.28561040915,100.7208324121724,393.28946114796423
MCL-Lando,1,1850.0,-42.346053689288716,45.48383297240579,275.5682110597787,13560.410221876586,102.94006969588582,410.7387551082581
MCL-Lando,1,1850.0,-42.346053689288716,45.48383297240579,275.5682110597787,13560.410221876586,102.94006969588582,410.7387551082581
MCL-Lando,1,1860.0,-42.62419412514063,45.13158408380772,284.5660853986435,13586.262612836306,102.82087500174818,392.14903927131775
MCL-Lando,1,1870.0,-43.451204840377116,45.09006159031137,279.9007220676542,13448.072399790368,101.67018671458366,400.62307286841406
MCL-Lando,1,1880.0,-44.73565618927072,44.823319263253246,280.41923929387065,13482.434128363117,100.8141985488954,417.78198541072373
MCL-Lando,1,1890.0,-46.08768025689817,44.06591752501852,281.32688204456645,13647.54560933826,101.06708381738261,406.5957720400556
MCL-Lando,1,1900.0,-46.355449062391294,43.88215019513216,281.76840186834096,13592.799619478494,102.55557612508998,381.73448083704324
MCL-Lando,1,1910.0,-48.11006450206826,43.871462414133624,283.5283968502175,13495.46232961516,101.08146310999749,386.3361346156284
MCL-Lando,1,1920.0,-48.30345971323551,43.715770695605414,283.97940901486726,13609.922577998776,102.31423328242396,384.1403059230407
MCL-Lando,1,1930.0,-49.77053218280652,43.640880104110195,283.8981123536575,13604.159076064301,101.90931410969546,396.4485046296201
MCL-Lando,1,1930.0,-49.77053218280652,43.640880104110195,283.8981123536575,13604.159076064301,101.90931410969546,396.4485046296201
MCL-Lando,1,1940.0,-50.89777715859635,42.994112811108074,275.0234015870265,13546.286307427172,100.92737734958546,382.3042018592882
MCL-Lando,1,1950.0,-51.70400435158725,42.5632809743121,284.32071030761057,13340.679246525337,102.21139228862377,400.0563034803852
MCL-Lando,1,1950.0,-51.70400435158725,42.5632809743121,284.32071030761057,13340.679246525337,102.21139228862377,400.0563034803852
MCL-Lando,1,1960.0,-52.64450196093302,42.34380439312926,284.6718350889057,13444.48700636869,103.16031279550359,398.58550735666967
MCL-Lando,1,1970.0,-53.0198881088706,42.205324001036715,281.48099751281836,13309.164042343875,101.8973474228483,410.7802750087433
MCL-Lando,1,1970.0,-53.0198881088706,42.205324001036715,281.48099751281836,13309.164042343875,101.8973474228483,410.7802750087433
MCL-Lando,1,1980.0,-54.41028798271438,41.541892543513846,281.27783968144263,13680.946835960489,102.40341928858489,392.5622943681654
MCL-Lando,1,1990.0,-54.85189606171246,41.33082306237731,284.7263126413379,13512.537805976728,101.85677419663693,385.22779776247086
MCL-Lando,1,2000.0,-56.31114594729852,41.493391257357274,277.2195338902218,13698.469245752356,102.81768257171244,383.88382785132046
MCL-Lando,1,2010.0,-57.476518797249916,40.8481995129678,283.5559054880561,13667.96201395594,100.9251623715827,402.26821283432736
MCL-Lando,1,2020.0,-57.49618317046077,41.178870124581856,277.01745728725683,13642.079200485607,101.0627697839559,390.7631415853289
MCL-Lando,1,2030.0,-58.602603517284415,40.04997998944501,282.42674456662854,13329.663607595503,100.56108143592873,418.1916645059226
MCL-Lando,1,2040.0,-59.50153473898568,40.37365578098153,281.3312463214264,13413.969538422658,102.71759561757328,383.57778520471265
MCL-Lando,1,2050.0,-60.59799162531402,39.428493959087675,282.0006039256544,13332.258150966481,101.64173838290243,414.15983001297377
MCL-Lando,1,2060.0,-61.84560061125471,39.60869356553522,278.70712437236426,13432.338915151302,102.40249495757995,396.1933002839458
MCL-Lando,1,2070.0,-62.56257602411064,39.63862368583291,281.53396648968226,13550.194531053612,101.69618579537763,396.6600801972723
MCL-Lando,1,2080.0,-62.7808367219676,38.35022232401701,279.2212951224522,13311.39169581271,102.43509329058787,412.0233003456719
MCL-Lando,1,2090.0,-64.17843686892729,38.91064940355771,283.73397804027707,13690.53337433679,102.52524582416906,401.57071476443076
MCL-Lando,1,2100.0,-64.85781553270724,37.949909966121346,279.7384987691778,13385.265846944785,101.94993313281891,395.8396292034422
MCL-Lando,1,2110.0,-65.1314607771882,37.91234934739928,278.71544060847935,13358.594117563594,102.34734916617957,382.2206198846979
MCL-Lando,1,2120.0,-66.47704166608288,36.95364301725634,278.0219122270251,13518.046506418226,101.94689297393792,386.1654826281277
MCL-Lando,1,2130.0,-66.85570116887,37.23668552678736,279.83662504949945,13540.836405580085,101.98106282881461,383.0106504764325
MCL-Lando,1,2140.0,-67.71071945049619,36.918962990707534,280.93721525108674,13519.156390303635,102.90583128569023,419.01234568524853
MCL-Lando,1,2150.0,-68.45496513726806,35.80237940936173,280.1249277107368,13501.440653200212,100.60478787688076,410.05353050214666
MCL-Lando,1,2160.0,-69.39478934939368,35.73454221494485,278.8446883240854,13600.14718119667,102.61157682192845,382.2011087481858
MCL-Lando,1,2170.0,-70.79809992144826,35.897235742319026,284.1467735650853,13411.764276330823,103.23102274133684,389.18124463040846
MCL-Lando,1,2180.0,-70.93386151903584,35.58981835987563,276.92646705951626,13549.582250127836,101.72458327724011,408.27343664491457
MCL-Lando,1,2190.0,-71.6707520591376,34.60226179310939,277.6154302093181,13457.159707069386,102.24841405312256,411.7284514539543
MCL-Lando,1,2200.0,-72.8518440280494,34.19540776471217,279.61698650894823,13480.19302696006,103.20114976243475,399.51180318738614
MCL-Lando,1,2210.0,-73.11719845435296,34.17698574671753,277.77708356299587,13437.17337281653,100.72336890059847,412.6093935217793
MCL-Lando,1,2220.0,-73.78362362310618,33.757671187026794,278.8466490651943,13629.110124658306,103.36714886771769,394.61523183210306
MCL-Lando,1,2230.0,-74.90619343820195,33.25541685176846,275.269598804588,13331.7836342948,100.78347239779575,405.10385853669203
MCL-Lando,1,2240.0,-75.3629993803601,33.22710477597884,284.58816238146636,13670.352475748545,102.17395840276286,407.79759606482145
MCL-Lando,1,2250.0,-76.24646198615667,32.769220783719845,281.61303751562843,13513.869550361114,102.76465786921389,405.8568435244166
MCL-Lando,1,2260.0,-76.53679453308412,31.810283413086122,277.76798221796173,13521.656508337888,100.69840775585698,409.8170907415752
MCL-Lando,1,2270.0,-77.38853790789678,31.81640557111609,281.36573976028006,13425.596909419111,103.16251240518109,405.7652676556577
MCL-Lando,1,2280.0,-78.77871064597134,31.611414704004684,276.75545813660784,13692.765432961463,101.56442592281635,387.2937425241587
MCL-Lando,1,2290.0,-79.37515080176733,30.925512611118382,283.41890869419296,13484.617524484494,103.24694914361875,412.32460488368156
MCL-Lando,1,2300.0,-79.29453970788427,30.218229782741165,282.6716644509958,13688.82116422183,100.69321867525376,380.7038683352492
MCL-Lando,1,2310.0,-80.75874815371964,29.986698110035817,283.2726003781222,13522.05331998377,101.82789098237488,404.8618100940352
MCL-Lando,1,2320.0,-81.1146917513466,29.722469837165484,275.8527887638511,13604.178803215833,103.49676067843632,411.469303289683
MCL-Lando,1,2330.0,-81.41467823287942,28.638117133111297,277.87542085529304,13649.178141421677,103.09153625700993,384.34826953585826
MCL-Lando,1,2340.0,-82.25046899410991,28.670353113193986,275.09591582527327,13668.51621532157,103.32824736366503,384.78670263654834
MCL-Lando,1,2350.0,-83.13919456239714,28.389678657089743,278.7240474624991,13588.76210494765,102.66726144995457,402.22740935565287
MCL-Lando,1,2360.0,-83.76140038728488,27.51968151389267,275.1729684662203,13520.32965827369,101.3474289591795,403.205684262155
MCL-Lando,1,2370.0,-83.61328983909945,27.1311151974569,276.25388468535346,13604.016515590043,100.67283293978117,399.3719277978427
MCL-Lando,1,2380.0,-84.85469802512505,27.125093804923466,277.0788110228588,13301.646622719652,101.80482471673375,394.6967371044766
MCL-Lando,1,2390.0,-85.32090160106068,26.348673968498463,280.4981481406311,13437.609362623736,102.392518067334,394.29785759402546
MCL-Lando,1,2400.0,-85.23741242719528,25.337744885864385,279.55197855623845,13616.026567868512,101.1927710488437,413.23719234248654
MCL-Lando,1,2410.0,-86.59707774832235,24.85661618642,279.7574055969502,13603.696025875794,102.00470986901804,398.31510061961916
MCL-Lando,1,2420.0,-86.6173120992819,24.911078139407657,275.22694052798454,13341.317082529315,100.83126242669994,386.5260182657612
MCL-Lando,1,2430.0,-87.64771734327131,24.496386362359793,280.2963906425228,13476.0781792645,101.59674645763151,392.4320995954906
MCL-Lando,1,2440.0,-88.29993650041537,24.370675418851597,283.6655601947563,13687.937381891497,103.1038776130402,384.18412693657683
MCL-Lando,1,2450.0,-88.09318524862574,23.07606982564724,278.0335991779532,13493.484408554381,102.86234793194552,386.2554530441904
MCL-Lando,1,2460.0,-88.63064092989023,22.462136338333327,284.5521067838951,13553.812487498879,101.76145230611526,393.34689473369525
MCL-Lando,1,2470.0,-88.95605972335488,22.41834551664545,279.1415142888812,13558.585488127372,102.32685009035848,411.0899923774023
MCL-Lando,1,2480.0,-89.96373252316273,22.104751168499394,279.96683445826653,13656.716161762857,102.02124394833199,395.5721300340909
MCL-Lando,1,2490.0,-90.14215673165502,21.871100934450627,282.2887404871928,13553.863009049455,100.6809994936748,391.50803966262527
MCL-Lando,1,2500.0,-90.46092401389419,20.530536088374383,282.5906133411254,13681.648216694024,102.89619663157065,414.4577136329549
MCL-Lando,1,2510.0,-91.11484803208504,20.736532589413276,283.5056592434653,13515.093507382766,100.51904648562352,414.66086634429683
MCL-Lando,1,2520.0,-91.73950479694255,20.435454325708214,278.257447542053,13575.482709647542,101.11771599081015,400.0557006415264
MCL-Lando,1,2530.0,-92.53765663635453,19.438375902988213,280.2065062633666,13659.224626491026,101.04211023372865,395.7988140527006
MCL-Lando,1,2540.0,-92.5001623013653,19.366162313373525,278.9990641131773,13611.640292748296,101.72972928530416,408.0814839086593
MCL-Lando,1,2550.0,-92.7894614119538,18.09740395035791,284.72941194440034,13558.493352624473,103.080281929864,408.2193230804449
MCL-Lando,1,2560.0,-93.64004582389379,18.385771153733327,277.81105122168447,13697.721793245457,102.56178760120548,381.4610585109966
MCL-Lando,1,2570.0,-93.43291780089353,17.94848819741714,284.939056026167,13372.408084855097,103.19101817050336,391.47237627054056
MCL-Lando,1,2580.0,-94.53406009397472,16.613357064013005,278.1962301977236,13502.679041696787,102.70287951115512,393.1398098493908
MCL-Lando,1,2580.0,-94.53406009397472,16.613357064013005,278.1962301977236,13502.679041696787,102.70287951115512,393.1398098493908
MCL-Lando,1,2590.0,-94.53328773422538,16.93538618472881,283.33564763678424,13630.434597051786,100.55543513893218,381.3535124612127
MCL-Lando,1,2600.0,-94.85892107944224,15.772202836819812,275.8201443822739,13627.10111902207,102.34362587448489,395.00873778295227
MCL-Lando,1,2610.0,-94.64789147536914,15.059464654821728,283.01490103568,13551.428570394373,102.58291287687318,399.1439922625573
MCL-Lando,1,2620.0,-95.12159061264155,15.376614946241832,284.6403212823918,13490.953444675335,101.45176907892457,392.18302978420206
MCL-Lando,1,2630.0,-95.3868768658726,14.089804676051251,281.51608678926493,13483.5084353714,101.46493984182574,405.21258281135897
MCL-Lando,1,2640.0,-96.26947326210988,13.948338589207557,280.41349728771974,13345.521303631476,101.30859455886822,408.3621201712137
MCL-Lando,1,2650.0,-96.16538453192126,13.454418300539416,275.19243579553745,13433.376516170882,102.62840135171834,407.22868670637996
MCL-Lando,1,2660.0,-96.50287404736795,13.070564335133643,283.69924184112773,13556.763326368824,103.38269485487477,394.05855985676067
MCL-Lando,1,2670.0,-96.61570557315162,11.901498911038699,276.6878597825766,13474.468563681932,103.17798583152333,389.4799021804027
MCL-Lando,1,2680.0,-97.26283787030282,12.197479679511634,279.9290770746857,13445.670809752995,101.28866408810549,403.4177454781658
MCL-Lando,1,2690.0,-97.78029416210532,11.564953048800042,275.56077301714396,13560.80819485817,102.6164341918019,409.4258561586647
MCL-Lando,1,2700.0,-97.17627896176674,11.001150810162962,282.3081840234193,13665.122479301563,100.68125125852733,398.9585443047108
MCL-Lando,1,2710.0,-98.08122409233312,10.27804440581298,282.06504631697777,13657.426045396294,102.4806999949226,387.86621298333023
MCL-Lando,1,2720.0,-98.43198024704789,9.521964927324024,278.2773318969642,13309.431958722198,100.84506960595476,399.7891585658872
MCL-Lando,1,2730.0,-98.07748235655242,9.039904515061167,280.42182034685953,13651.952943285245,102.46085563197666,382.4211880082607
MCL-Lando,1,2740.0,-98.40898587021249,9.064749329678477,282.83263280609424,13425.707267076834,102.27361989068068,412.9020921290388
MCL-Lando,1,2750.0,-98.52691849557225,8.373626255651237,277.48142864284307,13425.067710293037,102.74087785577863,416.8422113564687
MCL-Lando,1,2760.0,-99.28287330911893,7.583008002716186,278.2838298429265,13660.374138744608,101.76545717991043,418.26873720240053
MCL-Lando,1,2770.0,-98.98733318673082,6.868925810806464,275.24577683396126,13570.331491618692,101.02319144667844,417.6808236944122
MCL-Lando,1,2780.0,-99.09964928048973,6.1616967592034975,278.4181573721086,13576.992335857058,100.92114509055678,410.1698695122883
MCL-Lando,1,2790.0,-98.83065886907475,5.544975767489457,279.28313813353543,13397.457011877053,101.60879585284854,405.77117800218343
MCL-Lando,1,2800.0,-99.08010189731452,5.369649632880359,281.5855841297186,13412.15038075308,101.73815654676903,404.1371222018401
MCL-Lando,1,2810.0,-99.92101449430841,4.643430482462331,281.95330055379327,13595.545484574865,102.55833454763459,390.29670646162486
MCL-Lando,1,2820.0,-99.70822021261378,4.194225136587416,284.37219626472006,13606.070579067666,102.08071204091667,381.25518441146403
MCL-Lando,1,2830.0,-99.32755161131969,3.3354134091387118,283.17958239177597,13494.101999601475,102.05121528605595,382.9191166871153
MCL-Lando,1,2840.0,-100.0984031020755,2.7597476355716735,283.6308444296508,13616.33615104303,100.61162853996541,387.1997857427941
MCL-Lando,1,2850.0,-99.41569194375344,2.353146601085058,284.1171532956941,13462.949180480064,102.81196889114959,405.66749722832816
MCL-Lando,1,2860.0,-100.26412321204158,2.264037651665739,277.52857544137,13337.527470782607,100.70106720116088,414.0509192760577
MCL-Lando,1,2870.0,-99.92532621728212,1.2983797093343135,284.5724141884699,13451.854591240355,101.88900718293608,398.9151292104785
MCL-Lando,1,2880.0,-99.66113647748088,0.8819419572985735,282.6757252149274,13409.5351273648,101.11336132776056,396.57705714897253
MCL-Lando,1,2890.0,-100.46615613061475,0.7695492916250448,283.5229738336421,13374.61613632423,101.69207098802372,413.54705357545396
MCL-Lando,1,2900.0,-100.10549658326303,-0.4140785713735847,275.8903733446962,13396.178830102113,102.49487792754526,398.10964686423006
MCL-Lando,1,2910.0,-99.66575247299703,-0.2914619766506221,280.0819968866536,13498.14455528309,102.29410261090439,382.64193466991804
MCL-Lando,1,2920.0,-100.00689202350428,-1.403803362450466,284.4974308660056,13377.50531190928,102.23016275628328,410.1988700641344
MCL-Lando,1,2930.0,-99.89711626643387,-1.1268758168838162,276.47889745353154,13485.953463510368,103.11554600276301,388.4828200169412
MCL-Lando,1,2940.0,-99.93378159409076,-2.456853567549689,275.2358590448641,13403.899171064344,102.92434864927891,398.3962363794464
MCL-Lando,1,2950.0,-100.23771267905026,-2.287156143825052,279.41270151799245,13646.739899038834,101.10243226839393,409.83870315590536
MCL-Lando,1,2960.0,-99.87555193956956,-3.7401237426352987,281.1143791983514,13506.064833181435,101.7937222419973,394.8655145060939
MCL-Lando,1,2960.0,-99.87555193956956,-3.7401237426352987,281.1143791983514,13506.064833181435,101.7937222419973,394.8655145060939
MCL-Lando,1,2970.0,-100.198728298126,-3.848734394027192,284.1991443411908,13316.584782369924,101.32178737234773,412.97951347983536
MCL-Lando,1,2980.0,-99.95953464473551,-4.737918721911527,279.8995804703252,13629.000996435083,101.56499971980583,398.1463008052569
MCL-Lando,1,2990.0,-99.5400821196579,-4.939869080934019,281.5030693471015,13684.189580972788,101.61142118842,394.21494471635026
MCL-Lando,1,2990.0,-99.5400821196579,-4.939869080934019,281.5030693471015,13684.189580972788,101.61142118842,394.21494471635026
MCL-Lando,1,3000.0,-99.30741147205755,-5.120770150323204,114.14957044770867,10192.648407321774,101.73980704548224,805.1348755527492
MCL-Lando,1,3010.0,-99.5860112332213,-6.22741089281763,116.43225884547772,10642.87010098547,101.87146176765472,852.8218361927966
MCL-Lando,1,3020.0,-99.47241887392951,-6.0741405025295405,126.8182182674723,10709.117973983439,102.82485681809989,851.5251279856041
MCL-Lando,1,3030.0,-99.091827005818,-7.446969019117548,127.81487722918348,10688.432686046543,100.82150573309008,812.7395653226946
MCL-Lando,1,3040.0,-98.91520255757311,-7.532140201715751,123.96717620506918,10624.05635383591,102.35703228681938,841.4149513646947
MCL-Lando,1,3050.0,-98.90682424680074,-7.8959443632674935,122.27017380170005,10802.853571092282,100.63662314271335,853.6042003928064
MCL-Lando,1,3060.0,-98.27747883296534,-8.80697832071927,125.36838233675901,10406.853450200404,101.25437204863088,819.0767244425425
MCL-Lando,1,3070.0,-98.74355626250004,-9.088686100904697,112.6154829137179,10190.744710947927,101.73170054106332,823.7259977056497
MCL-Lando,1,3080.0,-97.8844052066409,-10.131863978036847,120.65931102726343,10711.3383352837,103.22498399196475,884.674741521384
MCL-Lando,1,3090.0,-97.42487953794729,-10.339802237334839,115.09224942357262,10128.238898868492,102.88836643331244,816.7619271948365
MCL-Lando,1,3100.0,-97.17501928164936,-10.81162518159067,112.19483805799725,10363.564354553031,103.4395934934526,823.2428974270232
MCL-Lando,1,3100.0,-97.17501928164936,-10.81162518159067,112.19483805799725,10363.564354553031,103.4395934934526,823.2428974270232
MCL-Lando,1,3110.0,-97.60590228059155,-11.010069317591189,122.60844767796188,10111.484004504011,101.99295827110433,813.5748448970926
MCL-Lando,1,3120.0,-96.90643578459292,-11.806123888845377,120.1675114237663,10130.180757457656,103.33511332731923,890.1442485730938
MCL-Lando,1,3130.0,-96.51325361168885,-12.006885341870529,124.7358799086332,10173.280727227528,102.93154194549655,883.7457934303274
MCL-Lando,1,3140.0,-96.78352098890248,-13.254660760436883,115.42293399573103,10738.814765649602,100.70741218175559,826.7885369964595
MCL-Lando,1,3150.0,-96.14628658000754,-13.732286959540293,113.89755266547152,10146.76697293305,101.59012572273011,814.3388957649848
MCL-Lando,1,3160.0,-96.02650296888379,-13.806346445035798,122.9588194709309,10482.42761477957,101.31756381564372,832.0016991451873
MCL-Lando,1,3170.0,-95.82255801187186,-14.13482117359715,123.7001673595615,10799.322466032521,102.05764353034402,878.5340785728984
MCL-Lando,1,3180.0,-95.85752137818963,-14.853291963407802,114.93728393130388,10864.775847722554,102.67387034845858,846.0882743698533
MCL-Lando,1,3190.0,-95.44439083856513,-15.433130195525546,125.75718135497291,10605.790249921763,103.320518996802,852.8878041538841
MCL-Lando,1,3200.0,-95.13616073421893,-16.29924749228449,121.12026583166809,10275.055724898875,101.74531825970242,853.8194687883024
MCL-Lando,1,3210.0,-94.69518848166825,-16.19672095066993,112.16549892143797,10170.15521266992,102.01287268352804,830.3516847870254
MCL-Lando,1,3220.0,-94.43197288446973,-17.304860791893812,120.80969953819336,10223.349763254431,101.49240079896934,850.9647020210733
MCL-Lando,1,3230.0,-93.62139596810056,-17.42884394189072,117.83545861521307,10548.331425705821,100.88200203412077,843.4059977511781
MCL-Lando,1,3230.0,-93.62139596810056,-17.42884394189072,117.83545861521307,10548.331425705821,100.88200203412077,843.4059977511781
MCL-Lando,1,3240.0,-93.24065610113308,-18.05228671476197,119.65486371434936,10443.333682965758,101.97623865477566,824.219959082478
MCL-Lando,1,3250.0,-92.89954192836501,-18.11541209868406,120.73837015710347,10172.360657988345,102.00143137781512,824.6874623122873
MCL-Lando,1,3260.0,-92.40325833759665,-18.916961128301153,122.88038706566208,10304.912814407031,103.24654449719814,896.455224534085
MCL-Lando,1,3270.0,-91.74015307358334,-19.734255746854547,114.92836732232256,10646.718367081994,101.3758601401087,876.8466331827843
MCL-Lando,1,3280.0,-92.04371664717499,-20.406105228859012,125.02835616192839,10418.704210435493,103.1777107797608,882.6175294851482
MCL-Lando,1,3290.0,-91.23434132099383,-20.75109592300142,117.90473681401228,10686.791739655508,103.35107922345243,819.3963629253918
MCL-Lando,1,3300.0,-90.73256880940168,-21.458041863681448,124.30403302541771,10464.3245584713,101.7735702105609,843.5360835841393
MCL-Lando,1,3310.0,-90.16531105595855,-21.597092770007286,118.86929760176572,10480.043505032432,102.89597347672196,889.3925014532481
MCL-Lando,1,3320.0,-90.31695169457194,-22.105495097466,112.04812077534662,10510.277589916057,103.45711276832124,805.0544559596872
MCL-Lando,1,3330.0,-89.59210299581802,-22.149317670566546,120.78025549860646,10816.483591168833,102.01757119556315,847.9880950763732
MCL-Lando,1,3340.0,-88.59700528170363,-22.89508734496613,122.52503941344719,10801.87028189855,101.14427758678124,870.017371366411
MCL-Lando,1,3350.0,-87.96330082776673,-23.581002079269204,113.07004962954619,10500.457089065572,102.50030797060644,851.976839361488
MCL-Lando,1,3360.0,-87.91093561549535,-24.179911221286613,118.86114482047898,10292.757867481196,101.30651861837411,819.7280204353161
MCL-Lando,1,3370.0,-86.94476644388632,-24.415900510054474,124.0785809034706,10137.1560365533,103.46882312900945,831.3642270836018
MCL-Lando,1,3380.0,-86.34029685301498,-25.157188061463536,115.87398181719065,10816.683130439307,102.51204159817715,820.5662434331805
MCL-Lando,1,3390.0,-86.38491985203922,-24.85704832855753,124.8195418283574,10547.588491719578,102.36326794809791,847.192620677318
MCL-Lando,1,3400.0,-85.75006314561004,-25.515137539070167,121.30573804891024,10341.751007743125,102.25318929101142,872.2314313150556
MCL-Lando,1,3410.0,-85.5577888192052,-26.44969877927791,126.41950365395249,10667.443236312594,101.53337870059784,856.5397623098764
MCL-Lando,1,3420.0,-84.66686882649749,-26.897262865802805,124.78738494693286,10173.628540125661,102.54053391240967,857.590410661242
MCL-Lando,1,3430.0,-84.1099847791598,-27.494310365291184,112.00504788458049,10880.341466901755,103.30165507992513,877.7667864325222
MCL-Lando,1,3440.0,-83.20146842374174,-27.24341862184778,122.913132350281,10615.975256492975,101.15611438274294,803.0520719193141
MCL-Lando,1,3450.0,-83.17744109906087,-27.791145015006048,120.7730298704576,10864.961040278175,101.8481936561272,848.5557069365317
MCL-Lando,1,3460.0,-81.70785768547131,-28.875289157132336,120.69635351427439,10773.427003754172,102.53416618022725,814.6068139725361
MCL-Lando,1,3470.0,-81.26706035776851,-29.124496719570963,122.6748964264959,10739.735730541288,100.88753266783077,833.4465535543716
MCL-Lando,1,3480.0,-81.29149252443985,-29.86527456543564,113.15770852082409,10684.320061870241,102.07357190095607,814.9210487914672
MCL-Lando,1,3490.0,-80.71443286179901,-30.142130422092063,121.17422731846693,10602.051852224078,102.95498291185447,863.5663733472202
MCL-Lando,1,3500.0,-79.56907756624074,-29.83031624503249,120.20985659145306,10302.831478521912,102.68152535806674,836.0310380457983
MCL-Lando,1,3510.0,-78.76643838836144,-30.61179170301903,115.16231802946699,10212.744387435545,102.7412470485649,831.4093785570244
MCL-Lando,1,3520.0,-78.18883440586443,-31.350318167317432,124.08189361567754,10676.181536097803,101.76995908170262,872.5234223122409
MCL-Lando,1,3530.0,-77.98480586660222,-31.89537443387464,126.19716611296653,10294.962325173887,102.63093312270783,840.5056522976299
MCL-Lando,1,3540.0,-76.9309251549001,-32.05578932253178,124.8631259658241,10783.376959654282,102.45387733575,819.5060648847765
MCL-Lando,1,3550.0,-75.75084956699509,-32.093239963245765,116.65584344695593,10530.69377909935,101.82603347976016,862.4787450510377
MCL-Lando,1,3560.0,-75.92233475419091,-33.077651243317696,120.7929298669292,10186.17846573355,103.03926419481235,878.475552155078
MCL-Lando,1,3570.0,-74.79577100742961,-32.823153951295566,117.48654771433725,10735.331560406821,102.18613461643147,848.8877533989419
MCL-Lando,1,3580.0,-74.2071401657294,-33.95352073893888,115.52585250215182,10730.426663554284,100.6581950175313,866.9717906527558
MCL-Lando,1,3590.0,-72.90355102820266,-33.71301810517601,112.51613813886325,10897.766342683748,102.21264763706031,876.7100802780374
MCL-Lando,1,3600.0,-72.14372493201239,-34.387483204791664,282.1486522538726,13626.862220888595,101.20016084814732,384.4625224142017
MCL-Lando,1,3610.0,-71.48914548287418,-34.489371169351394,280.8492396147187,13635.068829779138,102.55037111593708,403.1107671312853
MCL-Lando,1,3620.0,-70.80781151165742,-35.141387498704184,277.97691229810624,13309.697418290623,101.12683324574293,414.13961341836466
MCL-Lando,1,3630.0,-69.94389651314022,-35.34934929765796,276.0078030148892,13593.66344032824,101.46656715070868,388.8629213119679
MCL-Lando,1,3640.0,-69.13169442629115,-35.639595836814415,278.71078447949776,13555.564250624779,101.9738159563211,416.2666285574969
MCL-Lando,1,3650.0,-68.33819429069675,-36.37451418281463,280.12103422870257,13441.04325984941,101.02978347534409,404.02933392524017
MCL-Lando,1,3660.0,-68.39640590491298,-36.70469718687611,279.3562407442785,13581.115519919642,102.47750559955598,395.3846929613122
MCL-Lando,1,3670.0,-66.92162429895845,-36.73275396353755,282.9795334083556,13369.94899015368,101.20146416230135,387.4297827432134
MCL-Lando,1,3680.0,-66.04386574396528,-37.644300420919215,278.40631985555024,13546.901204522466,100.88770353133398,387.4450061214243
MCL-Lando,1,3690.0,-65.74712551084765,-37.64367980224309,281.1138823047551,13303.821425054006,103.35206229241773,412.55963349843205
MCL-Lando,1,3700.0,-64.75104647161415,-38.56551566855185,282.3085645879058,13361.747534665297,101.62819534527007,388.69004691497713
MCL-Lando,1,3710.0,-63.453818350228886,-38.1750834426052,279.16567289304,13410.21832634729,101.73877172194459,409.5177261942077
MCL-Lando,1,3720.0,-62.631526662509486,-38.347287018903295,280.3657113554682,13419.120480049445,102.71850590067483,386.9340784621956
MCL-Lando,1,3730.0,-62.57668754476726,-38.887371542347054,284.3648245472238,13350.395612092267,102.7570845919445,391.7515012557228
MCL-Lando,1,3740.0,-61.467910956937445,-39.835042281641364,275.1867297991266,13580.317032127838,102.98808481707994,403.10280532103974
MCL-Lando,1,3750.0,-60.3915250367498,-40.21080397944877,280.0602127397429,13631.231598954993,103.43565293533695,387.25900644571175
MCL-Lando,1,3760.0,-59.49404016534695,-40.337951625917896,280.50957372681444,13380.827650368119,102.2641129185362,407.9232710698765
MCL-Lando,1,3770.0,-58.35096465213837,-40.37859700561202,283.01329285165025,13509.744051064088,102.8767096369315,403.6226564387653
MCL-Lando,1,3780.0,-58.047830647684854,-41.05886575474671,278.59993781018204,13502.374597876284,101.75744267071588,391.4232886430181
MCL-Lando,1,3790.0,-56.82824556770607,-40.95448983308587,280.0183607237592,13556.920869363807,102.60188471818164,392.40000173651197
MCL-Lando,1,3800.0,-55.933846224563496,-41.129314277722344,284.34769193005644,13682.748689858969,101.87818625534439,403.0261036476857
MCL-Lando,1,3810.0,-55.363328850313486,-41.49038623152901,284.1621719827406,13567.242166700633,102.09950865811236,410.6726479695514
MCL-Lando,1,3820.0,-54.38139065278521,-42.37523355258259,280.6314764322605,13572.439261208776,101.61182100012394,386.3788439320582
MCL-Lando,1,3830.0,-53.02334238407611,-42.12110790545629,276.14112859584196,13376.758943874182,102.93301198844993,382.73060849337355
MCL-Lando,1,3840.0,-52.53960126258034,-42.92250293122219,279.90905228703986,13567.751343388863,101.40552657764634,394.92557102235185
MCL-Lando,1,3850.0,-51.654472122464654,-42.8617508334942,279.4079793336702,13344.076176619914,101.64067013051614,388.1164132555003
MCL-Lando,1,3860.0,-50.872253029355456,-43.22957726813807,283.70650421376,13360.574220732768,101.43205149585599,382.508459602477
MCL-Lando,1,3870.0,-49.50812124377459,-43.80856424863526,283.6798216459089,13364.027154491943,102.98618613545044,390.61025857347136
MCL-Lando,1,3880.0,-48.270243356735776,-43.58432397057265,275.8366557741519,13362.514583428538,102.2633025680343,412.34086430290205
MCL-Lando,1,3890.0,-48.060547516423476,-44.226854054952966,282.4156184981353,13475.465979137509,102.09552881139159,419.3883142250959
MCL-Lando,1,3900.0,-46.36201159735249,-44.1815813421705,281.68816912846574,13667.414388753787,102.34996059117731,411.40931257005656
MCL-Lando,1,3910.0,-46.37035466301689,-44.29787489749314,276.1699035510687,13606.044805183317,100.9715055497948,384.81696648975947
MCL-Lando,1,3920.0,-45.347977344021004,-44.64361296709176,284.484156145641,13380.679378159834,103.0550973085129,396.47763642659
MCL-Lando,1,3930.0,-43.96863262369063,-45.00305750035711,281.1818700614992,13462.202497041962,102.38171615983501,385.5735620176806
MCL-Lando,1,3940.0,-42.65564680014512,-44.98645385931392,279.24269841060186,13536.390833886699,102.67447114536334,414.2892797094279
MCL-Lando,1,3950.0,-42.445423992586456,-44.98901992148886,279.5352249875707,13310.927409592601,101.5813880910422,412.1019859559291
MCL-Lando,1,3960.0,-40.91553485274624,-45.55961974553781,283.5043592125471,13664.129823819389,102.8671514962549,396.44347477450856
MCL-Lando,1,3970.0,-40.46817974079314,-45.90535433008544,283.55319584327106,13663.960576450216,101.44311085094442,412.49746734505777
MCL-Lando,1,3980.0,-38.52122504175176,-45.72972080456383,277.29638642368514,13699.490512609704,102.92094911934325,387.161810997243
MCL-Lando,1,3990.0,-38.250528810879025,-46.52896179966207,284.4161389129565,13645.04995780246,101.90474284471189,418.6632972139329
MCL-Lando,1,4000.0,-36.906383532688004,-46.11304998166661,276.91726499071973,13322.21309144615,101.1885345884592,416.87848974891455
MCL-Lando,1,4010.0,-35.50661228432638,-46.76497696763939,281.3524830090314,13689.216192583797,103.05803026045437,416.39251241443276
MCL-Lando,1,4020.0,-34.800624323025005,-47.17312835040416,280.111744379195,13679.001229933188,100.96884583982597,393.2466920248971
MCL-Lando,1,4030.0,-34.126095827686406,-47.206754933631814,278.77401969761445,13585.086021395548,103.06604380644754,416.16136179285553
MCL-Lando,1,4030.0,-34.126095827686406,-47.206754933631814,278.77401969761445,13585.086021395548,103.06604380644754,416.16136179285553
MCL-Lando,1,4040.0,-33.22158495529303,-47.012356490052795,277.17934199180286,13357.597859931693,103.18346491289543,406.29508254887077
MCL-Lando,1,4050.0,-32.37921281924125,-47.24091186772845,281.66795201677724,13667.360329181847,102.37409094935333,400.62164351517924
MCL-Lando,1,4060.0,-31.253666197241884,-47.09419712097837,283.70615598554997,13352.216854336193,100.95815480445971,408.65454088362054
MCL-Lando,1,4070.0,-29.931656791216312,-48.04798997896028,279.20254052115786,13312.944825985665,101.24195732762827,414.152728383635
MCL-Lando,1,4080.0,-29.291293404015306,-47.748285129182705,275.87557887208675,13416.14999373166,102.94157298714813,396.7559119138557
MCL-Lando,1,4090.0,-27.4116346829038,-48.30880010611367,279.3625883011519,13370.42035272652,102.45007448019953,394.1928824010162
MCL-Lando,1,4100.0,-27.12677483337417,-47.925310837409576,278.01729287878175,13414.888789527573,100.83350694637335,406.99503589782597
MCL-Lando,1,4110.0,-25.483077315451695,-48.75771084114934,279.6161024463804,13320.850576855024,100.89146814338788,408.9058030923519
MCL-Lando,1,4120.0,-24.87439026409045,-48.3530019864936,276.07548695767787,13451.17404162837,102.62926207684853,391.42984837374195
MCL-Lando,1,4130.0,-23.930196960868884,-49.020976902562225,276.878686540699,13530.541106782519,102.84338362493087,415.5600888667929
MCL-Lando,1,4140.0,-22.48404052862175,-48.25602775891773,279.05838933998496,13511.597899018732,100.74955471585636,418.97730170997943
MCL-Lando,1,4150.0,-21.489295696967087,-49.23590262497706,278.06767937967146,13398.49778729121,101.80768579321673,389.2269924572185
MCL-Lando,1,4160.0,-20.88175934476875,-49.199236252340896,277.971699774959,13529.423163550753,100.97623279179935,416.35012814568677
MCL-Lando,1,4170.0,-19.552208300902734,-49.179463293343204,280.20404511395446,13467.80355731284,103.16621318770784,395.61539779724626
MCL-Lando,1,4180.0,-18.758605270577387,-49.47392790834115,275.47523643350775,13511.496452970265,101.96624495936581,399.70589068886414
MCL-Lando,1,4190.0,-17.595978843158882,-49.26638805185318,280.14511494905565,13398.819871058487,102.30558171339368,382.2732861527666
MCL-Lando,1,4200.0,-15.917910002447323,-49.421809997453835,279.54983625209456,13543.492282495308,102.34106670187302,417.7636931289985
MCL-Lando,1,4210.0,-14.891955161180949,-49.28022408949737,276.0863256653348,13677.797972759963,102.63402355198797,394.5032112840598
MCL-Lando,1,4220.0,-13.567013945178948,-49.28966785822672,283.3769343776555,13529.562593928042,102.39095248639038,413.9525063308888
MCL-Lando,1,4230.0,-12.869603946630814,-49.69482070703365,283.36482947653553,13365.22687419784,103.4885093021331,414.49435661542805
MCL-Lando,1,4240.0,-11.645795573337184,-49.60925557759792,277.2945198478124,13675.374185424093,102.84715308141404,385.84593568213575
MCL-Lando,1,4250.0,-10.560007683209639,-49.5521512887304,284.30488078236266,13618.957061783734,101.45677581181198,405.5477221297848
MCL-Lando,1,4260.0,-9.351706837133065,-49.596798330126354,280.13013137152353,13681.590158831012,102.3750764068491,405.52204820127145
MCL-Lando,1,4270.0,-8.883962169998597,-50.040978888563494,280.4122398659425,13398.480860307705,103.17392307198338,406.96245541277665
MCL-Lando,1,4280.0,-7.845536957501585,-49.687768720445,275.7783781169984,13679.47146610642,102.93599317506384,391.3071517238323
MCL-Lando,1,4290.0,-6.338194432664277,-50.203043450892636,278.56888071350926,13684.525935708505,102.05249248064521,413.38067844067757
MCL-Lando,1,4300.0,-4.98513689687023,-50.06651050456464,277.20353426469495,13674.723746106007,101.6035764551525,386.8442583308624
MCL-Lando,1,4310.0,-4.215961056997553,-49.577697837853236,282.65957004682434,13593.999363332614,102.7669357410159,382.28605843268565
MCL-Lando,1,4320.0,-3.404996630154596,-50.09491213097123,281.84833399390186,13670.075761148926,101.9730434044402,397.88552314415847
MCL-Lando,1,4330.0,-1.7785451576673434,-50.09337507698605,281.36182123397845,13546.891203254225,101.33937997000044,419.86447001264355
MCL-Lando,1,4340.0,-0.762001852046446,-50.386816985489844,283.2197998033215,13347.442080318677,102.5372760784746,404.98525651482504
MCL-Lando,1,4350.0,-0.4770409833246935,-50.13686422313556,279.44715117914234,13405.964245397005,103.02750380479522,415.5973221052543
MCL-Lando,1,4360.0,1.2260418400790187,-50.09171607082941,280.2940865773419,13641.901975377648,101.15504194565968,392.3295927910542
MCL-Lando,1,4370.0,1.91028830694002,-49.679840699969276,278.8425236706427,13580.388220512503,103.47675644730832,387.74238618214025
MCL-Lando,1,4380.0,3.424067196674129,-50.27316829209812,281.86898591086907,13677.769334836139,101.65547832517795,386.0634280314991
MCL-Lando,1,4390.0,4.067958357860266,-50.42792897287228,280.97559504953256,13622.593032003244,101.03127386895191,401.1046630068045
MCL-Lando,1,4400.0,5.464105906235708,-50.31072731496677,284.437031963771,13647.733076288177,102.83224086567135,402.34245414721886
MCL-Lando,1,4410.0,6.389257369421547,-50.32466654138377,282.34896540025835,13366.362244562333,102.99832743812473,384.505108698591
MCL-Lando,1,4420.0,7.993935626946752,-49.48111883654374,279.80782331523284,13430.103627631364,103.26685763059886,419.5227053773629
MCL-Lando,1,4430.0,9.134937024389547,-49.90516560585834,280.5771910560575,13574.92156525387,101.59611939838892,386.337873528697
MCL-Lando,1,4440.0,10.203692536540334,-50.12667266695935,284.3323259772868,13678.641439443676,100.92915907635245,404.89168146310186
MCL-Lando,1,4440.0,10.203692536540334,-50.12667266695935,284.3323259772868,13678.641439443676,100.92915907635245,404.89168146310186
MCL-Lando,1,4450.0,10.525997695113443,-50.04307913274935,282.296317022664,13458.337430658123,101.2816248643526,389.50207472439973
MCL-Lando,1,4460.0,11.823463684866121,-49.558696621133194,280.19912721039685,13330.440193807151,100.66869551218393,418.6669633381854
MCL-Lando,1,4470.0,12.756735119842828,-49.999513466483144,281.6706030017733,13601.82372901976,102.91265208086138,397.9380865812708
MCL-Lando,1,4480.0,13.950330907687398,-49.77887093781212,276.4199887612619,13524.782148991451,102.64666662080332,411.2239902623547
MCL-Lando,1,4490.0,14.68792318060483,-49.4824823250441,281.6409802248922,13677.465937149133,100.52680541351876,391.2528082539025
MCL-Lando,1,4500.0,16.39542502112582,-49.816942411725755,276.64878470496546,13302.53937853749,100.71490433254313,395.7887937002671
MCL-Lando,1,4510.0,17.375617019052818,-49.696669034818655,281.89575231563003,13504.935023748363,100.86882151658533,416.20759923883753
MCL-Lando,1,4510.0,17.375617019052818,-49.696669034818655,281.89575231563003,13504.935023748363,100.86882151658533,416.20759923883753
MCL-Lando,1,4520.0,18.50431362796535,-48.97658242235405,280.1606032445059,13310.254143548487,100.57109299003426,400.1396424670311
MCL-Lando,1,4530.0,19.207462725884522,-49.008489088445394,282.272452206565,13357.79247746844,101.12198768921327,392.07544737877197
MCL-Lando,1,4540.0,20.340230105277982,-49.365566065001886,284.496785071753,13608.931306888002,100.5270484907419,412.4692062200313
MCL-Lando,1,4550.0,21.95821377003625,-49.3242645794608,284.53275786762134,13489.431691474867,103.22290889961911,392.9398057864212
MCL-Lando,1,4560.0,22.53507293848638,-48.796978460888276,279.8300788793335,13386.94612312213,102.12075410631212,381.9203768173651
MCL-Lando,1,4570.0,23.928831680625898,-48.257703105971814,277.8425684595663,13504.252747325458,102.5899920377975,410.4710924070979
MCL-Lando,1,4580.0,25.095153501777453,-48.15701852301054,283.1072382898582,13630.526184965658,101.31051510131161,380.9398290487426
MCL-Lando,1,4590.0,25.50910031573971,-48.77653803762186,279.7363160458828,13647.714730710386,101.76244396278732,383.461250259161
MCL-Lando,1,4600.0,27.070526051326897,-47.88298558693964,280.3221612215073,13443.086449265553,103.09165667253353,395.2989566596501
MCL-Lando,1,4610.0,27.694358732563153,-48.51346487449672,281.7089933955968,13515.952792512813,100.55961721805924,409.02762928462795
MCL-Lando,1,4620.0,28.341582828489493,-47.56284739022397,278.81569597696165,13457.288397291262,103.18634992971913,394.47465303201346
MCL-Lando,1,4630.0,29.923799729807932,-47.80257996870736,279.24183490428527,13569.472047685416,102.59121568959576,392.40636105079335
MCL-Lando,1,4640.0,30.572715387098285,-47.67430139660878,282.42729021338164,13464.701153126998,100.55634993458794,382.54785983273257
MCL-Lando,1,4650.0,31.509419123184838,-47.64961935540609,276.6663705006049,13534.353657534395,102.4642538106327,412.9608770070919
MCL-Lando,1,4660.0,33.445306544414144,-47.297885667569446,279.8050762616471,13312.804018775887,100.52726714641199,394.3229512099754
MCL-Lando,1,4670.0,33.83613162792256,-47.39703709598274,279.92560157752666,13657.037243809016,101.40647978651765,414.90631156547477
MCL-Lando,1,4680.0,34.9086912255493,-47.142944726412175,278.4044906576682,13569.227871296198,102.18905577662359,382.49732459632327
MCL-Lando,1,4690.0,35.92652293954888,-46.902283809372655,282.54646011921534,13670.600988716575,102.72691614337475,417.0615885448635
MCL-Lando,1,4700.0,37.34164402997807,-46.15035454816506,279.3835967358342,13393.479446787542,101.1523446767002,405.8136705937514
MCL-Lando,1,4710.0,37.57340410903659,-46.69991439677299,279.3629183800431,13586.9197188287,100.98845869347687,397.21819940970704
MCL-Lando,1,4720.0,38.53889880046845,-45.72041791965331,278.4513010872181,13525.717146321636,103.34205224469379,418.14017800107604
MCL-Lando,1,4730.0,39.65750096702654,-46.101735187346456,275.11914273522876,13600.89437860127,102.36572730538477,416.21823415749304
MCL-Lando,1,4740.0,40.78656691497156,-45.16680982652217,276.5952893943323,13420.37152543799,101.47851050371384,394.8416566432212
MCL-Lando,1,4750.0,41.588613633964904,-45.299249325318975,279.04852103178894,13321.103140246292,102.79937821986394,401.3091875571687
MCL-Lando,1,4760.0,43.10022186458925,-45.07761901769345,278.76990116579435,13317.731303477609,101.21247823778266,416.7528091766109
MCL-Lando,1,4770.0,43.51728078363804,-44.729950008153864,281.8857226360771,13686.929015870033,100.65954653148351,409.010981227754
MCL-Lando,1,4780.0,44.9252523836799,-44.72615499653556,278.0032268524801,13352.56969077323,101.164038535248,395.9382227569551
MCL-Lando,1,4790.0,45.85021283619279,-44.06185185889136,280.21687556080235,13411.33549620799,103.00674518661496,413.3565354705978
MCL-Lando,1,4790.0,45.85021283619279,-44.06185185889136,280.21687556080235,13411.33549620799,103.00674518661496,413.3565354705978
MCL-Lando,1,4800.0,46.7459443198593,-44.58936783924771,118.45896010024272,10374.11211322491,102.50088144012334,820.637767604992
MCL-Lando,1,4810.0,47.6473842217018,-44.06609813016369,116.57249964892615,10365.833786615254,102.30654312181179,844.4707188153664
MCL-Lando,1,4820.0,48.48967398277303,-43.21562765935889,127.82132518226697,10310.03232951184,101.54810627895996,817.6368638374348
MCL-Lando,1,4830.0,49.826190527861066,-43.312180664548336,119.83284224444725,10472.162909401688,100.68817701819484,810.0886394719225
MCL-Lando,1,4840.0,50.258783271699556,-42.87509624451387,120.16670260208211,10311.852482289229,101.26382218862506,824.5792477218185
MCL-Lando,1,4850.0,51.54455370316963,-42.569616646847216,119.45261717133772,10759.954871025402,102.63995822673014,827.2612195132135
MCL-Lando,1,4860.0,52.24608559267071,-42.151786624329326,127.33193256386855,10354.357357550502,103.21446278609655,832.1743914793763
MCL-Lando,1,4870.0,53.66079022018017,-42.46762184085697,123.12066463508697,10884.676746319,103.09857024492038,887.1336662392206
MCL-Lando,1,4880.0,54.549376076895584,-41.65026451183802,113.69752192189588,10299.889797580981,101.78800814713318,811.8726796103435
MCL-Lando,1,4890.0,55.02679952518933,-41.98970931766201,118.95941096409484,10146.71662463722,103.10069370408671,899.2710832989462
MCL-Lando,1,4900.0,56.0589587519899,-41.27579914382666,113.49766956145463,10305.147409295416,101.79113859049711,826.6959813635304
MCL-Lando,1,4910.0,56.52006561209274,-40.97410420011297,114.00890481394386,10144.788504422917,102.58594124469091,826.2072555120502
MCL-Lando,1,4920.0,58.1250960429109,-40.40698333652164,118.27645915231946,10346.737487222814,103.19271016917075,835.6664824300501
MCL-Lando,1,4930.0,58.73266603028704,-40.5564184971343,117.28662576616932,10144.045790916916,101.8734283464497,849.060845743756
MCL-Lando,1,4940.0,59.21401967644949,-40.330050040067526,120.92443213673232,10808.873954010622,101.51180196889055,826.6798306916914
MCL-Lando,1,4950.0,60.58926010956549,-40.19963341097232,124.85109647890718,10820.102144172826,100.60088773271508,879.063581964927
MCL-Lando,1,4960.0,61.795595994487726,-39.71060293426784,122.30310887420625,10405.078795758043,101.59557392229397,833.5774252660495
MCL-Lando,1,4960.0,61.795595994487726,-39.71060293426784,122.30310887420625,10405.078795758043,101.59557392229397,833.5774252660495
MCL-Lando,1,4970.0,62.548634727652946,-39.34045007799256,113.02835267748954,10323.939020742284,102.08847079462063,832.5616688286719
MCL-Lando,1,4980.0,62.632096483514474,-38.44928502417943,117.2726046805143,10670.969884653301,101.4417603719021,867.3769152688942
MCL-Lando,1,4990.0,63.90776205216641,-38.46586191211056,124.73722926300528,10351.433266729044,100.75703793476734,815.4900715540984
MCL-Lando,1,5000.0,64.63440096337777,-37.94115858690002,114.97389614954415,10118.053132785475,101.02892127236603,883.9893852148563
MCL-Lando,1,5010.0,65.80214604499926,-37.41881533800894,120.54314041561884,10393.731438156943,102.72893866350451,887.6784426405102
MCL-Lando,1,5020.0,66.06895928908017,-37.56545130585618,127.53087209221925,10691.192097003503,102.33564459671311,832.4322986929529
MCL-Lando,1,5030.0,67.39853390808435,-36.57536353107649,116.83260585061083,10161.4071346536,101.09581002080277,807.1225310823272
MCL-Lando,1,5040.0,68.35470847491318,-36.8632634571341,124.07260790753149,10201.73330180541,102.67316936029097,870.3244496657896
MCL-Lando,1,5050.0,69.19904385651958,-35.86322012220969,116.48156546663434,10384.613599779186,102.30705791811164,886.3592957447253
MCL-Lando,1,5060.0,69.70566422462878,-35.61790077405883,124.61814633648224,10359.98612557545,100.5909331608,885.9454730925908
MCL-Lando,1,5070.0,70.62178588591476,-35.86703192568767,120.46832889494166,10171.106234999217,102.72833776550571,809.1172358918673
MCL-Lando,1,5080.0,71.04810104100957,-34.78278201049585,113.0434100179698,10842.6095398314,100.98187797393423,873.3340922487852
MCL-Lando,1,5090.0,71.72624020285421,-35.27482639566716,123.3042517754811,10622.311881832675,999.0,855.1985202152146
MCL-Lando,1,5100.0,72.10768719967164,-33.916865301339826,125.63239531438838,10743.663314518528,101.19443299957216,829.8656670219868
MCL-Lando,1,5110.0,72.8690831804419,-34.47034354365251,118.76758218294422,10874.290451499515,103.47563589853522,863.9429057920257
MCL-Lando,1,5120.0,73.7381897058772,-33.92639793342426,123.772321641666,10477.345370160903,101.17692433840446,885.6771057088976
MCL-Lando,1,5130.0,74.88779112720731,-32.82457077793368,120.29157591077646,10681.036669768582,100.86401006879262,881.9772437664325
MCL-Lando,1,5140.0,75.38505091371485,-32.590474442428985,112.07982051908247,10184.14435186273,101.17596103451461,823.6738694256435
MCL-Lando,1,5150.0,76.20281846886989,-32.75439577113954,112.98084329007139,10220.082788654985,103.2702737162473,888.3833444255829
MCL-Lando,1,5160.0,77.05037558623357,-31.582955435864488,123.49650985232485,10415.021840219086,101.0030713809298,888.3895753794388
MCL-Lando,1,5170.0,77.15305760137025,-32.025971175481565,127.45586561592361,10740.251723948773,102.6562272066993,834.9738416277443
MCL-Lando,1,5180.0,77.88333124603331,-30.65893207727091,117.03041137201781,10617.941171634999,102.49675775528505,884.0586847120835
MCL-Lando,1,5190.0,79.08393508644204,-31.001694046605753,120.39477009453847,10243.224856138804,101.93731417648144,833.2267398504848
MCL-Lando,1,5200.0,79.60738431555392,-30.685976293160373,112.62665205548677,10657.048567052518,102.49499373601472,897.4961174796866
MCL-Lando,1,5210.0,80.16517417914201,-29.863567162349966,121.70976597789955,10144.337986178396,100.87277387697274,894.3010088421404
MCL-Lando,1,5220.0,81.40017442903255,-29.857496342082054,115.35576128243142,10643.315981882646,103.38515632838748,844.4407085286514
MCL-Lando,1,5230.0,81.5391329189993,-28.55124336337253,114.24722109944538,10614.440871992138,103.20330879367144,827.9506825710281
MCL-Lando,1,5240.0,82.33980137158994,-28.072644869571324,120.49604068988567,10726.208425684092,101.23905499389085,847.2595881752197
MCL-Lando,1,5250.0,82.31366794576992,-27.64937218440389,114.52470368640004,10340.041148865866,101.63741054520575,832.984844992199
MCL-Lando,1,5260.0,82.89703235861074,-27.64683112556386,113.68844299282648,10551.512792191028,102.11715737442722,870.7514580153006
MCL-Lando,1,5270.0,83.49324443601299,-27.64981898194325,126.15140092433698,10722.722566565903,101.57298292852973,891.0505105535757
MCL-Lando,1,5280.0,84.99819787863527,-26.69759300749787,120.9390815277506,10539.809634756,100.97428818542697,856.9098467909745
MCL-Lando,1,5290.0,85.3583894076738,-26.344284220152986,126.00134769811967,10298.004181375618,999.0,863.8466277139179
MCL-Lando,1,5300.0,86.16929445896645,-26.13498256223963,121.14224528748193,10577.073630699644,101.67868042367486,822.7237673745637
MCL-Lando,1,5310.0,86.07276202194286,-25.185606313782746,125.83133066160232,10782.86650230076,100.67676886335256,850.4613649860845
MCL-Lando,1,5320.0,86.75315454503281,-24.38614501796122,121.81056606757286,10111.712746234974,101.50056927269922,844.6501829725951
MCL-Lando,1,5330.0,87.2154106338036,-24.71395605276211,114.24384280264586,10515.965345122117,102.93127580279605,817.2549068111485
MCL-Lando,1,5340.0,88.23270543645853,-23.640780686200277,118.5587058356377,10545.360489904406,103.36768072074328,891.0995524439736
MCL-Lando,1,5350.0,87.86859670019953,-23.193308207462994,125.87134013376438,10188.174588854841,100.62042111626141,855.6775844875307
MCL-Lando,1,5360.0,89.035469549109,-22.555756364153513,114.0725302678823,10630.552605602817,100.81351959668417,847.0898311137024
MCL-Lando,1,5370.0,89.76701907535212,-22.86588402587796,112.30243799744477,10427.881735130277,103.19821760682835,810.0814303679296
MCL-Lando,1,5380.0,90.02956828182646,-21.654217456437543,115.71038520614567,10677.326239884283,102.12686244879337,841.1677331653219
MCL-Lando,1,5390.0,90.60264002151389,-21.453579705982886,123.56026814608927,10669.616579687392,101.67322653729039,845.4271056834164
MCL-Lando,1,5390.0,90.60264002151389,-21.453579705982886,123.56026814608927,10669.616579687392,101.67322653729039,845.4271056834164
MCL-Lando,1,5400.0,90.92541735348628,-20.631153013392186,121.02750274380861,10525.26612340916,103.35618921719163,894.8886308494154
MCL-Lando,1,5410.0,91.64478204542343,-20.872150133885008,124.2100730546936,10239.233368003053,102.4118209597689,862.5518068812474
MCL-Lando,1,5420.0,91.47607238204337,-19.851298595691667,118.31742049407254,10179.971324129529,102.64785955374884,887.0067854702842
MCL-Lando,1,5430.0,92.32240166563165,-19.55251302549721,125.71654744645058,10874.290149711667,100.68087479517544,868.6685670764683
MCL-Lando,1,5440.0,92.73809762261686,-18.739417345819927,118.36269273806793,10487.581523901054,101.4652682819725,847.3238728132898
MCL-Lando,1,5450.0,92.44364930161618,-18.471984930439447,118.98512105457438,10798.371406481545,103.13129022465802,824.9497616182531
MCL-Lando,1,5460.0,92.91681722110893,-17.770776167471816,122.89810209443445,10549.360537817955,100.63032363135459,877.235992595784
MCL-Lando,1,5470.0,93.7765975224289,-17.449799711415253,120.90471429503243,10668.873250428744,103.14858179308595,822.7971418573184
MCL-Lando,1,5480.0,94.28075668622911,-17.3709488147395,123.54182469427651,10100.835450746812,102.66218398526489,865.0233385115135
MCL-Lando,1,5490.0,94.26794946730044,-16.289801893059842,116.02701515286005,10786.8535477523,101.21028345139545,826.581897230818
MCL-Lando,1,5500.0,95.16569242524996,-15.65460527234526,114.35447403381454,10326.798247946708,100.63386433441939,856.5028735772125
MCL-Lando,1,5510.0,95.35750783109084,-15.535869128084707,114.78908048785092,10296.720284987245,102.92020786911566,821.7281308795936
MCL-Lando,1,5520.0,95.88803130430605,-15.064950476211457,122.7035051946261,10756.379057061773,101.46384117969596,885.7001515920314
MCL-Lando,1,5520.0,95.88803130430605,-15.064950476211457,122.7035051946261,10756.379057061773,101.46384117969596,885.7001515920314
MCL-Lando,1,5530.0,95.76961836833156,-14.11521648984391,115.20434187522467,10797.012450604612,102.31094623539985,875.1504969985775
MCL-Lando,1,5540.0,95.57538998768784,-13.745723531784623,115.02500753598292,10830.721708478888,103.1370401221072,858.0801148218238
MCL-Lando,1,5550.0,96.38024796070873,-13.351695813822566,125.94795223825926,10449.680348430345,101.920748321332,834.5914627023943
MCL-Lando,1,5560.0,96.53568178883533,-13.037156611621032,126.42953967019017,10129.975152199046,999.0,838.3580914525239
MCL-Lando,1,5570.0,96.8766561915995,-12.734412875494606,124.33960438117937,10683.269586662527,101.19586336598212,830.4248999082307
MCL-Lando,1,5580.0,97.17687416094802,-11.32801491180929,125.5650420256369,10238.311971814255,101.40941019529295,812.414762371511
MCL-Lando,1,5580.0,97.17687416094802,-11.32801491180929,125.5650420256369,10238.311971814255,101.40941019529295,812.414762371511
MCL-Lando,1,5590.0,97.05363209830777,-11.692120676232422,126.73572784325668,10784.294069314783,101.56674425034086,872.7869896964796
MCL-Lando,1,5600.0,98.00122141129991,-11.166130648070844,125.32282934537075,10716.173699639477,100.95753332978578,826.992858605129
MCL-Lando,1,5610.0,97.56332135330622,-9.88464042786519,112.02170445918398,10494.49001196784,102.91621050493025,862.2281282602818
MCL-Lando,1,5620.0,98.09817093499544,-9.431985299633718,112.52758948658723,10776.138704881023,102.38692463605673,810.794096853609
MCL-Lando,1,5630.0,97.99007145496702,-9.55740954083965,122.97005885526687,10555.738993252253,101.30448405893515,843.0340526643872
MCL-Lando,1,5640.0,98.17217132266367,-8.238165283064763,123.87035459552064,10229.423083076741,101.79810911497876,812.6900041863753
MCL-Lando,1,5650.0,98.59189374873976,-7.640075164975206,120.3237851313212,10339.816078698614,101.74264841313388,857.4478676770234
MCL-Lando,1,5660.0,99.15570165294059,-7.454451085808818,119.49326999837167,10633.764398519617,101.09202806140367,802.2680922075048
MCL-Lando,1,5670.0,99.25723450930816,-6.781447834865604,122.41517959892754,10817.379750939894,103.14779592839828,863.665640120967
MCL-Lando,1,5680.0,98.6624195415519,-6.163351870076504,126.24957848070227,10222.043205453532,102.49519923629602,809.4130647219897
MCL-Lando,1,5690.0,99.68664861519021,-5.545979460843023,116.76833369400497,10799.06033481732,103.2510407428702,845.7992859360008
MCL-Lando,1,5700.0,99.08981146987422,-5.904724898196598,124.48698856812908,10861.492430949727,101.94672182034992,835.6552298179039
MCL-Lando,1,5710.0,99.46293838761319,-4.711979504408832,116.27540140012216,10695.090249722096,100.9951929681707,890.3856617463443
MCL-Lando,1,5720.0,99.80424330525547,-4.5396929706642215,120.63183608856528,10120.51814187918,100.6842951430898,863.5492868552642
MCL-Lando,1,5730.0,100.06341651239849,-3.482995217149183,124.19799935858916,10329.379354712104,102.68368386670592,833.1906824812091
MCL-Lando,1,5740.0,100.09446808170482,-3.5844587023938295,119.15499593933478,10590.232617739946,101.66615761037907,873.906636487221
MCL-Lando,1,5750.0,99.52569341215012,-2.8038754959881027,127.00381092236421,10168.858799298649,101.26554898729415,890.1695992126248
MCL-Lando,1,5760.0,100.17656586244827,-1.8060885212162896,115.3172513285072,10877.234640211012,102.69760993405039,844.7531381742592
MCL-Lando,1,5770.0,99.87009603193408,-1.6968089575247034,119.70509141313559,10487.205932887167,102.55138116709479,815.6060597333933
MCL-Lando,1,5780.0,99.6038159173981,-1.3017996014049507,127.50676067329502,10848.83872729745,100.80861376858752,822.5409074881179
MCL-Lando,1,5790.0,100.28418154001218,-0.18741286952430325,124.31803206559026,10370.57975937689,102.80923146994175,823.2692790944744
MCL-Lando,1,5790.0,100.28418154001218,-0.18741286952430325,124.31803206559026,10370.57975937689,102.80923146994175,823.2692790944744
MCL-Lando,1,0.0,99.5218030725654,-0.14961716601126196,284.0251823731353,13643.861571585516,100.81746291712638,395.40645125474805
MCL-Lando,2,10.0,99.95395152219415,0.6419339568170762,282.56232857279434,13456.001276989784,102.00170510988275,419.1245335542973
MCL-Lando,2,20.0,100.4555921702056,0.9578076052513891,282.85034479029133,13628.05861180314,103.37912387596728,402.72266745682987
MCL-Lando,2,30.0,100.38267554773742,1.5406937279228397,282.1271487764712,13578.225222424118,102.81682356825826,399.9432630568891
MCL-Lando,2,40.0,100.2287764275695,2.3018717817222285,283.39287196365575,13392.119041769876,100.5746404309622,414.0938726145749
MCL-Lando,2,50.0,100.13117267768456,2.232866505536652,276.66690867798593,13503.355303073047,101.15497834368148,388.92255728734125
MCL-Lando,2,60.0,99.31935207619279,3.0288229085588267,275.81310790458485,13606.216547008902,102.98200026374614,410.35415749872993
MCL-Lando,2,70.0,99.68372602449845,3.691483536452265,281.5118651321684,13442.568216189775,101.61227888498148,413.1642637802968
MCL-Lando,2,80.0,99.58020494992017,3.867085311003123,278.38153197270697,13329.659633437166,102.99038971448769,387.90888101810435
MCL-Lando,2,90.0,99.48911853612684,5.173850431404512,282.6734345758176,13428.694654258728,103.4093268470548,382.36464900933174
MCL-Lando,2,100.0,99.03380956064377,4.930419373232437,281.5465240670986,13562.992778833746,101.4587941017161,402.97859538327026
MCL-Lando,2,110.0,99.33613021113791,5.751294087710865,283.68413842936735,13405.805966233664,103.44774246137241,391.23208388864754
MCL-Lando,2,120.0,99.51622682148775,6.580197100887451,277.9364429599108,13462.160990070519,101.26141083744402,380.60586771704675
MCL-Lando,2,130.0,99.06276790547099,6.924393906008584,277.69800478761863,13640.290946909963,102.00459382613714,403.72733331776936
MCL-Lando,2,140.0,98.37189145629222,7.479025831494285,278.36962399520064,13499.142712035173,102.47594827305181,389.57030256893745
MCL-Lando,2,150.0,98.94667066200277,8.278620366753518,277.48587935860695,13329.082197778975,100.60672693672494,409.04232538568084
MCL-Lando,2,160.0,98.18257957878173,8.417042641040982,283.8884074820446,13592.320528377664,102.53723579643288,399.5184006172156
MCL-Lando,2,170.0,98.5400677785337,9.613426289372246,284.28534089518115,13568.107056193852,100.72095994383996,384.0230624879745
MCL-Lando,2,180.0,98.21613954652572,10.142531560421618,280.7125137091299,13393.296320041576,102.77377304222263,398.7838226378051
MCL-Lando,2,190.0,97.44084031821103,10.103562303895258,279.63284505824765,13394.929391842206,101.34017570112236,382.1679924553145
MCL-Lando,2,200.0,97.40861894610345,11.161397741196227,276.5272278825197,13441.207760079482,103.38801415733847,413.73211610605944
MCL-Lando,2,210.0,97.78313091084,11.538860647554513,275.8024860322924,13631.632706442593,102.91984769472472,393.2363781220951
MCL-Lando,2,220.0,97.27677846760616,11.344626164928062,277.24092207085226,13566.219221830035,102.06753172127402,416.7583401662559
MCL-Lando,2,230.0,97.02895159853473,12.563183315219185,276.25471016808785,13347.604093978156,102.3497828123615,414.1975130495928
MCL-Lando,2,230.0,97.02895159853473,12.563183315219185,276.25471016808785,13347.604093978156,102.3497828123615,414.1975130495928
MCL-Lando,2,240.0,96.72047935060402,12.495404233808387,275.05142689708526,13479.127798584896,101.74324565416492,406.4197615151689
MCL-Lando,2,250.0,95.99131426706279,13.115154651574185,281.47636740774806,13639.408809657232,102.16020540301362,394.1321075649114
MCL-Lando,2,260.0,96.02107466316716,13.568842034970217,275.028936193195,13663.275206245155,101.07095061073879,406.23346099842985
MCL-Lando,2,270.0,95.64173532060471,14.74889194166852,278.0970423692744,13656.055458997773,100.60712415795096,406.8107761477138
MCL-Lando,2,280.0,95.37761830841605,15.343726778176451,277.244792004052,13412.399354229326,101.6630664003604,392.29174906863085
MCL-Lando,2,290.0,95.30561220988676,15.483203000971255,282.53235750835563,13332.207472091168,101.91808982990608,382.25220233006235
MCL-Lando,2,300.0,95.0705110005278,16.43491721993052,276.73313570332135,13603.530222033945,102.56264007155863,393.9203519463188
MCL-Lando,2,310.0,94.65941583533082,16.889453257362383,282.7070068164844,13627.712667362614,101.41769817296515,418.5210298629568
MCL-Lando,2,320.0,94.24452157030528,16.839950634710807,280.35492810655734,13340.450992627833,100.66885414670443,393.5382101367571
MCL-Lando,2,330.0,93.58232872598225,17.493166542592604,282.64389547243377,13594.832803848916,103.08858506478437,409.3591326246812
MCL-Lando,2,340.0,93.05662273351852,17.976123710053884,283.1253551727371,13387.158636551187,102.43775435790076,381.81696541873674
MCL-Lando,2,350.0,93.23547278040014,18.87982002247975,278.80910090642317,13371.032161551999,102.28830533483347,407.754765867313
MCL-Lando,2,360.0,92.30690101920237,18.88378879982047,282.9840872307041,13463.5173673997,101.875114478206,399.04093543061197
MCL-Lando,2,370.0,91.80415042529297,19.029049762249606,278.714462521882,13682.67763337981,102.66051280132945,382.46299218882416
MCL-Lando,2,380.0,91.32247664750079,19.59020625831479,280.6549172231941,13535.322678956602,102.05405113846373,409.6010980691384
MCL-Lando,2,390.0,91.28064403743339,20.00854688383892,281.663664078166,13452.855988142142,102.03546861770035,405.578701950982
MCL-Lando,2,400.0,90.44985173038404,20.59535232184617,276.1936997001565,13500.294889864854,103.20949153013107,403.30973930587334
MCL-Lando,2,410.0,90.47604090281186,21.682007117768215,281.2143807052922,13678.048713273465,102.44344792294696,401.6356188262852
MCL-Lando,2,420.0,89.81079583605666,21.891892684246418,277.36664793203283,13359.198907457765,103.48155191404896,389.76109973123664
MCL-Lando,2,420.0,89.81079583605666,21.891892684246418,277.36664793203283,13359.198907457765,103.48155191404896,389.76109973123664
MCL-Lando,2,430.0,89.34224145716827,22.84371583448852,276.8081151708935,13352.538961141232,103.28615148946444,416.6112704696702
MCL-Lando,2,440.0,88.85431038965922,23.03424525345218,278.3399481403275,13472.419217775725,100.52768523249657,383.2474730052062
MCL-Lando,2,450.0,88.32546169071325,23.585252199741827,284.7596895353762,13444.63723449439,100.7990789378338,387.0041026589304
MCL-Lando,2,460.0,88.24580850180897,23.43303021208955,282.1526994192052,13540.52287233919,102.02840143065247,419.91363544807643
MCL-Lando,2,470.0,87.54038408490473,24.739597455785635,276.83414392433497,13337.97804103738,102.75758344195529,393.0983030729472
MCL-Lando,2,480.0,86.97318307348179,25.055026779132323,280.3734764648353,13370.52126696947,103.38180988166364,393.6716262875889
MCL-Lando,2,490.0,85.77853252351564,25.069439071399984,277.94436295567186,13648.433700415057,102.73013453405147,407.31997674844166
MCL-Lando,2,500.0,85.38033795811492,25.60051851066967,279.7833805307331,13650.201265147598,102.52906932755695,396.41822699605865
MCL-Lando,2,510.0,84.70141765276969,26.317665280426727,,,102.37079048379634,387.9994767613162
MCL-Lando,2,520.0,84.19522407286485,26.443981131908124,283.7106183209015,13508.554879281755,103.36615270684145,418.94281110052805
MCL-Lando,2,530.0,83.73673436474672,27.118709798565952,,,103.29667752931113,416.25339780810424
MCL-Lando,2,540.0,82.88132880891446,27.215501292491687,,,101.11463079296882,380.900614729696
MCL-Lando,2,550.0,82.36872323519256,27.80811739933221,276.78347309020603,13459.34122483749,100.62281763844138,415.6348620964403
MCL-Lando,2,560.0,81.973205117868,28.292306416668733,,,102.00837959355907,416.3749322984175
MCL-Lando,2,570.0,81.8228178925701,28.974042659072996,,,103.1245651524704,397.87746448282206
MCL-Lando,2,580.0,80.70083513154869,29.151021098868405,,,102.82241227949439,390.45647661142823
MCL-Lando,2,590.0,80.56295551294076,29.85346601456257,,,101.69807560245931,395.7292295726877
MCL-Lando,2,600.0,79.37371795383945,29.85681944402417,275.72948222982143,13392.998358629988,101.03864073810253,415.55033924849914
MCL-Lando,2,610.0,78.82621086104072,30.47528259323437,281.2192198542606,13353.976613867033,101.31122770815632,395.8253556275701
MCL-Lando,2,620.0,77.84624597346749,30.855802979037172,276.1687951940878,13400.1140873591,102.59302349248553,396.61302763917394
MCL-Lando,2,630.0,77.81969552243235,31.22352382622346,283.95483190794477,13570.404758000921,102.2680072345337,406.38570885319456
MCL-Lando,2,640.0,76.50972599396704,32.376791634547295,,,103.15785636347199,392.1178526991829
MCL-Lando,2,650.0,75.71703255533318,32.49261641819984,,,101.92989840404837,399.3764552930536
MCL-Lando,2,660.0,75.44872084693674,33.07700724996021,,,101.47691608336216,383.96771472569975
MCL-Lando,2,670.0,75.19273817484968,33.50621192624268,,,100.84443041844757,417.00190502908225
MCL-Lando,2,680.0,74.22807002678218,33.28783117375134,,,102.42368633766341,408.7706387744515
MCL-Lando,2,690.0,73.69116809784097,33.96718277192508,,,101.22077287559719,388.4905272399083
MCL-Lando,2,700.0,72.95481695493245,34.535583562003,275.82056088416874,13438.978114888961,102.84930977018416,408.2547233308984
MCL-Lando,2,710.0,72.121388880342,34.70703011504396,278.0344652385633,13445.912778061718,101.42347605062518,405.4758714850636
MCL-Lando,2,720.0,70.66749724737424,35.47530226505529,278.609684009215,13620.125735393975,101.51258599609024,389.2279708981427
MCL-Lando,2,730.0,70.27614543172406,35.753635459633074,275.04164911368366,13664.992319299663,100.50609630104344,412.38840780570115
MCL-Lando,2,740.0,69.44844228258572,35.91354207660053,279.3038484308116,13584.22243508226,102.03711569965434,395.62626404200586
MCL-Lando,2,750.0,68.42030027346442,35.8440979225852,279.3934636498144,13554.245097282646,102.85285178304937,413.3393002897269
MCL-Lando,2,760.0,68.42666905589994,36.889844145640886,282.41008847521016,13430.77299418337,101.72028422992966,380.97177026333424
MCL-Lando,2,770.0,67.62087887840975,36.736841330632146,276.1649011039863,13634.090157198116,102.4867278217687,401.26418106988416
MCL-Lando,2,780.0,66.22595528186176,37.29623744676794,279.7433052598196,13614.976764504643,100.9305782933915,415.84469689555266
MCL-Lando,2,790.0,65.58018293033275,38.18076205827585,276.96058914225085,13683.304047338628,103.15964969067377,413.65055590161495
MCL-Lando,2,800.0,65.00693037192643,37.84064277944112,276.19636460087656,13422.958047683116,102.29444359701579,419.96670716965144
MCL-Lando,2,810.0,64.33471969438938,38.453805450151144,280.2299730132634,13684.137160427845,102.02328961089243,419.66760039821304
MCL-Lando,2,820.0,62.70135656633424,39.09351403715935,276.93570887774547,13583.87848101538,100.62472785451143,386.32445536742216
MCL-Lando,2,830.0,61.96712296646124,39.443615616905625,280.8680940038609,13377.373309493378,102.78474015878308,382.4607272575729
MCL-Lando,2,840.0,61.11371711316474,39.93072795589234,280.08574597077643,13335.568353208959,100.85227879797831,399.5182879315023
MCL-Lando,2,850.0,60.459485346857115,40.25190047640925,275.67054349407334,13559.338850311817,101.87360926939063,387.21499952654125
MCL-Lando,2,860.0,59.86922024129222,39.65455460608007,277.30980803165846,13473.035446031958,100.64959285873832,393.68292822096316
MCL-Lando,2,870.0,58.90788432618151,40.0429570861083,281.68129460001387,13303.993813786165,100.76233572523063,408.9048323978604
MCL-Lando,2,880.0,57.60445725661488,40.84306521757217,275.4758600864004,13358.122937916602,103.17142092261804,381.21376537008683
MCL-Lando,2,890.0,56.86228754600396,41.510909966527144,283.4532930182615,13318.150812343805,102.17923331466858,391.9627689184971
MCL-Lando,2,900.0,55.98034816084044,41.83451122340269,283.21682299384497,13584.531898727266,101.9800357663293,415.522721583067
MCL-Lando,2,910.0,55.330360143493635,41.78339569518559,281.6105177693902,13484.966829119085,100.64035795297286,381.031666781193
MCL-Lando,2,910.0,55.330360143493635,41.78339569518559,281.6105177693902,13484.966829119085,100.64035795297286,381.031666781193
MCL-Lando,2,920.0,54.41910464254618,42.273127426307056,275.081477646781,13506.063090173031,101.25431896770533,393.18920950261503
MCL-Lando,2,930.0,53.53320882690282,42.764940079932465,277.7678913889157,13506.628989335823,103.18996203548353,397.9355328049917
MCL-Lando,2,940.0,52.59161171135806,42.91489097949806,275.01425166366226,13622.419690366876,102.78647648637072,405.4785574725838
MCL-Lando,2,950.0,51.21041805476598,42.72649299153612,283.3749617202148,13506.623305710122,101.54012844184301,407.6367482323813
MCL-Lando,2,960.0,50.83670957905487,43.11254110264987,277.5949974439419,13365.947425195827,101.4436647372049,408.06473632135294
MCL-Lando,2,970.0,49.26111021924251,43.18348296723078,282.3896850148337,13349.647658732247,102.41228849733804,403.51866605434617
MCL-Lando,2,970.0,49.26111021924251,43.18348296723078,282.3896850148337,13349.647658732247,102.41228849733804,403.51866605434617
MCL-Lando,2,980.0,48.2666844540753,43.77031982469804,280.3041421182303,13417.691916502228,101.10697891877955,388.64603303839624
MCL-Lando,2,990.0,47.90507345711442,44.08561094027767,275.99610827221807,13345.28803412034,100.80629852195338,393.58471818903945
MCL-Lando,2,990.0,47.90507345711442,44.08561094027767,275.99610827221807,13345.28803412034,100.80629852195338,393.58471818903945
MCL-Lando,2,1000.0,46.558668739944764,43.9743945446286,280.7401671739926,13484.65345274425,103.37579890459433,399.7100782009175
MCL-Lando,2,1010.0,46.07663741988671,44.51378945416153,276.1355938968777,13614.58878033704,103.48083714100623,399.1903766058732
MCL-Lando,2,1020.0,44.6352406722198,45.12568111380038,283.61082245203835,13413.524212287479,101.52592482800726,389.9825787299308
MCL-Lando,2,1030.0,43.6901850315763,44.80438627083208,280.97238905432295,13652.06193329002,103.48554218937461,419.9023065820841
MCL-Lando,2,1040.0,42.684169438484645,45.21217651753675,275.58666206349875,13582.754338425155,101.75687052141855,406.4464092085093
MCL-Lando,2,1050.0,41.937720407519784,45.10810874586522,278.2394470555268,13671.6696637537,103.39532862709402,403.4634977438209
MCL-Lando,2,1060.0,41.05314042061372,45.33918910388546,282.89777118305386,13525.302931268912,101.49726914684614,414.4350534956475
MCL-Lando,2,1070.0,40.38101092320652,46.19939292999205,280.20147283054104,13347.80677593126,100.80810767620027,392.7599861018737
MCL-Lando,2,1080.0,38.532289173592375,46.090036941038335,277.4701341840529,13677.689235901178,102.06816525692474,388.08010695367807
MCL-Lando,2,1090.0,38.31771605073998,46.650219072049296,280.0850484820303,13413.033215398988,102.89204375258535,381.2109765723896
MCL-Lando,2,1100.0,37.16685872905223,46.61557688281547,275.8006461211063,13671.824436921006,101.70301201983656,412.62718876822805
MCL-Lando,2,1110.0,35.726681932149596,47.12038760300314,279.27711847460137,13631.454518958277,102.37801984207054,383.6841722328607
MCL-Lando,2,1120.0,34.97790023992443,46.86277096887783,281.3872709430443,13666.961882527376,101.9571881030686,385.88285469834403
MCL-Lando,2,1120.0,34.97790023992443,46.86277096887783,281.3872709430443,13666.961882527376,101.9571881030686,385.88285469834403
MCL-Lando,2,1130.0,33.51438877023428,47.42912409290941,283.75014188984716,13429.184757820525,101.53620696232929,390.9456505538841
MCL-Lando,2,1140.0,32.80091703130335,46.78968239540474,282.4858901520499,13692.378279820303,102.48784669166211,383.4201762598584
MCL-Lando,2,1140.0,32.80091703130335,46.78968239540474,282.4858901520499,13692.378279820303,102.48784669166211,383.4201762598584
MCL-Lando,2,1150.0,32.26441605943974,47.27096809784717,281.01947115457773,13570.644682537419,100.87272740946126,383.62502939187334
MCL-Lando,2,1160.0,30.848232652883787,47.23437922992095,282.99580790016694,13535.243188863773,102.8796117768969,390.10424248211837
MCL-Lando,2,1170.0,30.198405253059075,47.791816786071735,282.1761163190621,13651.523484755764,100.56808860167648,384.04527574968745
MCL-Lando,2,1180.0,29.24021417192214,47.632422541471925,279.6082618899611,13697.470782872657,100.91944143443568,391.1836064476912
MCL-Lando,2,1190.0,27.395925230687546,47.86566365943242,284.49744943414925,13423.377279552542,101.17534144926013,380.09818186495545
MCL-Lando,2,1200.0,26.25787717646582,48.66893974178857,124.993970235078,10625.967782832324,103.40509201028954,811.85764227569
MCL-Lando,2,1210.0,25.455125848972255,47.83022196558476,124.05864514272076,10433.001152290231,102.91143388173131,866.8890966254563
MCL-Lando,2,1220.0,24.899018413863164,48.25619912421645,124.5349006553907,10591.212469380569,102.29723122204054,869.7347256308398
MCL-Lando,2,1230.0,24.06369739093782,48.67721667789713,125.57412044646766,10630.439347348178,102.68123673242724,815.1071315036089
MCL-Lando,2,1240.0,22.70090715931945,48.40417523800018,120.58139255683328,10354.294546265844,101.92799437953138,862.5239976081718
MCL-Lando,2,1250.0,21.088084190465995,48.545477319557534,117.35205385218421,10587.169682683227,102.11919040566316,882.7352255864929
MCL-Lando,2,1260.0,20.35776071604407,49.17179975353769,118.79945175707161,10898.609885728725,102.16727932944625,857.8642628282394
MCL-Lando,2,1270.0,19.384895747034886,49.4482530558901,114.61689868935714,10742.271694271725,101.50079977980556,888.8896700520412
MCL-Lando,2,1280.0,18.136160622765736,49.23550271187033,124.14182915442164,10330.986451540582,102.24471216873343,856.5947716766825
MCL-Lando,2,1290.0,16.783487321166984,49.17730952878396,120.52521002875622,10834.493088933446,103.13067542710458,801.6712670987722
MCL-Lando,2,1300.0,16.014790284057106,49.53620182884561,125.83609108763727,10847.311015597592,102.52625091253108,829.6280369094933
MCL-Lando,2,1310.0,14.644794026594726,49.69997263760906,127.06677671655592,10700.46983037678,100.5636547483821,882.5236214153726
MCL-Lando,2,1320.0,14.336275972339918,49.301916405239936,115.12144510426971,10650.717340972185,100.83476441959222,822.8911544827567
MCL-Lando,2,1330.0,12.971563139258244,49.68031390224232,124.80217267915083,10534.2518812447,103.48214876419475,821.2463864857956
MCL-Lando,2,1340.0,11.530828381971059,49.62667748859398,116.25921948472113,10119.409591700374,100.97160241769492,823.4195151702802
MCL-Lando,2,1350.0,10.763412404025864,49.57686023748165,114.2804378392718,10367.223993270174,101.26815499685625,893.6883868590646
MCL-Lando,2,1360.0,10.09885688752179,49.76704252883684,118.88400718744637,10277.005849479212,101.78393117323239,802.8098938269828
MCL-Lando,2,1370.0,8.280001683784151,49.41414168799096,124.63258512192573,10686.365476035724,100.61375090763225,871.1395525171883
MCL-Lando,2,1380.0,7.700873349969207,50.27546049707184,121.44333945221841,10713.56876995517,102.08896696002212,847.8022844719081
MCL-Lando,2,1390.0,6.595509538496229,49.720801641844,118.7096422128966,10769.49690573572,102.98596460790203,852.101597471269
MCL-Lando,2,1400.0,5.491275039449763,49.87495719160192,119.43135785138709,10352.023871616188,103.49098775248164,863.4814982075122
MCL-Lando,2,1410.0,4.701135680612092,49.82650010158144,118.75187812690075,10821.850710092911,102.32925631230135,863.1478087810727
MCL-Lando,2,1420.0,2.882314171709408,49.65219393765925,121.14680967754079,10192.823124229611,101.47091130184141,816.0443111692553
MCL-Lando,2,1430.0,2.5776985542550666,49.728911665313674,124.0768301838678,10264.18052849751,101.56755038949204,872.481125446443
MCL-Lando,2,1440.0,0.8899247880414128,49.765167512846396,113.46961704245163,10805.127357362117,101.28163853669143,821.7320810199252
MCL-Lando,2,1450.0,-0.23258861397875782,49.64665009118117,124.7304674411778,10868.822493402715,100.65026560081682,863.2824841741665
MCL-Lando,2,1460.0,-0.9775825333879369,49.74332960845149,112.99475711540968,10590.0756646085,100.55198194692005,837.9432497696404
MCL-Lando,2,1470.0,-2.1294299500371605,49.82410530974409,127.37949482663956,10310.835942379455,102.58294033469754,810.4703477344397
MCL-Lando,2,1480.0,-2.9557432268599992,49.5549078526583,122.64831403359727,10341.226325028696,102.13835625752644,892.8163772472725
MCL-Lando,2,1490.0,-4.291975294408547,49.67253878647519,118.26095171342692,10839.237783034609,102.65763591750097,813.1078206536222
MCL-Lando,2,1500.0,-5.880539252464936,49.70814574478292,122.69326400698414,10474.052595971929,101.03854429235501,842.001948258966
MCL-Lando,2,1510.0,-6.340368590285265,50.15054863252384,126.85906095415157,10751.496407061255,103.36409005053665,878.240067876017
MCL-Lando,2,1520.0,-7.554327283679538,50.14375481052833,118.22337623075332,10104.39373084969,101.21555828817364,855.9766575004452
MCL-Lando,2,1530.0,-9.093550098786384,50.27955058397653,114.47663186057306,10633.899331798433,101.55908373091214,809.2193523194397
MCL-Lando,2,1540.0,-9.499124017127503,49.92326387189895,112.7779873533832,10326.508834527245,100.96563794895228,869.6418983868787
MCL-Lando,2,1550.0,-11.040272013840998,49.651263453569484,112.98664003081831,10300.295117549731,102.31930704496168,832.763648673983
MCL-Lando,2,1560.0,-11.413118707952883,49.16086076359644,121.52257959986159,10731.838793742027,101.3058498024522,865.1633890441366
MCL-Lando,2,1570.0,-13.294543456892786,49.88609730406674,119.69457041979585,10833.28066694188,103.03298994817078,864.5967459270325
MCL-Lando,2,1580.0,-14.336127179575406,49.674740654642726,117.72489219259715,10882.8214668849,103.28622508507074,848.2097948154269
MCL-Lando,2,1590.0,-14.991235247261766,49.01271340139586,122.47353842169514,10233.59363774027,101.44510424563353,835.101910726227
MCL-Lando,2,1600.0,-15.914763433249687,49.18211844217785,125.32808025140032,10236.255132682014,103.40173983436118,824.6038158440896
MCL-Lando,2,1610.0,-16.867496905148602,48.91616311038372,123.31900347705695,10293.241673167213,102.64707383245104,822.3628655101356
MCL-Lando,2,1620.0,-18.296104123545277,48.79915236364297,119.96375104509174,10527.010337695132,101.87046782257191,876.0858270103998
MCL-Lando,2,1630.0,-19.388142688474566,48.97373359989388,124.89775990255563,10435.2563632363,101.54826873947886,877.6279961978712
MCL-Lando,2,1640.0,-20.34415768121667,48.71644317574462,123.17874533729692,10186.084667631752,103.16636611111832,840.0736053619968
MCL-Lando,2,1650.0,-21.56311807644188,49.10250564583918,126.73359186107908,10215.255075111674,102.46315204366834,801.8653661324091
MCL-Lando,2,1660.0,-22.364986295391244,48.97340547409702,113.44093278807446,10583.414726197423,101.39514757600422,814.714166524033
MCL-Lando,2,1670.0,-23.148523825352402,48.20918937225037,116.63428968251534,10294.685703887968,101.2077929551029,893.5793427778932
MCL-Lando,2,1680.0,-25.001496739134655,48.214133899128946,112.2065006862401,10521.681652440695,102.87004609726453,868.731698973034
MCL-Lando,2,1690.0,-26.023594679827738,48.455641451221,122.50261715101445,10165.502718491245,101.22292808000057,891.9635373979348
MCL-Lando,2,1700.0,-26.5477996463744,48.29721836120732,121.92275417956272,10140.94114459521,101.66709523313696,828.033490431701
MCL-Lando,2,1710.0,-27.767878916831286,48.44818995810923,119.5575246062227,10463.679368102947,102.56939284402681,895.5563019232677
MCL-Lando,2,1720.0,-28.73416093385027,48.01336914607084,114.42465103245024,10401.163326903821,102.80204845618638,876.012018163007
MCL-Lando,2,1730.0,-29.860874366266156,47.742947900122815,122.93002538489603,10763.956325813571,102.00755763226148,882.1899357517331
MCL-Lando,2,1740.0,-30.419125364550656,47.83334745090354,124.2374577448237,10295.033856510789,102.01437049693386,837.4229673525751
MCL-Lando,2,1750.0,-32.39661793940179,47.172418324197736,112.01544746136416,10650.535755803518,102.05059289848084,847.3834917757023
MCL-Lando,2,1760.0,-32.675665674512636,47.421203702958024,125.27905556802361,10257.615784843545,102.12978101399797,828.8699509849145
MCL-Lando,2,1770.0,-33.840119951320005,46.905905589963155,115.31253443212861,10471.278699116667,103.45667349280485,827.2856805140575
MCL-Lando,2,1780.0,-35.248737074368066,46.56467599191687,118.46217693286248,10370.437223430814,102.97212215327743,850.6562403090653
MCL-Lando,2,1790.0,-36.02826647131422,46.411489135719684,118.44920157662489,10394.275851934397,102.27477513965144,831.8034353248034
MCL-Lando,2,1800.0,-37.392533318040684,46.8404288657835,278.8465813580397,13556.169690834238,102.76523007283546,382.4956449112394
MCL-Lando,2,1810.0,-37.70787807831024,46.47100189732339,280.2315738760889,13453.713906406365,100.83727146801412,387.30783132456367
MCL-Lando,2,1820.0,-39.39605958877836,46.45487505866377,282.7877455322558,13354.365327960906,102.17637022533874,385.90845535576904
MCL-Lando,2,1830.0,-40.10308751038699,45.35790037820145,277.1375123493982,13607.851756566773,101.06774490707865,390.4262272975874
MCL-Lando,2,1840.0,-40.64346254636504,45.52400771700272,283.4285849622424,13368.909611970943,101.07663308669272,392.3162971002084
MCL-Lando,2,1850.0,-42.10310293168058,45.3156067907686,276.73263736804046,13431.400577691456,101.73283385826429,416.392174518855
MCL-Lando,2,1860.0,-43.117948793668965,44.669115269759835,282.19783160690565,13662.520512219488,103.48359525492516,409.00281274661165
MCL-Lando,2,1870.0,-43.92496379230968,44.41354093577368,282.886246841837,13603.363390750184,103.4731248694413,380.6807382414455
MCL-Lando,2,1880.0,-45.31884219091073,44.19683799572972,278.8247631000159,13356.457367355326,102.94626792855729,408.4488355045191
MCL-Lando,2,1890.0,-46.305673238127255,44.18429256410567,278.06421899708374,13396.448437650748,103.3002964426967,386.37555983444093
MCL-Lando,2,1900.0,-46.559692764219264,44.18813244220461,284.66950523083926,13644.762976233189,102.59906076346029,410.06964628715656
MCL-Lando,2,1910.0,-47.93354738894222,44.07433363510904,278.46268109954025,13655.548434227176,102.55324577914668,380.8156609120937
MCL-Lando,2,1920.0,-48.36662134341371,43.8473530987872,279.1486340729193,13362.748726070862,101.88702903512734,395.7186104613442
MCL-Lando,2,1930.0,-49.22666082785672,43.00820733184993,284.90222974216306,13584.458405759746,102.45444044945567,393.86428052991056
MCL-Lando,2,1940.0,-50.90924096063694,42.872182344556066,282.5354242513469,13339.909431101625,103.10227543420469,405.095562903816
MCL-Lando,2,1950.0,-51.43540844768976,43.010049912435754,280.4319762062039,13603.788187732276,102.25790283805254,389.9656676009221
MCL-Lando,2,1960.0,-52.623299908615316,42.90243009674105,276.93783446573786,13365.976749029502,102.62289509554967,388.19378334655323
MCL-Lando,2,1970.0,-53.14347704432695,42.1694921953531,277.1399431629448,13527.676293154045,101.02058383386147,410.90205934892964
MCL-Lando,2,1980.0,-54.619621962142965,42.45901244443701,276.14908389866395,13694.903536978602,100.62857723051313,392.1677984738918
MCL-Lando,2,1990.0,-55.095239460843985,42.05489051129942,283.1805620270599,13613.69969999513,101.76490003586309,389.79064522058604
MCL-Lando,2,2000.0,-56.34580758314841,41.0386441514229,275.37696639731644,13591.544965548781,103.1433682440132,418.72251342079795
MCL-Lando,2,2010.0,-56.59314972899741,40.77912141961489,282.69058443887786,13449.036366438024,102.31885483912336,419.870611557834
MCL-Lando,2,2020.0,-57.764289649577904,40.87206801444471,280.28753870544864,13679.630109876238,103.49398320386543,388.98173275022054
MCL-Lando,2,2030.0,-58.514536867072785,40.16914079126517,275.7016019507944,13415.349759034907,102.66250093714889,406.1377333347585
MCL-Lando,2,2040.0,-59.49271296392058,39.63172100267799,276.5304351875827,13675.386381179966,101.39720699936936,388.9715044773059
MCL-Lando,2,2050.0,-60.96640410755606,39.312326457271276,277.1249133718449,13697.971727598322,101.45215535724182,410.5092891674327
MCL-Lando,2,2060.0,-61.551995411931195,39.10544748302701,281.51327920547084,13645.167995797885,102.89195929060864,382.686730851787
MCL-Lando,2,2070.0,-62.00733871465196,39.214066125095634,283.06637761927436,13625.144645638795,100.56216954050319,408.30440884646
MCL-Lando,2,2080.0,-63.43253750796348,38.629711391622,282.3967743737725,13624.153109365327,102.35728841213214,402.29294079832493
MCL-Lando,2,2090.0,-63.70125604503918,38.50647417503675,283.3182846486744,13415.930850765531,101.20181625623776,406.1847261022846
MCL-Lando,2,2100.0,-65.11888146377616,37.98093383687553,277.6306559812603,13583.659819810375,102.7654417693477,396.3795931748984
MCL-Lando,2,2110.0,-66.00986071957108,37.69595482879086,281.4971119384482,13471.016174921162,101.83702640009122,390.1906482077632
MCL-Lando,2,2120.0,-66.5832408978422,37.877258833370526,282.2594305471521,13677.952264582016,103.2118681698492,415.67748900576146
MCL-Lando,2,2130.0,-67.11784177526438,36.69152094172705,278.08092811650397,13400.430974337823,103.38697532208211,403.1356146095108
MCL-Lando,2,2140.0,-68.34173102666021,36.433013516709615,284.5129515600964,13332.820247323503,103.28505018411826,410.5828418343411
MCL-Lando,2,2150.0,-68.94535579183739,36.30884134107784,276.25811182638427,13674.673093552876,102.32692563088476,400.12958118331653
MCL-Lando,2,2160.0,-69.72613720654056,36.15899542403912,276.6174902228751,13680.954137545228,103.06516733718189,406.13308653866375
MCL-Lando,2,2170.0,-70.38294827475582,35.07900513714033,282.43528730650434,13441.924312427269,102.42122647647787,400.3383434518884
MCL-Lando,2,2180.0,-71.12474235150876,35.45909339579493,284.5102313116396,13480.131721974974,100.79157108921623,396.94272834508
MCL-Lando,2,2190.0,-72.12086260772989,34.87369498773944,276.38016249468365,13544.847797282888,102.11151178653441,412.64740242477825
MCL-Lando,2,2200.0,-72.34349396532309,34.69541962225128,283.4650512857299,13525.331018324365,101.54919416794014,394.7612806469961
MCL-Lando,2,2210.0,-73.01591057244988,34.2134470283998,276.1587900428404,13413.151893136772,103.16266038983338,383.2785552139078
MCL-Lando,2,2220.0,-74.12014616411733,33.40665401454532,277.7354404529175,13698.141646996879,101.14680120298732,407.4379470122829
MCL-Lando,2,2230.0,-74.61118744277934,33.22010536595459,284.8753567061796,13343.706518318208,103.17572277658452,402.95191616512295
MCL-Lando,2,2240.0,-75.61559074690848,33.1577703967489,279.9850027942462,13502.073244472691,102.5196585058668,411.5559465983109
MCL-Lando,2,2250.0,-75.85667947397265,32.51252818590104,280.25934924687783,13451.304338081398,101.33124879596788,418.2671411675377
MCL-Lando,2,2260.0,-77.02142678194134,32.44142863893777,281.6409474196864,13493.177313522485,101.59874018631156,405.5990748700412
MCL-Lando,2,2270.0,-77.83866513420213,31.393235181359223,281.5939536950091,13526.630401698321,101.68457352129963,416.728042858158
MCL-Lando,2,2280.0,-77.83228486584247,30.99876929624693,281.54302463619086,13312.90967466072,102.94809247562922,394.18478898371364
MCL-Lando,2,2290.0,-79.25887559573457,31.014432554670357,277.70242135242285,13509.362138281349,101.9089620630001,411.56718254830577
MCL-Lando,2,2300.0,-79.69589268264464,30.182929723355617,279.46928754076873,13391.874236844615,103.38120389476364,389.27609673218205
MCL-Lando,2,2310.0,-80.21148971371694,29.606769430338993,278.78799619958585,13482.246984048534,103.15255624587192,413.10220246570503
MCL-Lando,2,2320.0,-80.72396735797435,29.106090792919044,278.90561221163665,13620.674766610002,101.38908535248302,407.8596312526763
MCL-Lando,2,2330.0,-81.58455337039805,28.571375278423414,275.15390882214,13562.56131873085,103.46423769508998,380.0498679847732
MCL-Lando,2,2340.0,-82.60060865737476,28.544070614428783,283.60444725664127,13349.084856888185,102.58384259844776,388.0897222102992
MCL-Lando,2,2350.0,-82.49399625493227,28.216353222057894,281.46615547860563,13570.243452363606,103.4812928430609,385.2845981905858
MCL-Lando,2,2360.0,-83.6033425267101,27.6537224708501,280.039124912913,13385.884889192497,101.72027683243519,414.4912555220908
MCL-Lando,2,2370.0,-83.88905378757096,26.785724146635733,275.072174022924,13508.586749214672,103.30704329609242,404.8417389268331
MCL-Lando,2,2380.0,-84.71572585985535,27.112573867282258,281.20992195286806,13560.320264823928,103.03856181994477,411.92460807911004
MCL-Lando,2,2390.0,-85.03800039311551,25.795244004297484,279.7446145772858,13570.966235676535,100.82006829899896,409.1576852501969
MCL-Lando,2,2400.0,-85.39243132209329,26.200462561832502,284.14091256290584,13641.950159663824,101.69634474793112,415.4684922099864
MCL-Lando,2,2410.0,-86.69643171668358,24.94500445103251,280.97676536430214,13586.724944948352,101.59297933545713,405.6287140614846
MCL-Lando,2,2420.0,-86.70363179302689,24.367572232967046,279.0961307956532,13451.698305868658,101.43046011773743,400.55957003490397
MCL-Lando,2,2430.0,-87.75994943891104,24.54799280973993,284.20550129029965,13614.056925405921,100.61071213488833,411.514506905355
MCL-Lando,2,2440.0,-88.0668524824163,23.991856520021024,277.7690198067773,13328.803683397518,101.46143937061889,397.89675669713324
MCL-Lando,2,2450.0,-88.557899292498,23.19046278372491,283.6625547782957,13500.350965734462,102.18874713139309,384.38893907242647
MCL-Lando,2,2460.0,-88.412277478841,22.90876743721052,276.8120028229619,13577.517701021327,102.22534451327591,400.3288508297387
MCL-Lando,2,2470.0,-89.33546496822181,22.66981112638346,284.7393075286866,13352.311749933295,101.86557398276211,415.6278266153713
MCL-Lando,2,2480.0,-89.778833415418,22.27624145780544,276.7028789421976,13448.34202248311,101.75480817331677,380.2952863261544
MCL-Lando,2,2490.0,-90.47403582189501,21.153571353845336,280.48866191287715,13481.912556108608,100.94527528877285,411.7151089470614
MCL-Lando,2,2500.0,-91.22235025690402,20.517458085022763,281.6027907104294,13367.767422030049,102.85345605409987,402.384884584783
MCL-Lando,2,2510.0,-91.65502606146337,20.362923987249097,282.7781728879113,13624.681507364357,102.99936412863617,383.08775843942004
MCL-Lando,2,2520.0,-91.71047117512329,19.87306244646264,282.97067784698163,13419.347904076874,100.69148369469768,409.37396659648164
MCL-Lando,2,2530.0,-92.4638626378792,19.69683658208712,281.8854135853471,13439.158492732644,103.32803219725946,395.33401315441546
MCL-Lando,2,2540.0,-92.89872296135418,19.301918499137514,280.39723403458953,13466.443597686059,100.85987741943916,406.02444520164613
MCL-Lando,2,2550.0,-93.22850843420495,18.672103636451784,280.35938112937646,13561.184707443494,103.03172808146356,419.5713016260122
MCL-Lando,2,2560.0,-93.64479326237203,18.116165621890097,284.54365346755884,13400.588302008073,102.44604556040079,416.6059863409153
MCL-Lando,2,2570.0,-93.56777657301018,17.035398978615266,281.33181846301693,13562.447926337245,101.7432493272921,393.65384688462774
MCL-Lando,2,2580.0,-93.82896039490528,17.240332287688332,275.15110860188855,13486.929326963009,101.17616724840856,402.2865324574948
MCL-Lando,2,2590.0,-94.51574908290668,16.206657269440925,282.24910742072626,13655.797355179726,102.7796729001553,381.7346565792498
MCL-Lando,2,2600.0,-95.22801117326264,15.853520540624853,277.47955886825196,13633.786681153342,100.6628461335411,397.62548449198437
MCL-Lando,2,2610.0,-95.59859411703374,15.235637400661071,282.13283722753727,13482.087805982468,102.13627356344432,399.81888734023863
MCL-Lando,2,2620.0,-95.37637291811089,14.962678228518097,282.3696217095497,13565.189871349208,101.88733118436001,408.7672101664317
MCL-Lando,2,2630.0,-96.24771463638938,14.481342658935931,276.79687823329175,13453.229927140897,101.34042903131342,415.4289373379978
MCL-Lando,2,2640.0,-95.70636471545274,13.637347547058543,275.19868350949525,13419.5663237286,101.34283935908056,381.30119445994796
MCL-Lando,2,2650.0,-96.05951509068548,12.920692497101673,280.842639144303,13539.428400523815,101.1159403469794,399.39957891436904
MCL-Lando,2,2660.0,-96.77290268200825,12.879198113404005,280.770769150604,13599.62280914244,102.03635897092614,385.33591072150114
MCL-Lando,2,2670.0,-97.2520135183471,12.345919258938958,284.2121123358222,13531.85333511286,102.21409432410485,408.80181446169206
MCL-Lando,2,2680.0,-97.66939411324998,11.394516749474036,276.0921586140496,13459.529734984793,102.93493724261272,391.66215546254324
MCL-Lando,2,2690.0,-97.05866136738165,11.486955104420021,278.3638054447813,13347.832514407915,102.72933705273329,400.72139400359265
MCL-Lando,2,2700.0,-98.12261915216172,10.755592235120861,279.9158803261223,13491.552460729221,101.24263295283212,391.38123891109717
MCL-Lando,2,2710.0,-98.03331396841831,10.037360596558884,281.7393113428023,13332.806573794169,100.97699876613866,401.0657223519889
MCL-Lando,2,2720.0,-98.48964580163417,9.302259351631156,284.97147664901354,13313.490150456437,102.21993191746816,399.864341967955
MCL-Lando,2,2730.0,-97.91265908377723,9.031590051843406,282.3864791392596,13330.11024629437,100.94967284931333,380.9838658317948
MCL-Lando,2,2740.0,-98.93481893297833,8.803681336307777,283.48685762761886,13428.488415746333,101.17089188145121,390.9281882932209
MCL-Lando,2,2750.0,-98.47417721905009,8.36808545840281,281.9953840369421,13674.542503513921,102.47069422413864,392.807413324082
MCL-Lando,2,2760.0,-98.42929560097838,7.764694707955701,280.56958103989024,13688.205767617612,102.62979563958511,391.41933697002315
MCL-Lando,2,2770.0,-98.70417491103254,6.55014281512218,275.43372827045124,13610.302481051333,102.86394224100484,400.55350493006785
MCL-Lando,2,2780.0,-99.57437686745774,6.563053726729562,275.78205181252906,13582.61969828816,101.03251084546793,405.3856419377691
MCL-Lando,2,2790.0,-99.78427718582108,6.401425092072085,275.18953838329185,13648.30817994026,100.50112961611201,400.98902109849087
MCL-Lando,2,2800.0,-99.20224883410958,5.409337865043639,276.10124969457627,13667.642760363438,101.46375056671948,419.50637247511634
MCL-Lando,2,2810.0,-99.95963596811694,4.448505123380127,283.0963368314676,13575.550594524071,102.49073564983581,391.39023033422336
MCL-Lando,2,2820.0,-99.93416763212761,4.269712683196244,282.24221405948185,13357.237612496865,100.65795574876879,382.46259031848365
MCL-Lando,2,2830.0,-99.9276149369211,4.01807614152927,282.8883234934761,13354.975909961135,103.16207755340943,385.8343483819191
MCL-Lando,2,2840.0,-100.17796106295948,3.6333905218829226,276.062349157167,13482.504205535584,101.32230932837858,390.18072909462455
MCL-Lando,2,2850.0,-100.23385103601434,2.3863822168030007,277.5417456731945,13316.554221592156,103.20925619148922,390.6626617431308
MCL-Lando,2,2860.0,-100.15442065090585,2.4281588924823003,277.8999377373603,13641.8003168266,100.6406845075324,384.245706747052
MCL-Lando,2,2870.0,-100.40604867557856,1.888284219670612,283.4142833390443,13350.903801419443,101.57413274713669,400.2455804942631
MCL-Lando,2,2880.0,-99.85930431358004,0.8247901385801014,283.18707693159865,13420.550256139446,101.9968437988542,390.80096581279844
MCL-Lando,2,2890.0,-99.61195992985033,1.0332495635498051,278.62800144912177,13493.877329562543,103.3753898461814,399.67113453488474
MCL-Lando,2,2900.0,-99.59297722618301,0.07650000447401285,276.6505065430068,13671.667679775928,101.57444600101951,417.14793732516245
MCL-Lando,2,2910.0,-99.85940389255428,-0.9218463437150067,276.87493470971566,13366.464036312516,103.00587888761945,383.6933885318677
MCL-Lando,2,2920.0,-99.50361014206072,-0.6315174401597919,280.50409106794694,13305.123732778078,102.33170103311214,416.23007602387173
MCL-Lando,2,2930.0,-99.75715154356544,-1.2240790622141406,280.9698624961777,13636.796751073094,101.47875210113166,380.90265380541666
MCL-Lando,2,2940.0,-99.46398262584434,-2.0644970139318213,276.717869132131,13324.566107372073,103.2825708884442,400.05905570148445
MCL-Lando,2,2950.0,-99.36107835859104,-2.372470507949186,282.04043923809417,13394.904494369655,102.80112615964889,393.82171408532196
MCL-Lando,2,2960.0,-100.17425965540893,-3.6894337092110803,280.94268963906177,13335.283286250353,103.48344279898213,383.0198476624402
MCL-Lando,2,2970.0,-99.28990436997037,-3.9833590432520825,279.91552646952283,13627.938336505926,100.62311598491635,399.8591684570769
MCL-Lando,2,2980.0,-100.09053340161343,-4.293612524762994,284.9060652398449,13330.09300441249,100.71075661089034,415.9588838381864
MCL-Lando,2,2990.0,-99.10247067053636,-5.25459701060053,281.881176195233,13522.965902740649,101.00941576600678,385.8758609709656
MCL-Lando,2,3000.0,-99.83067808987919,-4.927936004372689,122.9184155598616,10330.490206730468,102.94819241329164,876.608096641455
MCL-Lando,2,3000.0,-99.83067808987919,-4.927936004372689,122.9184155598616,10330.490206730468,102.94819241329164,876.608096641455
MCL-Lando,2,3010.0,-98.79173245684173,-5.453130511169535,117.19631238144862,10446.2216098429,101.42641088933713,835.415878380941
MCL-Lando,2,3020.0,-99.32908533998591,-6.121227199137501,122.07863888441271,10279.633671055499,101.56528205134617,807.2258550833229
MCL-Lando,2,3030.0,-98.76094311166376,-6.574922488341088,127.14090069626295,10138.300681526629,102.01738904014562,849.509647924825
MCL-Lando,2,3040.0,-98.8502470186966,-7.921056812014784,114.13823691916313,10636.904851033394,100.85915787526842,837.219217744539
MCL-Lando,2,3050.0,-98.69383089870011,-8.054677926727857,126.33080548579393,10218.542403146765,101.71044557719284,895.0863874780774
MCL-Lando,2,3060.0,-98.24840916970886,-8.74468191049382,115.91041681627654,10744.326301105932,101.95846082822462,806.1606307042358
MCL-Lando,2,3070.0,-98.12244076761972,-9.620123143834284,119.21770812040816,10268.27241811879,103.31850822478977,811.8400499724378
MCL-Lando,2,3080.0,-98.28552317151025,-9.917077294250154,126.87818381365648,10410.08933698222,999.0,898.4732244358721
MCL-Lando,2,3090.0,-98.01718470447787,-9.927251604381938,112.83248018085854,10612.29967006509,101.08410756064279,833.9202219102806
MCL-Lando,2,3100.0,-97.35479904190679,-11.212006984721217,113.38450100381647,10581.83133507059,103.0626050285159,861.8535890451168
MCL-Lando,2,3110.0,-97.47125733347035,-11.558128482231453,119.98715373391127,10785.218873437672,102.29606204604511,801.2624401982874
MCL-Lando,2,3120.0,-97.27249073057739,-11.48442491921643,118.72303935046128,10445.072553317666,102.61932731365675,881.1137386296397
MCL-Lando,2,3130.0,-96.49304921587509,-12.46471581903413,112.43627753047818,10681.396313648584,101.15958048226749,841.2174312103879
MCL-Lando,2,3140.0,-96.22958884225753,-12.479286029202358,125.89707334738074,10319.651174521814,103.47995768344983,840.3745353123887
MCL-Lando,2,3140.0,-96.22958884225753,-12.479286029202358,125.89707334738074,10319.651174521814,103.47995768344983,840.3745353123887
MCL-Lando,2,3150.0,-96.38608557679262,-12.970353465508706,117.61499538857746,10250.602093527874,103.49691468610297,819.4053347287578
MCL-Lando,2,3160.0,-96.12508117701377,-13.879211386392353,112.82120979064021,10679.782618372557,102.62388669758913,869.2818029721402
MCL-Lando,2,3170.0,-96.19190347727492,-14.854484041442898,124.5659292141431,10606.78232273134,102.91642666233713,827.4632658884411
MCL-Lando,2,3180.0,-95.41839723247409,-15.11156335400001,125.16070384321057,10757.415871017834,103.49573720743805,828.2097354584344
MCL-Lando,2,3190.0,-94.63511225310116,-14.976357777447644,127.91669799765826,10374.047086906117,100.70070534549802,849.6080489010694
MCL-Lando,2,3200.0,-94.4697556794225,-15.794284806947463,114.1548636498422,10437.658165896828,101.15303806482724,870.0489523301127
MCL-Lando,2,3210.0,-94.84036907986611,-16.269935238087097,124.66345320205441,10880.299869675004,103.260694793294,816.3530110648701
MCL-Lando,2,3220.0,-93.72932682519483,-16.70354720069917,118.18222224239476,10387.340488736385,103.4604527601471,811.3098520507069
MCL-Lando,2,3230.0,-94.07255513744519,-17.299758479050393,124.31168751961675,10102.506394117381,100.53872328615019,870.6958443479577
MCL-Lando,2,3240.0,-93.53481887525392,-17.983769009468702,116.67443522623054,10446.9454925035,102.54037057768923,887.4918615034649
MCL-Lando,2,3250.0,-93.18118556300305,-18.950909778974392,115.271140005286,10506.935285212501,102.79636939598694,807.3372159913862
MCL-Lando,2,3260.0,-92.95426770893252,-19.27516212879526,114.10698131228781,10787.272321464203,101.60698428040631,829.0845384424497
MCL-Lando,2,3270.0,-92.51294248327893,-19.89855445797369,117.0908473605011,10823.57234582711,101.57798807964235,893.8586038221744
MCL-Lando,2,3280.0,-91.86223408659637,-19.873540102343526,123.71142307703981,10590.221464428627,101.08960882798607,880.5236652925291
MCL-Lando,2,3290.0,-91.66176500110939,-20.206201159195487,116.87961773340638,10262.055501223653,103.27202472316716,830.0542393926759
MCL-Lando,2,3300.0,-91.14673284154375,-21.15970026096542,120.91443256252825,10277.299788695196,101.7796834124991,893.162036906852
MCL-Lando,2,3310.0,-90.57943843442352,-21.479739356208924,116.74681171461795,10718.26129615684,101.41763585825277,889.1889873609338
MCL-Lando,2,3320.0,-90.24285552202956,-21.656382126315336,123.53025704482519,10260.735654838789,102.60006760801276,890.3295038757774
MCL-Lando,2,3330.0,-89.1325838664584,-22.155187228454867,120.14914059472106,10553.561744864564,101.5025310666047,885.9497225803975
MCL-Lando,2,3340.0,-88.98795084667834,-22.565133925673177,124.31107129364196,10673.886235590473,103.03124922943081,893.3687732320819
MCL-Lando,2,3350.0,-88.82394583468084,-23.69867150764392,126.3605857865065,10296.148693497731,100.96101244728014,873.3805392537878
MCL-Lando,2,3360.0,-87.39106280586783,-24.075912410047593,125.4719636461561,10162.692382574383,101.94412920112673,835.020888677292
MCL-Lando,2,3370.0,-87.45803920772384,-24.76038967611798,125.38757506665871,10388.43937037441,101.20778039381463,802.5305853321655
MCL-Lando,2,3380.0,-86.98609638021954,-24.79902845577133,126.85350270937943,10124.608890709966,101.02612186678105,862.0855584841042
MCL-Lando,2,3390.0,-86.63039236970586,-24.84924803638479,118.14399597285706,10635.501489765855,101.85801660027069,891.0277517141703
MCL-Lando,2,3400.0,-85.28049497998461,-25.985077090331515,113.48558990998009,10157.764886878615,103.10650222445376,802.0340691132336
MCL-Lando,2,3410.0,-85.27641480895838,-25.908716702986336,123.55650246496945,10603.488605970566,102.12159569299436,845.6756431758029
MCL-Lando,2,3420.0,-84.43922672854065,-26.57150509477077,121.33716809072057,10218.137615536112,103.15683605488512,811.6090861490593
MCL-Lando,2,3420.0,-84.43922672854065,-26.57150509477077,121.33716809072057,10218.137615536112,103.15683605488512,811.6090861490593
MCL-Lando,2,3430.0,-83.91775485066333,-27.058399522576163,122.40283303964789,10565.045331425283,101.36568672380135,875.7671042429968
MCL-Lando,2,3440.0,-83.08564762763709,-27.141251414628453,115.91448967280517,10158.490910937902,102.86268502005846,895.7001763488288
MCL-Lando,2,3450.0,-83.1956063679623,-28.081234762750693,114.34798666348483,10769.248600580704,103.08405987263922,842.1674439150191
MCL-Lando,2,3460.0,-82.18051448719476,-28.75938169062044,125.66138894984437,10602.951565799052,102.09131603035027,839.8909859895323
MCL-Lando,2,3460.0,-82.18051448719476,-28.75938169062044,125.66138894984437,10602.951565799052,102.09131603035027,839.8909859895323
MCL-Lando,2,3470.0,-81.43540026576463,-28.9853351806474,117.66579025124828,10101.923282591682,100.79680705359941,892.875598228765
MCL-Lando,2,3480.0,-80.45001012224927,-28.954052942570044,118.3815425643999,10629.60987220162,101.70544250480361,862.9044596716935
MCL-Lando,2,3490.0,-80.03348747835007,-29.54579795644073,119.58407095480325,10831.731781826202,101.5423811318515,858.0458593830062
MCL-Lando,2,3500.0,-79.83367450096631,-30.46109339646364,115.4184335222106,10801.893981789315,103.10357436310102,867.6596084111243
MCL-Lando,2,3510.0,-79.18236680253807,-31.084849209613388,122.16362541625556,10191.225315221338,102.78725488807297,816.2155272388546
MCL-Lando,2,3520.0,-78.15868189701928,-30.91958841210588,120.9813076921585,10498.903475245941,101.60831592827803,896.1713030125708
MCL-Lando,2,3530.0,-77.44844195969115,-31.715544858618966,113.99041765828724,10203.46129558772,103.35761284998658,862.0860811391237
MCL-Lando,2,3540.0,-77.20279514348232,-31.751146912382602,117.49697851033899,10445.375078972145,102.57529529181063,872.9813222579037
MCL-Lando,2,3550.0,-75.96840956700802,-32.08185940708052,113.6215753305731,10287.920513650592,102.39931804243295,835.5377213011743
MCL-Lando,2,3560.0,-75.95050847108382,-32.829830454054644,119.74472870386856,10378.449461402568,102.11236434057683,857.8708092094978
MCL-Lando,2,3570.0,-74.48910206442989,-33.30088724917737,113.21887794926685,10833.447436646387,101.18693252512267,810.1312127457945
MCL-Lando,2,3580.0,-74.45270743613527,-33.85910100720958,127.2395589246633,10677.481854599057,102.9597698934136,869.0471451554815
MCL-Lando,2,3590.0,-73.25882682982161,-33.63901027078906,116.39126513957888,10101.987783118693,101.24483659709898,838.5144924650273
MCL-Lando,2,3600.0,-72.81219554401393,-33.959940703104465,278.98053787781436,13389.790160424682,100.6648615945606,384.36609731126987
MCL-Lando,2,3610.0,-71.62546970734265,-34.51658463924967,284.43257646281523,13624.472044282496,102.45416535332696,382.2989990073923
MCL-Lando,2,3620.0,-71.3194486629745,-35.31117854532648,277.95982745658944,13612.555614288944,102.07132440281761,389.7217076060217
MCL-Lando,2,3630.0,-70.56112586341533,-35.05383054826398,284.79970343456307,13459.780219421944,102.84202031836418,400.37092876968745
MCL-Lando,2,3630.0,-70.56112586341533,-35.05383054826398,284.79970343456307,13459.780219421944,102.84202031836418,400.37092876968745
MCL-Lando,2,3640.0,-69.86718154028509,-36.062868206417676,276.9873262393503,13479.62138074077,101.28083565690862,414.00282399693106
MCL-Lando,2,3650.0,-68.80872495892254,-36.73906955846844,275.2574520267387,13538.056014579448,102.98305606774215,382.0562951098843
MCL-Lando,2,3660.0,-67.95805894107956,-36.59810267626558,281.97252988246856,13536.57507789184,101.46997135302345,417.54488079628794
MCL-Lando,2,3670.0,-67.06327372526263,-37.43060622819224,282.03408278958034,13307.818664121776,102.43155172845775,415.4074883491215
MCL-Lando,2,3680.0,-66.34002477710064,-37.636118726108066,279.7967491972123,13585.439291768711,100.58615264258168,393.35361789968465
MCL-Lando,2,3690.0,-65.57101479378215,-37.28623544948719,277.4061373599289,13380.792350706082,103.0409083156088,386.0473560477394
MCL-Lando,2,3700.0,-64.7211178204365,-38.29814326998949,276.14676935136504,13398.80497989214,103.49693123440186,396.62557819383056
MCL-Lando,2,3710.0,-64.24824308050786,-38.405777440555624,280.64658657827806,13548.287569779812,102.23602537161463,382.6869708930452
MCL-Lando,2,3720.0,-63.1748387579027,-38.73030902481253,277.8748846055397,13580.505108848662,102.44018722885124,384.91114068721436
MCL-Lando,2,3730.0,-62.72224867283589,-38.93872927302942,277.4401178202112,13509.872896534025,102.61297759143652,412.3130265949786
MCL-Lando,2,3740.0,-60.910351109902685,-39.8685264736873,281.03193466694046,13370.771674736518,103.0165460820572,385.55363143130427
MCL-Lando,2,3750.0,-60.16369171664422,-39.752725347722624,284.77626245964177,13669.144737795608,101.61694732012572,415.6389757407103
MCL-Lando,2,3760.0,-60.0963794407543,-39.90289932519228,279.6722199856939,13386.321227310502,101.72471733132926,418.137812746991
MCL-Lando,2,3770.0,-58.4634845903666,-40.44948036141347,277.93107541324423,13409.52991202862,102.97171269376747,415.2698831978386
MCL-Lando,2,3780.0,-57.90399966443753,-40.95142436060741,282.27743477669463,13546.285374823243,102.09933126264447,409.67079901172406
MCL-Lando,2,3790.0,-57.463445398732496,-40.805283416863865,283.15182978460444,13613.607744769868,101.55248536473732,383.3167852874241
MCL-Lando,2,3800.0,-56.38668847761788,-41.515845390676,279.55533268091625,13312.684767636194,102.8092721733595,415.57950157979025
MCL-Lando,2,3810.0,-54.92780541677304,-41.50438565601038,284.22699082389676,13544.793923052008,102.17107378487862,405.2813997636819
MCL-Lando,2,3820.0,-54.576834738903166,-41.78144214854511,283.5970885737543,13663.648711936547,102.15427311515994,411.37754482586865
MCL-Lando,2,3830.0,-53.72222222307603,-41.848850403736535,277.72045887967323,13336.547132108037,101.50953983961212,381.65778810893204
MCL-Lando,2,3840.0,-52.940528728685024,-42.72048913613988,277.18504717608243,13587.446133016556,101.945543140307,394.4455048389318
MCL-Lando,2,3850.0,-51.24187118396155,-42.583925217036324,279.6103086358555,13393.664429776876,101.12519462225364,393.61986968494125
MCL-Lando,2,3860.0,-50.560906971270505,-43.40305320365788,284.17097461163365,13614.026068979709,101.49822664641817,400.8477384424273
MCL-Lando,2,3860.0,-50.560906971270505,-43.40305320365788,284.17097461163365,13614.026068979709,101.49822664641817,400.8477384424273
MCL-Lando,2,3870.0,-49.756536844849705,-43.749916558353206,278.8959235651895,13359.64781214401,102.91276264376609,418.95472116123835
MCL-Lando,2,3880.0,-48.366160141284745,-43.283643534835015,281.5837973503042,13562.32228933042,102.58634252090216,385.95515501038307
MCL-Lando,2,3890.0,-47.32603208117159,-43.903225848476794,283.7281621601074,13360.323870177324,101.82076986083585,409.2800915749804
MCL-Lando,2,3900.0,-46.88924791661957,-44.2507004119044,284.5201303210913,13626.689663708514,102.32219562499365,380.73669106363286
MCL-Lando,2,3900.0,-46.88924791661957,-44.2507004119044,284.5201303210913,13626.689663708514,102.32219562499365,380.73669106363286
MCL-Lando,2,3910.0,-45.93378180547919,-44.64497319624832,278.623705844287,13319.909933465658,102.74651754434058,412.1647050054801
MCL-Lando,2,3920.0,-45.3261765763572,-44.82747451706007,278.1023096305212,13569.293380755305,101.90907122779575,386.9065795847963
MCL-Lando,2,3930.0,-44.43641297382321,-44.71589455557957,281.90096839636044,13435.551149295683,101.2836967223301,403.7537194007229
MCL-Lando,2,3940.0,-42.78337666957682,-45.186240920200866,280.38200313126003,13427.671357853611,100.56067191050023,418.18503275803675
MCL-Lando,2,3950.0,-42.45660302001529,-45.866792966537254,279.1215979773183,13463.35267782584,101.71329344037294,407.1347058796109
MCL-Lando,2,3960.0,-40.9594303325951,-45.394737165746136,277.25664488530424,13686.929049360544,102.92174575574106,388.15691582542325
MCL-Lando,2,3970.0,-40.23983514859782,-45.467046411706214,279.3641025804354,13640.516653596595,101.0490340515405,418.0556766469708
MCL-Lando,2,3980.0,-38.52334762725086,-46.16580913006686,276.2188316410414,13695.568855131318,103.11432989584247,413.27508807332845
MCL-Lando,2,3990.0,-38.248354921219004,-46.59505821483298,283.90288488026283,13693.383526887079,102.26080013330389,411.8983247103745
MCL-Lando,2,3990.0,-38.248354921219004,-46.59505821483298,283.90288488026283,13693.383526887079,102.26080013330389,411.8983247103745
MCL-Lando,2,4000.0,-37.4446208413426,-46.44905624976276,282.8601846329586,13567.384219051675,100.6127790096925,397.8046746760356
MCL-Lando,2,4010.0,-36.20905884982597,-47.07837058106768,283.4004874836541,13699.249801540986,101.14667615052566,402.7413233404442
MCL-Lando,2,4020.0,-35.342664915527486,-46.4497909191156,281.51158122338376,13611.035872719058,103.15494474516225,417.4608100429965
MCL-Lando,2,4030.0,-34.23688331600399,-47.08867620891135,278.7397692693473,13593.218626423273,102.1833695354955,398.31924900856313
MCL-Lando,2,4040.0,-33.227817743447645,-46.83319083731746,284.7430558643745,13603.549370083585,100.6170224436199,396.838252618515
MCL-Lando,2,4050.0,-31.887824556562602,-47.57848737653049,280.7625881271646,13401.76806129948,100.61284753457419,387.2428576270623
MCL-Lando,2,4060.0,-30.944343695085905,-47.8046103185337,281.306181613941,13429.168848711099,101.76691326383961,401.8159525279504
MCL-Lando,2,4070.0,-30.055888472165755,-47.87558215885838,280.8416137112315,13369.804341253674,102.2526927479938,382.354183083286
MCL-Lando,2,4080.0,-28.85196558049166,-47.86447422831369,283.7903768184178,13520.499102306856,103.0927873287852,382.50491977230774
MCL-Lando,2,4090.0,-28.13833958608519,-48.433086597535436,284.54296854678336,13318.802257841457,100.59573732203883,395.16990070350846
MCL-Lando,2,4100.0,-26.603517846966575,-48.523499890147065,278.1923124826874,13413.766750960967,101.67237513927508,386.023337733999
MCL-Lando,2,4110.0,-25.430267641351005,-48.23971373575911,281.6280337956538,13432.177749107002,101.56204455935334,413.5940649237068
MCL-Lando,2,4120.0,-24.514997014853858,-48.05829795698481,279.7860965782891,13636.288409103505,102.27802646106794,399.02315857037377
MCL-Lando,2,4130.0,-23.65933679552383,-48.22967838174723,278.89484654257603,13569.339389458391,100.68370597579542,405.360318646294
MCL-Lando,2,4140.0,-22.9711290825943,-48.27893501595121,279.895220565503,13374.784252264799,100.7760999605797,398.37848013551985
MCL-Lando,2,4150.0,-21.193165915627556,-48.89582391406033,277.9414968571511,13428.50934281865,102.37003853048473,418.54867429191137
MCL-Lando,2,4160.0,-20.273336673115086,-49.22832531530299,280.54235288112693,13573.339213137817,101.59002431178544,419.3094375198438
MCL-Lando,2,4170.0,-19.661810615539856,-49.04607837439763,275.8077245938407,13343.96721583914,101.45465226007904,391.07089430046864
MCL-Lando,2,4180.0,-18.186496866400148,-49.615346540259,278.02799771948276,13365.86278107374,102.15225753743631,415.9973020216932
MCL-Lando,2,4190.0,-17.498793332449576,-49.03664161144891,281.41690457584986,13303.473969080707,101.81634481994037,408.86665652094854
MCL-Lando,2,4200.0,-16.593707011393,-49.45616399432957,277.4314852680385,13621.317624960895,100.76386648215181,389.48851819114924
MCL-Lando,2,4200.0,-16.593707011393,-49.45616399432957,277.4314852680385,13621.317624960895,100.76386648215181,389.48851819114924
MCL-Lando,2,4210.0,-15.56096192796567,-49.559680578001725,280.1336900976498,13656.050026419369,101.76753916036367,417.0534434603539
MCL-Lando,2,4220.0,-13.940349295217713,-49.51026783338167,278.2666373524517,13634.519655896558,103.08264149977786,408.1854244039117
MCL-Lando,2,4230.0,-12.554449362254042,-49.86160594770131,276.12545616430634,13468.125855144834,101.33726470198384,409.26165737343933
MCL-Lando,2,4240.0,-11.949918415702719,-49.8696630112322,283.45821417644214,13393.156613152387,102.68103140049247,413.9298521247604
MCL-Lando,2,4250.0,-10.498675345726056,-49.78590053537396,278.865075174737,13623.085641473703,101.6473128371309,409.40989468220874
MCL-Lando,2,4260.0,-9.491091592245924,-49.82348211062507,283.58526344447574,13626.809975168786,101.20107659092805,391.6003969541166
MCL-Lando,2,4270.0,-8.766809272078554,-49.33938816835653,283.18966637280204,13549.050648526214,103.36476671305559,397.74645527157077
MCL-Lando,2,4280.0,-7.592472916802248,-50.07300777846359,275.20492497541517,13503.339230524394,102.00686319734655,412.5211707443408
MCL-Lando,2,4290.0,-6.39327806982707,-50.23249661387651,276.38209755385736,13385.766141471497,103.21193226501525,387.12986046748426
MCL-Lando,2,4300.0,-5.028963933385878,-50.40614178795313,276.26057278885185,13552.398270615842,101.9881271165192,400.88587848052447
MCL-Lando,2,4310.0,-3.902298421556509,-50.00937505399371,283.6613003399371,13594.088157134665,101.08630869706147,395.9281979370421
MCL-Lando,2,4320.0,-3.4679474298454926,-49.56276837171509,279.95437649306314,13492.199996711272,101.8937179554893,415.0573534265785
MCL-Lando,2,4330.0,-1.9186641950641423,-49.62905892687571,277.44908172175536,13305.25080892527,102.30758577142558,401.46977579065555
MCL-Lando,2,4340.0,-0.5981075530419336,-49.695710380004364,282.7048800994511,13591.769184328985,101.00563462349989,387.56670337431564
MCL-Lando,2,4350.0,0.1861489938079171,-50.47493633264522,282.90626900031054,13569.753604084231,102.57012713091322,417.58082516583477
MCL-Lando,2,4360.0,1.1872228249073826,-50.17552688889395,283.95987110165623,13690.996471508048,100.60313284631329,413.3789423282497
MCL-Lando,2,4370.0,2.1044449209569205,-49.5155595378054,284.76268595015404,13595.658084331153,102.82692788132994,397.62014057605325
MCL-Lando,2,4380.0,3.098899798361458,-49.544664481377865,275.32578579131626,13523.649295411527,103.48455424563492,418.91298961183946
MCL-Lando,2,4390.0,4.0519310625318425,-50.444822690800564,281.08313220188774,13554.322729069216,102.75712843830904,385.0819679737938
MCL-Lando,2,4400.0,4.956869333940143,-49.91680772597842,280.1656460106903,13629.718024804066,103.43469320903536,398.4530858124811
MCL-Lando,2,4410.0,6.514697448729786,-49.869193643924646,279.61583325859743,13323.361858229051,103.26494129207504,415.1574058769355
MCL-Lando,2,4420.0,7.914924436716621,-50.15060413672808,284.4084311660016,13685.455102055726,102.64432832845516,394.56125920114613
MCL-Lando,2,4430.0,8.674666809160685,-50.00071370210572,284.02973469712003,13568.39238512252,101.29375197893042,396.99750912253927
MCL-Lando,2,4440.0,9.493192116605751,-49.34046787314478,275.7637137457294,13349.494023035813,101.63571459023252,402.60523694210536
MCL-Lando,2,4450.0,10.321151672823865,-49.435002913608926,282.86627922319013,13556.769920581874,102.00079164941847,382.81995933299834
MCL-Lando,2,4460.0,12.349128437945788,-49.29779171247028,281.46785502925655,13556.30808979104,102.4003020377859,415.24592749381566
MCL-Lando,2,4470.0,12.612798755261462,-49.45323635023802,275.9605804313053,13648.425411127582,102.00528155013998,418.90767297904665
MCL-Lando,2,4480.0,13.810794038794626,-49.1839583794338,276.34704132859844,13477.531987379025,101.00047067293377,386.22561990425646
MCL-Lando,2,4490.0,15.540637476626427,-49.40064507765861,284.0904709977058,13645.285775103845,100.64393604053754,402.34974467768654
MCL-Lando,2,4500.0,16.4526164156896,-49.15999673899095,275.29598402639317,13635.08304620493,103.468481909548,386.0984086629335
MCL-Lando,2,4510.0,17.568636427429002,-49.332821661999446,277.36545995200834,13687.337193320318,101.00174478026554,395.9765419947243
MCL-Lando,2,4520.0,17.970297139131652,-48.95365502570328,283.7145271100623,13454.723614614943,100.95016365851033,411.02395955079584
MCL-Lando,2,4530.0,19.158160831730456,-48.6496641456949,280.1811376624289,13531.59915217255,102.68763641397756,409.74788327746273
MCL-Lando,2,4540.0,20.378688145826505,-48.550211002332865,278.9499974886902,13387.449818315787,102.47006591121033,405.2349137792302
MCL-Lando,2,4550.0,21.88506091184519,-49.28467375142677,284.2757515251681,13518.595875667621,100.73120145799835,391.2657645206098
MCL-Lando,2,4550.0,21.88506091184519,-49.28467375142677,284.2757515251681,13518.595875667621,100.73120145799835,391.2657645206098
MCL-Lando,2,4560.0,22.774605219938973,-48.580797846179294,277.103800537072,13650.686234966422,102.75624473938947,399.23997734105933
MCL-Lando,2,4570.0,23.55603135245937,-48.8071486183184,275.0608473336272,13395.722447770282,101.50224057071974,401.42994508047747
MCL-Lando,2,4580.0,24.97809160680339,-48.18957950934764,279.83807197468826,13356.940733705049,102.66489244842928,380.99374520835875
MCL-Lando,2,4580.0,24.97809160680339,-48.18957950934764,279.83807197468826,13356.940733705049,102.66489244842928,380.99374520835875
MCL-Lando,2,4590.0,25.566187372611406,-48.17465679913525,278.2932439820661,13656.61441561972,102.50964002465138,383.93832304935495
MCL-Lando,2,4600.0,26.657796043699662,-47.84864877669723,282.8706624345458,13311.626612483808,102.67227853724815,395.7788446441374
MCL-Lando,2,4610.0,27.728860911593575,-47.55521646762066,281.10511693812066,13325.055844889386,101.52312569945775,386.69287455858296
MCL-Lando,2,4620.0,28.60748766086195,-47.509668375311634,281.42511234728784,13526.0359021232,101.79547057696786,391.53565258225126
MCL-Lando,2,4630.0,29.417125467247764,-47.28684691461493,279.90186449573133,13462.481068514244,103.23824229276106,402.8968198292815
MCL-Lando,2,4640.0,31.010385979577165,-47.17607949963502,279.46976365102404,13679.437273471482,101.9462020640691,411.9437634474935
MCL-Lando,2,4650.0,32.36878364962637,-47.717755711712165,283.35067556940436,13695.78813371804,102.4237221273701,403.948115141147
MCL-Lando,2,4660.0,32.92521795340431,-47.081959833270965,280.49209139479416,13450.23441420077,101.6028475201528,381.2138062137157
MCL-Lando,2,4670.0,33.597092342222936,-47.41722102359804,277.5064471244304,13441.287543983823,103.18074485406306,413.52220002070146
MCL-Lando,2,4680.0,35.07727539307682,-46.63551517441887,282.28883589201206,13623.604496465601,102.45144449354245,407.440312674668
MCL-Lando,2,4690.0,36.05947655693376,-46.98026849671354,278.8287857917945,13425.14895469603,100.80553335939902,384.31245036457693
MCL-Lando,2,4700.0,37.22546048289922,-46.78834329424836,275.91389497092774,13417.051049030075,102.65298061751784,386.4419164083123
MCL-Lando,2,4710.0,37.99603582041469,-46.45584486136502,284.6377073829445,13679.370633127519,102.17825199556053,409.70902318764763
MCL-Lando,2,4720.0,39.21029035320144,-46.070754145203686,281.9131050901756,13512.42839634866,102.64385903258676,408.3696700940162
MCL-Lando,2,4730.0,40.3332429622337,-46.01876601757844,275.8820954762273,13455.317386461165,100.98380442279164,387.40315802655084
MCL-Lando,2,4740.0,40.64140366387007,-45.78979331443093,276.5494902277516,13627.641071740565,100.95089933350198,418.4856230059863
MCL-Lando,2,4750.0,41.6709986264445,-44.99767246461378,279.3789228230747,13646.528840897307,101.27487343267421,389.13186021090246
MCL-Lando,2,4760.0,42.94528744224733,-45.61176310001713,283.5975989329188,13427.196576428532,100.7306200447085,389.6053312680962
MCL-Lando,2,4770.0,43.44926892463195,-44.69299478577977,282.02358047236703,13389.660380019694,103.26616124644174,389.9434809956162
MCL-Lando,2,4780.0,44.42811686471598,-44.400089969373575,283.34369875243186,13661.337800054573,100.92226402797289,389.2584822253553
MCL-Lando,2,4790.0,45.69474909032806,-44.64765626314051,283.5854359949718,13405.682134305904,100.6266478204965,401.06941516870967
MCL-Lando,2,4800.0,47.16858959161173,-44.60211321754845,112.17325491741427,10552.662926210403,100.87353125124267,818.7021250378643
MCL-Lando,2,4810.0,47.938867968358345,-44.216997632479696,117.04471666179337,10148.97068794805,101.31545021322806,879.6850684005633
MCL-Lando,2,4820.0,48.251391697612846,-44.078665185633376,119.4294638353573,10371.731725820939,103.08294614062015,880.6503760358153
MCL-Lando,2,4830.0,49.67770036536101,-43.38273803639701,116.09719498268687,10833.74451405958,101.08670012524914,845.7777448936289
MCL-Lando,2,4840.0,50.155326097885,-42.75170807616247,126.30492244559895,10564.658001694595,102.48796336647727,834.922858762149
MCL-Lando,2,4850.0,51.72880015045764,-43.295215304312414,114.8218253127223,10311.839785484934,103.41419186340777,857.3928429005168
MCL-Lando,2,4860.0,52.791126897688265,-42.1317756761266,120.706631039868,10157.021299953904,100.74261084296536,886.2306791540769
MCL-Lando,2,4870.0,52.94748537387292,-42.18579629952283,126.78247800224342,10423.520986825795,103.3099425999186,812.900375317964
MCL-Lando,2,4880.0,54.28303156610603,-41.69005368795462,115.09991839174282,10558.926877590115,101.45885140793196,886.30683036086
MCL-Lando,2,4890.0,55.26888618719572,-41.60608584082862,112.70121024952735,10601.67837622969,101.7043653073797,808.5821839556531
MCL-Lando,2,4890.0,55.26888618719572,-41.60608584082862,112.70121024952735,10601.67837622969,101.7043653073797,808.5821839556531
MCL-Lando,2,4900.0,55.70370115631541,-41.568126845777314,121.50183522224549,10505.174784570589,101.6226252343728,866.212454386315
MCL-Lando,2,4910.0,56.711210715224134,-41.27641223515799,123.07929617361184,10873.431967511437,100.97163659030701,817.2345691648935
MCL-Lando,2,4920.0,57.71112486480435,-41.134398982346745,117.66175024838486,10164.214313204171,102.108983249276,836.6168801909024
MCL-Lando,2,4930.0,58.31905595942337,-40.61169072360304,119.14028445540771,10865.659165410647,102.53419102604917,865.1349238705811
MCL-Lando,2,4940.0,59.52300181531574,-40.21399640043536,115.62433234381476,10669.960565752817,101.0595052081176,876.0239255550181
MCL-Lando,2,4950.0,60.97372059853693,-39.99068945390532,126.75805676934503,10410.13213966027,100.53240186942952,844.5799181552472
MCL-Lando,2,4960.0,60.988380778163126,-39.370086270516566,119.48720732196008,10787.194108134092,101.26961307568597,828.4948894095504
MCL-Lando,2,4970.0,62.7086336249568,-38.84311589535287,114.72984736651152,10896.435828678023,101.60285196797913,876.0237113614775
MCL-Lando,2,4980.0,63.00939815859723,-38.708442517021474,121.85068325357045,10358.296813169014,100.99418083703746,807.0241633251807
MCL-Lando,2,4990.0,64.08079289585163,-37.962053766898435,118.80387642283067,10523.4486593577,102.52904605682042,815.7441357803368
MCL-Lando,2,5000.0,64.7653095619896,-37.950355126334784,113.49650710165461,10623.436493709187,103.12580422520111,838.6902925247847
MCL-Lando,2,5010.0,65.85752940726987,-37.471276283209924,114.71380529803884,10539.764436245403,100.9553949469173,874.4489114165008
MCL-Lando,2,5020.0,66.71729495877489,-37.25694863863917,122.63994054820311,10231.838317740614,102.08428925891896,843.205039893078
MCL-Lando,2,5030.0,67.40012029792251,-37.10056614900404,112.80208969216058,10750.248152666041,100.73392267345058,842.8253192099384
MCL-Lando,2,5040.0,67.88408087585533,-36.48748777655634,113.20415017075251,10404.657783197421,101.67412340282073,891.9796101123678
MCL-Lando,2,5050.0,69.11830081416953,-36.58882926627843,123.72664659857811,10889.50503790098,100.75056286133014,800.0327522581158
MCL-Lando,2,5060.0,69.72164745005036,-35.44356936698996,123.39765620654742,10183.048266888482,101.29959387412578,818.4802766700969
MCL-Lando,2,5070.0,70.02063012207581,-35.704214033558365,119.652046122975,10540.140939529894,102.65327673436403,866.8887903110378
MCL-Lando,2,5080.0,70.92018742439792,-34.69418048026248,119.51672668155243,10748.369754094863,101.08553905961783,824.9710200627877
MCL-Lando,2,5090.0,71.49819186406522,-35.060655615093964,117.85449635880222,10455.548308319645,101.7702976954487,846.7634063184615
MCL-Lando,2,5100.0,72.50864893681849,-34.62149145386766,125.72293194029884,10747.445498018265,103.31191850110736,861.316430813642
MCL-Lando,2,5110.0,73.26942401278755,-33.51062579521646,124.4691709429276,10446.748716110857,101.35868204865636,872.7979502572505
MCL-Lando,2,5120.0,74.39486252388288,-33.37809272161054,126.56042385306233,10487.78558692163,102.02285447632572,879.1609823069439
MCL-Lando,2,5120.0,74.39486252388288,-33.37809272161054,126.56042385306233,10487.78558692163,102.02285447632572,879.1609823069439
MCL-Lando,2,5130.0,75.19722079746697,-33.65718704715063,126.85335446317906,10748.38381851887,999.0,877.3261046086099
MCL-Lando,2,5140.0,75.42601250959952,-32.66425797475237,117.02323291830757,10137.066510098231,100.90851034064875,820.7202947956694
MCL-Lando,2,5150.0,76.6836157315425,-32.5960300681302,113.55750511629505,10423.705120466477,101.28771612205432,802.1308483148434
MCL-Lando,2,5160.0,77.3411916209987,-31.670518090406365,121.59195047334828,10801.125698814009,102.96349423008223,852.7012992058171
MCL-Lando,2,5170.0,77.5749429155349,-31.40940531528017,112.57317608131949,10789.80848866931,101.56825369618197,841.2612670824699
MCL-Lando,2,5180.0,77.93607878652679,-31.391819385625976,123.90010515452718,10129.667142299619,101.22054372676698,873.1287407699789
MCL-Lando,2,5190.0,78.79590087845935,-30.68710567784387,122.82325865945194,10279.492598682205,100.71265688619468,801.2213969993518
MCL-Lando,2,5200.0,79.9875115268925,-30.334785683652672,113.34537531313833,10475.504685672982,100.8486614196918,828.0159586908311
MCL-Lando,2,5210.0,80.00822947530037,-30.186959026536343,122.99866886358576,10605.156278954786,103.33743611223349,893.7696221369476
MCL-Lando,2,5220.0,80.49748977710927,-29.200204260870517,115.11959992660648,10523.952533792433,100.80786089950821,847.6074699374556
MCL-Lando,2,5230.0,81.66498035362481,-29.097309726644355,114.77766567899052,10804.509030325144,102.56580705968639,846.1117628909612
MCL-Lando,2,5240.0,81.92693803654716,-28.59541974935817,120.42776068834536,10545.072362658271,102.18502988139508,853.3984818092899
MCL-Lando,2,5250.0,82.88846697558942,-28.23241600913674,114.62490983209102,10357.005498947601,102.98442994515393,811.6194861446479
MCL-Lando,2,5260.0,83.03973387174861,-27.630498479645077,124.22175553457775,10234.512373253981,103.42891841131404,811.7916044937053
MCL-Lando,2,5270.0,84.13088367742121,-27.626355525606265,120.72409340344119,10231.758029213559,101.37750405897998,838.2405522921302
MCL-Lando,2,5280.0,84.55948574824917,-27.08460096086581,124.0233963098422,10230.716827280685,102.24786511850135,833.440071113842
MCL-Lando,2,5290.0,84.69856373393324,-25.955152506198353,116.41247216233126,10492.668869256064,101.65032094182888,831.0151124413915
MCL-Lando,2,5300.0,86.10270035899049,-26.13963427938449,121.46461596217561,10515.553358783325,102.27626013183531,848.1471583618902
MCL-Lando,2,5310.0,85.7411854576428,-25.351679118289297,117.48964338956328,10340.69594811134,101.63746940616949,859.8864256976602
MCL-Lando,2,5320.0,86.98472265202503,-24.571010786270055,125.86742943785491,10348.94537416585,102.42155644177896,806.1704517254992
MCL-Lando,2,5330.0,87.2194508743774,-23.929499255732996,127.19013826666905,10650.148051491058,101.00582120984484,841.8750514959787
MCL-Lando,2,5340.0,88.0412266249327,-23.424343350256716,114.28688179959862,10301.879398519022,102.16416995830753,802.3453583831974
MCL-Lando,2,5350.0,88.7846466632138,-23.643733520633933,127.15413724147064,10894.2414126089,102.21220135500717,863.8670347332709
MCL-Lando,2,5350.0,88.7846466632138,-23.643733520633933,127.15413724147064,10894.2414126089,102.21220135500717,863.8670347332709
MCL-Lando,2,5360.0,88.42642044514614,-22.744618473797075,122.64464684021198,10792.686589964202,103.31008717888204,878.5377552104646
MCL-Lando,2,5370.0,89.54369037595748,-22.937242395310168,127.03256386885971,10622.004957161002,102.65746402587801,808.567096312619
MCL-Lando,2,5380.0,89.75033793650228,-22.404417768388686,124.00531870244225,10614.615995014134,103.15819661732331,863.6306272035544
MCL-Lando,2,5390.0,89.85327719565608,-21.492247615837986,117.41679931975511,10129.911577745972,101.09019657301221,891.9503025450006
MCL-Lando,2,5400.0,90.3382169952184,-21.03917805837726,117.7874855014784,10805.770944929951,102.97440713671047,843.3677793261197
MCL-Lando,2,5410.0,91.27819510375305,-20.532913333322018,112.3126149376707,10411.707121061974,101.95311577859839,805.4239523055104
MCL-Lando,2,5420.0,91.68471893538786,-20.141679152281437,115.7930450169869,10599.725295157486,101.10391962979033,841.1368468128279
MCL-Lando,2,5430.0,91.69334048878963,-19.204730450558817,118.9344965036276,10235.787322467715,100.76110207408358,862.1907533701893
MCL-Lando,2,5440.0,92.80152214861755,-18.8439866392647,118.2996739762122,10423.030888040435,100.82072117881198,894.8564985946009
MCL-Lando,2,5450.0,93.32272122978631,-18.497717612005808,119.3513458370731,10654.454555331373,101.22279059929288,832.0396841996317
MCL-Lando,2,5460.0,93.5637178584209,-17.615285338683538,115.15047005925916,10469.028362823781,103.26993205689219,803.6005828315467
MCL-Lando,2,5470.0,93.51474616874172,-17.934819872192403,124.3159416656666,10458.99439170504,100.61059567188158,852.3778470593294
MCL-Lando,2,5480.0,93.66018875320674,-17.391150870515325,117.1249137766104,10840.767066337625,102.63108885481135,805.3827527102795
MCL-Lando,2,5490.0,94.7703836368476,-16.869416401087996,120.17021545961407,10458.45221229374,102.62647659615925,842.3782637566787
MCL-Lando,2,5500.0,95.13300968309726,-15.825779199276283,115.14044142960863,10373.34608733042,100.50425163377349,856.429301611679
MCL-Lando,2,5510.0,94.97063088622829,-15.35489933594344,125.07547140280425,10805.6404588432,102.6611543611654,830.1079817885726
MCL-Lando,2,5520.0,95.3743708911876,-14.650928606402953,113.40448327710719,10249.921569375703,102.59300108886134,871.7581947191069
MCL-Lando,2,5530.0,95.63925328853679,-14.11645802820707,127.32206220011702,10474.416505522748,101.35512200440058,891.854132082269
MCL-Lando,2,5540.0,95.8872281802716,-14.112220639522738,127.49842849662946,10822.480354567453,101.40762869209506,884.2015284047808
MCL-Lando,2,5550.0,96.66667914974207,-13.675987524259323,116.17107041793345,10708.365350331951,102.34510678581476,814.5654985608236
MCL-Lando,2,5560.0,96.25375883601238,-12.50385699348585,112.80751629407003,10607.742645672663,101.29649594925448,853.2915499586759
MCL-Lando,2,5570.0,97.24008325282212,-12.026660097776134,122.54458582744293,10491.228027841558,101.87808283784211,889.6479752742517
MCL-Lando,2,5580.0,97.33235629376871,-12.114586419460473,124.34719050194467,10848.52833408943,101.91806269068238,802.8693695056721
MCL-Lando,2,5590.0,97.49916808316792,-10.820357219913259,121.34773874979598,10712.252313351964,102.01119610327898,862.3852497987879
MCL-Lando,2,5600.0,98.1456559373368,-10.529546965452438,115.59610938612823,10703.2403807525,103.40917127732588,867.310525200648
MCL-Lando,2,5610.0,97.8999907913931,-9.9006836108251,125.35389520340065,10467.870715846748,101.47700535492773,857.6248332371233
MCL-Lando,2,5620.0,97.92741768608055,-9.45004689994972,124.9152855101553,10484.297085970036,101.10152465056848,894.715764291842
MCL-Lando,2,5630.0,98.34025105885945,-9.221317532674968,114.34798704454323,10837.157942799848,102.80169771398381,880.4315305339051
MCL-Lando,2,5640.0,98.87934264585238,-8.912779965870996,120.5326763941918,10657.63403018535,101.90046861596265,823.3191808537879
MCL-Lando,2,5650.0,98.75213570209438,-8.468902526658518,118.20497922070784,10198.932121597736,101.99062488712569,868.526566302649
MCL-Lando,2,5660.0,99.30670104386878,-7.1464391716723945,117.0488135010158,10216.287131987667,103.28834704348034,851.5373009226664
MCL-Lando,2,5670.0,98.93609085173905,-7.175693171501447,114.10531059217053,10475.44349438496,102.93252061745562,869.6550729322565
MCL-Lando,2,5670.0,98.93609085173905,-7.175693171501447,114.10531059217053,10475.44349438496,102.93252061745562,869.6550729322565
MCL-Lando,2,5680.0,99.56211290132394,-6.452773341063934,125.84443470528178,10739.128870981565,999.0,815.0189008939342
MCL-Lando,2,5690.0,99.24553967099328,-6.0790306999373565,116.91777888714421,10830.835828834779,101.70710972163931,888.6372435741955
MCL-Lando,2,5700.0,99.20197422103764,-5.458877340515974,126.44633019352213,10545.062102492197,102.45921082385641,825.242092746708
MCL-Lando,2,5710.0,99.78006840259513,-4.973204840073061,125.50142809610415,10686.454721780312,100.72784241089813,811.1158485415287
MCL-Lando,2,5720.0,99.3602146757952,-3.8706024525074016,122.2648075353482,10747.393553532289,999.0,897.3111641504876
MCL-Lando,2,5730.0,99.90636548963289,-3.349818155257444,112.8309344867852,10217.132806156227,101.36881303173465,881.23773866538
MCL-Lando,2,5740.0,99.42311827558633,-3.1598681376756352,117.54247702590361,10891.046452514684,101.91939075202004,871.7580710973435
MCL-Lando,2,5750.0,99.56041094855402,-3.1379480019321706,118.7757523948386,10109.85747615742,100.68084550336121,812.5354095690293
MCL-Lando,2,5760.0,100.25137852283345,-2.304220829679923,112.21680273697963,10444.571319466824,102.53349127052259,875.2178306326214
MCL-Lando,2,5770.0,99.8585716338499,-1.5435429609116789,120.75223180441367,10163.899966279263,100.95504578218393,852.6041450996436
MCL-Lando,2,5780.0,99.66461703082021,-1.317000208888957,118.51440995301895,10218.38966987631,101.03798441375292,836.337597546588
MCL-Lando,2,5790.0,100.03623739116922,-0.41391151634734613,119.58955983360646,10826.922284604914,102.42271550342255,807.030484827948
MCL-Lando,2,0.0,100.25265861037508,0.44652822695678573,283.54745935013983,13506.714211072853,102.55639344520753,384.4768642678388
MCL-Lando,3,10.0,99.54239361049905,0.4084910738983537,276.0262075922882,13457.924664557273,103.1440102363548,389.10028087961297
MCL-Lando,3,20.0,99.6604143579381,0.5884924356442799,284.1320232255484,13342.509490174145,103.48511821301659,389.4754751986607
MCL-Lando,3,30.0,100.07414414976131,1.3173136015356013,279.22500998904843,13537.504277569684,103.33057606860788,385.66526796125356
MCL-Lando,3,40.0,100.23749098242736,2.0429828147675275,278.7350108849279,13645.316453354542,101.64392777397795,410.0687531337797
MCL-Lando,3,50.0,99.88893114598383,3.160430022751658,277.6916236599275,13372.35525477146,102.83751382265491,403.44796273322845
MCL-Lando,3,60.0,99.45446552972783,3.4179348825598126,283.97516030999174,13557.823396368545,101.57507599974267,410.67845622169847
MCL-Lando,3,70.0,99.2127920667828,3.8565039166503996,284.5793063832956,13539.424223281767,102.36800111244497,394.89026000570675
MCL-Lando,3,80.0,99.72074654536092,4.427501970688047,284.6843896284644,13393.22498210659,101.8145417040296,414.69843591627733
MCL-Lando,3,90.0,99.58338115619624,4.8954130725831595,279.68253191669027,13307.799371925079,101.9739694536105,386.4227913264169
MCL-Lando,3,100.0,99.33576933520017,5.370792172455311,281.2291155878529,13351.354831297822,101.71930899770699,392.12986594256546
MCL-Lando,3,110.0,99.35535475940091,6.353892701791918,284.74622364514073,13682.68149512303,102.49962599559808,380.0877215290869
MCL-Lando,3,120.0,98.81454774059567,6.973343668555072,279.4505881857513,13447.12944034358,100.97072521608563,380.240770440774
MCL-Lando,3,130.0,99.19517626464045,7.141727681377783,276.76846851423005,13582.335241789955,103.13156135095178,403.3158748162646
MCL-Lando,3,140.0,98.79331413199193,7.299255468128615,275.0209044932991,13500.904411777698,101.99192148452491,395.9996070749203
MCL-Lando,3,140.0,98.79331413199193,7.299255468128615,275.0209044932991,13500.904411777698,101.99192148452491,395.9996070749203
MCL-Lando,3,150.0,98.50337143306746,7.861590163949134,282.56770109928704,13347.815966587463,101.26701150263327,388.26976255614704
MCL-Lando,3,160.0,98.29113722711732,9.063053916862899,284.2093284189248,13439.7668373604,101.588915711702,418.7314828664661
MCL-Lando,3,170.0,98.23180770661759,9.044165461048477,282.14468886105726,13375.593464961317,101.26873962746456,382.578323176408
MCL-Lando,3,180.0,98.15567465773198,9.465743627867637,279.6269246493952,13482.907704291463,101.49764103599215,398.71725891066006
MCL-Lando,3,190.0,98.38380681143964,10.061041819743924,281.8192189438568,13416.45743105477,103.33844348689163,392.9352940367723
MCL-Lando,3,200.0,97.7146346939759,10.39980339183514,284.2561979840989,13441.236150342542,100.67121927155571,392.3765277727159
MCL-Lando,3,210.0,97.43729184979253,10.963849490220541,279.5735193763568,13380.785968948205,102.95302370939248,385.738199668772
MCL-Lando,3,220.0,96.77780288455929,11.819221451284271,276.31565572641836,13509.466463444398,103.03683735205074,392.8961906210672
MCL-Lando,3,230.0,97.0422644415518,12.134349041055698,277.12637495512314,13569.746892172137,102.96017954956189,397.04989505066084
MCL-Lando,3,240.0,96.20356118273651,12.60977802235267,280.84360522987066,13651.694856803755,101.00352142116508,387.0448212060187
MCL-Lando,3,250.0,95.89638448237233,13.092869379926315,276.6432903628941,13301.695740808296,102.37778344858339,393.1070225293423
MCL-Lando,3,260.0,95.85626746089014,13.574449832386096,284.85382591460143,13496.24280570872,101.77215842497017,396.82644097756946
MCL-Lando,3,270.0,95.37272479498104,14.25988973699749,283.5197604112657,13522.250668231294,102.96785324931359,400.25538050524744
MCL-Lando,3,280.0,95.4627248282298,14.830352912477169,276.17607300157107,13316.264174298527,100.66330661064288,413.8904093866345
MCL-Lando,3,290.0,95.13424539300749,15.27176999140861,280.7641700979651,13415.303910094302,102.02072814646682,394.1465203959042
MCL-Lando,3,300.0,94.6740794846075,15.940047018085629,276.6758850105201,13662.383980191,102.80004544079675,410.04800537532117
MCL-Lando,3,310.0,93.98112284043098,16.098298728148094,280.9036987362362,13375.297707366273,101.93771949191655,415.03422221297546
MCL-Lando,3,320.0,94.21051069074173,17.163068115412003,280.38289769141716,13405.004556473961,103.03449573450703,404.8945289694975
MCL-Lando,3,330.0,93.78224831678375,17.960249791472243,279.596088573293,13343.747262229075,101.59178837172905,398.41112742766796
MCL-Lando,3,330.0,93.78224831678375,17.960249791472243,279.596088573293,13343.747262229075,101.59178837172905,398.41112742766796
MCL-Lando,3,340.0,93.68895175292847,17.62581748947408,278.35500009116913,13534.691776586318,102.46912246887365,386.7774063165575
MCL-Lando,3,350.0,92.48424745801744,18.1714510964261,276.0695092037129,13564.467155458773,101.58324791932634,407.36615714124355
MCL-Lando,3,360.0,92.13968176589987,18.547320523539938,276.5701346455995,13646.231501880058,102.42767246848213,402.91406134017694
MCL-Lando,3,370.0,91.7690631806536,19.033392216372295,280.8771497659424,13430.981145285878,102.65042064936907,382.95302502301496
MCL-Lando,3,380.0,92.04622470225526,19.696187257258853,278.10434459179345,13488.558701281776,103.1678406880772,388.093187889156
MCL-Lando,3,390.0,90.71551923180617,20.376895005008528,278.97113452583693,13491.959289827733,102.60471659084733,412.1853895266014
MCL-Lando,3,400.0,91.05916902864631,21.279468428901932,277.548651121838,13456.035563090898,102.26517457049266,418.957355676384
MCL-Lando,3,410.0,90.32992943852067,21.6834178312182,280.69596459583505,13591.634375730147,102.95898942331857,398.9094162464943
MCL-Lando,3,420.0,89.84101817155826,21.81438952488189,283.2116633835242,13509.699293324004,103.45863709188427,387.8404043275827
MCL-Lando,3,430.0,89.3487512134402,22.094916336939654,281.675463397743,13426.660732211541,102.73939642673813,412.2476993617015
MCL-Lando,3,440.0,88.44621894810616,22.555981624161582,280.3146494711501,13567.610713416898,101.18095143632125,396.389479520062
MCL-Lando,3,450.0,88.42238249465828,23.40024965266264,284.37536588790465,13532.632389939514,101.69945681351722,416.3005431170534
MCL-Lando,3,460.0,87.43082242378911,24.378083988308823,283.04674161030835,13335.605149912071,100.8490050124091,386.30616829332513
MCL-Lando,3,470.0,87.26437090561511,24.188406706184136,276.782482069048,13671.332673932002,103.25050343026741,389.02615047789317
MCL-Lando,3,480.0,86.90407135637479,24.401526283548087,275.3295137225615,13430.71910294552,100.5846749192086,389.20874318005576
MCL-Lando,3,490.0,86.27158786456255,24.82590423117122,283.5049028442168,13443.311219192121,103.32273134274742,388.5088842112592
MCL-Lando,3,500.0,85.6682644927975,25.76872770300384,277.7350389319434,13688.865585970825,102.00677166386129,389.74196720737837
MCL-Lando,3,510.0,84.91974274874553,26.710579675541283,283.8478508679425,13491.669885329631,101.75355945894191,413.5399159228328
MCL-Lando,3,520.0,84.12941105120912,27.156966806140037,,,101.7622943017302,417.7991103452649
MCL-Lando,3,530.0,83.86142211181604,27.095533354628976,,,102.91251665484296,382.76896893858714
MCL-Lando,3,540.0,82.87218284519678,27.98224138891279,,,102.11940966797151,388.1014196333129
MCL-Lando,3,550.0,83.04483521123355,28.101697553683287,277.86746105736705,13472.338908266158,101.42003985636143,383.3948171596906
MCL-Lando,3,560.0,81.81223247927828,28.41072552784571,,,100.76587552143504,388.07340230778385
MCL-Lando,3,570.0,81.07613426082584,28.70136539897954,,,100.56721570527404,390.27888132267424
MCL-Lando,3,580.0,81.28719997537026,29.81340370932257,279.24116379282333,13530.7690775505,101.80497906881811,411.04540748364167
MCL-Lando,3,590.0,80.39392982834808,30.02164370352746,279.2002415423843,13474.87546768506,100.83675569098126,389.89497366181706
MCL-Lando,3,600.0,79.8529097891374,30.71182639921021,282.7085138671062,13624.663664760239,102.15614837024631,407.0127413063728
MCL-Lando,3,610.0,79.06956130714033,30.52260385778793,278.54825933522676,13696.577488202633,100.53263630619074,418.1749122351896
MCL-Lando,3,620.0,78.2728477138826,30.66348437373722,,,102.33179545145941,410.52482895074337
MCL-Lando,3,630.0,77.53805486453663,31.533653056123946,,,101.18087472081388,414.4253236743651
MCL-Lando,3,640.0,77.14118087337222,31.64026756502377,,,100.89553213285679,382.2824219934783
MCL-Lando,3,650.0,76.1526607780183,31.896461627557727,,,102.34636324250695,398.3161859375368
MCL-Lando,3,660.0,75.62832447537845,32.41685305099604,,,100.59425477949046,391.2871218266347
MCL-Lando,3,670.0,74.44355002522363,33.09107206297168,,,101.19661313695292,393.3279343228091
MCL-Lando,3,680.0,74.34973583847145,33.504849212159684,,,102.32115611906728,402.8210321453567
MCL-Lando,3,690.0,73.63816564612438,33.64129993522128,,,100.62167967001476,408.3766647992752
MCL-Lando,3,690.0,73.63816564612438,33.64129993522128,,,100.62167967001476,408.3766647992752
MCL-Lando,3,700.0,72.64604735346155,34.32399579824481,277.3294999551695,13387.569125682308,101.97449467709569,394.62716381165825
MCL-Lando,3,710.0,72.17120092367966,34.89172388972258,284.7752786842905,13633.913756354586,101.54870502658362,392.3445301842632
MCL-Lando,3,720.0,71.12818854057973,35.56819681057414,277.1545110697501,13434.108894181074,102.73979583808764,391.44433575573584
MCL-Lando,3,730.0,69.89703656744271,35.1412151155075,284.77426599236856,13544.700046347756,100.8708102409335,399.59638011414023
MCL-Lando,3,740.0,69.06444876703114,35.85798077294496,278.4993122893908,13682.02491417733,101.87700043957196,403.28584973378076
MCL-Lando,3,750.0,69.03024416137154,36.71921057019819,281.95439166142967,13597.674795750128,100.54154022329934,404.27723957840834
MCL-Lando,3,750.0,69.03024416137154,36.71921057019819,281.95439166142967,13597.674795750128,100.54154022329934,404.27723957840834
MCL-Lando,3,760.0,68.18629355881085,36.43651923535584,277.28429795368277,13464.841719094944,100.85184437688426,402.26767081025565
MCL-Lando,3,770.0,67.08567577162682,36.55367790429106,275.23139931511304,13333.468688458495,102.65214921149214,396.53417367968785
MCL-Lando,3,780.0,66.8248784338751,37.63578742990149,284.4763949605132,13323.752588438245,102.79525410988632,409.6460752544719
MCL-Lando,3,790.0,65.21025859932078,37.78298979285018,275.45055959136596,13405.982952955426,102.90007715978659,393.1994334434952
MCL-Lando,3,800.0,64.30096272765228,37.92872536332605,275.55516117934627,13588.823267518032,100.88818389219261,417.25830730632504
MCL-Lando,3,810.0,63.631421339974985,38.119442128491016,281.56431637319315,13347.493083250483,101.48094072163917,412.577456316372
MCL-Lando,3,820.0,63.386092646709834,38.54154300994218,279.19784599448127,13458.26412380481,101.09184734024345,407.2002917719309
MCL-Lando,3,830.0,62.37639569375593,39.20394601495442,276.8726733837967,13526.148602238836,100.98407067769155,411.2879140775929
MCL-Lando,3,840.0,61.14928643405447,39.12154608519312,284.5669039627872,13400.290210914918,100.69168114587129,410.6502148744469
MCL-Lando,3,850.0,60.694769517740454,39.51198238507706,280.3593037129672,13303.875305773327,100.56086298809542,382.41805453731826
MCL-Lando,3,860.0,59.92858078737243,40.033570853365255,276.1758493849124,13560.474669129422,101.89665924485031,391.51637661254455
MCL-Lando,3,870.0,58.76922167469998,40.86334284342662,284.4826988197467,13563.586386769002,101.82257433770249,389.2654787818308
MCL-Lando,3,880.0,58.21318441378794,41.22672027964577,280.7751982019433,13621.76031629673,101.00841399871383,414.36769591191734
MCL-Lando,3,890.0,57.46031454785774,41.11534613140685,275.73853628143047,13316.002755143032,100.56813458487703,411.7578441555572
MCL-Lando,3,900.0,55.64964232511619,41.110843243703755,282.28473671467407,13634.050844099009,102.23385825199176,392.195743362117
MCL-Lando,3,910.0,55.59422377259344,41.772764371855864,280.3464895720566,13425.948585614004,101.17935028869132,417.42584490778086
MCL-Lando,3,920.0,54.153753875183234,41.89891897925575,283.6143765141961,13555.456218737709,102.30135081117861,385.3528296432637
MCL-Lando,3,930.0,53.36325475577799,41.90840388408802,282.0530715346181,13379.558414438292,101.00844646572706,401.45957773363483
MCL-Lando,3,940.0,52.79507377444322,42.95258900612465,278.73013521029173,13377.650635326469,101.23048681687753,404.67373559836756
MCL-Lando,3,950.0,51.1978549608546,43.13046232327455,277.16286079170897,13667.452022324482,103.02048455689425,391.63835936206766
MCL-Lando,3,960.0,51.03060976588469,42.811584563670955,275.21540789331215,13611.961922197352,101.47078441676878,411.34074015356924
MCL-Lando,3,970.0,49.39806560653333,43.35961929309931,283.33725592896957,13406.155782963924,103.12488352931167,404.27135861978877
MCL-Lando,3,980.0,49.004097350715654,43.50654237910188,278.61908284498736,13538.284377394306,101.68032481520757,393.84649970491347
MCL-Lando,3,990.0,48.17519892008713,43.83001187312736,282.07496055462775,13480.983680962929,103.39251581316961,391.7013875097694
MCL-Lando,3,990.0,48.17519892008713,43.83001187312736,282.07496055462775,13480.983680962929,103.39251581316961,391.7013875097694
MCL-Lando,3,1000.0,46.371282247458325,44.200425232968044,280.1478741184713,13400.927162462232,102.40228094137711,408.9280595353753
MCL-Lando,3,1010.0,46.28605104418675,44.24707817803036,278.55096864731894,13330.009284401649,101.88125273111245,392.9117953031394
MCL-Lando,3,1020.0,44.76354069600584,44.65051410557579,279.40868835111166,13369.151034436998,100.51518643360905,418.17866457465726
MCL-Lando,3,1030.0,44.41865142979237,45.09942801860488,282.47418746835393,13694.31227387602,102.87421034468173,400.24649118084017
MCL-Lando,3,1040.0,42.84236269073191,45.174157437635465,282.20988298696693,13651.457019842159,103.4966935451688,418.5450363920216
MCL-Lando,3,1050.0,41.84867554612556,45.11065590688001,277.77446505256006,13304.86575331669,101.77118721568176,414.59493602935584
MCL-Lando,3,1060.0,40.536276803814175,45.89321312806237,281.1890419527916,13431.821359562304,101.46123669142827,416.5859049549789
MCL-Lando,3,1070.0,39.61753019387626,45.92536447510073,282.42373939865007,13570.087342863986,102.8296534021001,382.29650690165556
MCL-Lando,3,1080.0,39.2141359634267,45.7909171784549,284.71194462696724,13670.345053841116,101.93467306481588,398.2073050215485
MCL-Lando,3,1090.0,38.005871685692114,46.657761545834724,278.20150658013864,13687.849704319946,102.88488312363795,398.197837343672
MCL-Lando,3,1100.0,36.67634175793333,46.14928492146493,282.41866079841026,13677.470215626654,102.70311384087154,386.2873937139283
MCL-Lando,3,1110.0,35.9661055062267,46.70958130322365,280.35437426383464,13399.51329901993,100.52024238650553,383.7126859987399
MCL-Lando,3,1120.0,35.43718726849371,46.92366386381869,282.3819929957888,13673.00956339266,102.3015136017061,411.7538402440397
MCL-Lando,3,1130.0,34.31892628307566,47.1045963323029,276.2523254729337,13438.572479907873,102.66953568933857,380.6914759155628
MCL-Lando,3,1140.0,32.643444869957655,47.00907666565787,284.8224967436557,13551.434439814257,102.86097006596806,389.2188689032852
MCL-Lando,3,1150.0,32.105326186152645,47.73131220685651,277.6671644902479,13445.363868480801,101.78001183824412,399.8273073412977
MCL-Lando,3,1160.0,30.670069983554722,47.946458231175264,276.1611814931039,13589.049895629209,102.47819971300378,393.7473189739584
MCL-Lando,3,1170.0,30.36292551873524,47.32127857957471,283.39878623357384,13633.076874004126,101.8960970306987,397.07839050090183
MCL-Lando,3,1180.0,28.750479052748705,48.040156285521824,284.23107040072875,13386.177680573423,101.09470169650403,393.47442105201435
MCL-Lando,3,1190.0,28.072559607421546,48.254480289177245,279.8717908245614,13495.750749942854,103.04745095556432,385.2451434016762
MCL-Lando,3,1200.0,26.41692855200928,48.31484650761419,118.08191690879742,10714.76414499971,102.30067676870817,884.1501984965553
MCL-Lando,3,1210.0,25.24557611543403,47.853993988731666,127.40379736128858,10121.323334687488,101.87212139618812,844.2154890214791
MCL-Lando,3,1220.0,24.632115382592808,48.945020265791804,116.06099461007186,10822.267495948005,101.9697555045088,854.5790232959998
MCL-Lando,3,1230.0,24.094800812317597,48.19199496070579,116.67945931042463,10602.988887421869,103.04150008323903,879.3879290489972
MCL-Lando,3,1240.0,22.16269313520509,48.814349568806335,126.29207547238148,10542.625738917597,102.21886270391263,866.0202385949754
MCL-Lando,3,1250.0,21.812653585640597,48.99224779591375,117.99973735898935,10642.50064964972,101.9538436635492,870.5200040640187
MCL-Lando,3,1260.0,20.701487671249616,49.173073014902684,114.28308020258943,10887.115528820526,102.87700693377785,893.5414871272196
MCL-Lando,3,1270.0,19.516417308862703,48.63773233690386,114.02893806859399,10887.112821229155,101.77670884244677,846.9070046760766
MCL-Lando,3,1280.0,18.692600525529897,49.64079260423166,126.49610209653702,10378.749576848619,103.37811635210255,875.9938619860794
MCL-Lando,3,1290.0,16.970647397361414,49.11036144058647,117.24710132677787,10817.253273827095,101.10084438356671,817.3307213705828
MCL-Lando,3,1300.0,16.031266862489534,49.444230768445244,119.91571765634774,10222.362736750969,102.72874297463937,853.8600972800907
MCL-Lando,3,1310.0,15.21825790132751,49.669423074324754,113.38389791501437,10861.157696050308,102.75705847523452,842.5881451771859
MCL-Lando,3,1320.0,14.367378808173997,49.98339457139145,116.65920697877914,10684.79017227016,101.0712796672375,897.466182566462
MCL-Lando,3,1330.0,13.333179277164744,49.2920913292014,122.77494283869477,10646.023334300027,100.86353323008257,850.6517935459751
MCL-Lando,3,1340.0,12.155634517570048,49.360156214245,122.11920550251217,10332.2494263486,102.6907077548939,852.0294259185234
MCL-Lando,3,1350.0,10.369726016500223,50.0328326880707,126.67179925411664,10523.354652128914,101.25392495769253,802.4729661418187
MCL-Lando,3,1360.0,9.414013986138222,49.6213203390659,127.50251266370441,10514.031896583258,102.24760579588677,841.1096520135345
MCL-Lando,3,1370.0,9.03826788521253,49.80262781355146,124.10981361730414,10305.9239005672,103.2368209245368,813.232937729054
MCL-Lando,3,1380.0,7.356425141046175,49.88875075187931,112.9334684981166,10899.62987071654,101.60806268664052,857.2322922009067
MCL-Lando,3,1390.0,6.810457742322144,49.847821470254615,112.2032918047462,10356.966024056364,101.22218437611487,850.306432832046
MCL-Lando,3,1390.0,6.810457742322144,49.847821470254615,112.2032918047462,10356.966024056364,101.22218437611487,850.306432832046
MCL-Lando,3,1400.0,5.032133301160523,49.80943112526415,126.95627536606409,10641.830828960781,103.19651589844784,838.2441568737999
MCL-Lando,3,1410.0,4.38794561850306,49.54535791383707,121.1189776456493,10677.80706769425,101.44953411144863,829.4319910861798
MCL-Lando,3,1420.0,3.039543914857405,49.577241700468946,116.22698706821538,10481.869955518072,103.40201472762297,857.6901338041138
MCL-Lando,3,1430.0,2.564409703949459,50.002723325608834,127.62911844021872,10433.995755762495,102.56345648019813,889.8856616366055
MCL-Lando,3,1440.0,1.1704955880792611,50.27963428477073,114.277207021411,10508.507587472275,102.58265267314927,846.5235524262129
MCL-Lando,3,1450.0,-0.22664624205791836,50.27131930647942,123.19839491460895,10739.556951110799,102.03151657883416,850.8924151848144
MCL-Lando,3,1460.0,-0.8347743736635258,50.063604467030764,121.70604532094654,10574.260717345715,102.18692871880256,873.3436313014979
MCL-Lando,3,1470.0,-2.5902497764190793,49.78092717913993,125.46205999158538,10853.682470159798,102.30027400569543,858.2824115115372
MCL-Lando,3,1480.0,-2.8412005112670915,49.83974552127883,126.15718481916136,10708.850945954679,101.06684890290283,820.583668053242
MCL-Lando,3,1490.0,-3.9934929028781427,50.0685894178162,121.53084095835398,10120.707183503273,102.12911159778824,899.1185739539517
MCL-Lando,3,1500.0,-5.018972964878078,49.85829769915583,123.23844878862299,10469.325139404753,103.46925780963721,807.0783590894079
MCL-Lando,3,1510.0,-6.9397581223275395,49.92287742421997,119.81570680292305,10525.816740252441,101.15442324664365,802.0265121953557
MCL-Lando,3,1520.0,-7.619719562046028,49.86681643187686,120.17904957159215,10332.847007432732,103.03503684204789,889.9201254665012
MCL-Lando,3,1530.0,-8.854166429305064,49.81356368513143,112.18917277077722,10401.4585478619,101.90277996687168,828.6135208506356
MCL-Lando,3,1540.0,-9.739786852089193,50.222404989818074,112.79212623377923,10588.820204155427,103.1788389570742,876.3269807139109
MCL-Lando,3,1550.0,-11.282795779762933,49.60191082895174,126.32733282684475,10296.782685843635,100.54583345882735,817.6751140023582
MCL-Lando,3,1560.0,-12.371594926512401,49.95646224970147,119.65594011943732,10378.607819476365,100.87855185910644,886.6242717452474
MCL-Lando,3,1570.0,-13.175795534207634,50.030226300750066,126.04004991954973,10185.642814526542,102.17422358953192,862.7164118730506
MCL-Lando,3,1580.0,-13.676888827568254,49.34218340205153,121.02546752442207,10677.580204751623,103.28280368606625,832.372703226145
MCL-Lando,3,1590.0,-14.863372579131756,49.32403617948731,116.44129597657184,10368.585911956623,101.33753709324867,869.8446463350975
MCL-Lando,3,1600.0,-16.60854710357211,49.19706343001879,120.02011635757401,10734.310316586592,102.46462874790821,880.4158000883606
MCL-Lando,3,1610.0,-16.790651932369325,49.44306974870163,113.78618375179609,10848.160937744602,101.53621542235125,891.6167497454514
MCL-Lando,3,1610.0,-16.790651932369325,49.44306974870163,113.78618375179609,10848.160937744602,101.53621542235125,891.6167497454514
MCL-Lando,3,1620.0,-18.774169675667828,49.17959845342205,115.49864624068123,10311.951505102226,103.48108509910355,852.7669046665206
MCL-Lando,3,1630.0,-19.01595921207929,48.714359199711176,127.85946183252048,10516.3464648339,100.51414671686322,855.1104497163536
MCL-Lando,3,1640.0,-20.176769183686954,49.36098753852919,126.82914520669138,10164.960241635485,100.52602634030794,800.8266053558328
MCL-Lando,3,1650.0,-21.036555277873923,49.29181019285106,117.67688039378415,10642.800409569492,103.25345504510597,823.4613099680444
MCL-Lando,3,1660.0,-22.950955213722615,48.84255513611161,117.81288579288689,10395.21493045416,100.622645586262,838.2202310550872
MCL-Lando,3,1670.0,-23.40110058890794,48.79220626132232,126.22437651070462,10834.020692726383,100.86076762557487,896.5936102745984
MCL-Lando,3,1680.0,-24.702230848318393,48.611740846006825,115.66167497531885,10276.99582316098,101.16265808495078,896.467074518044
MCL-Lando,3,1690.0,-25.365707972406323,48.35951624897355,127.47886404053813,10339.541152172655,101.50606331003998,870.4132783711175
MCL-Lando,3,1700.0,-26.868687952607708,47.68465274691351,120.54311457179035,10277.082692162721,102.15060861356253,868.6731070457477
MCL-Lando,3,1710.0,-27.378731315057472,48.14151450011362,126.91930933573951,10370.690388897658,102.17966875644825,840.2125005473383
MCL-Lando,3,1720.0,-28.61099700676968,47.48491159574207,113.33558541895464,10596.563324205017,102.03644265367366,878.7725826997253
MCL-Lando,3,1730.0,-30.343631860976295,47.305352775157566,118.54095986385587,10160.888559966537,101.62751509297355,898.4929880019158
MCL-Lando,3,1740.0,-31.08624829318085,47.97399415754304,125.09922848963578,10436.39957626843,100.63998156320766,831.0839477741434
MCL-Lando,3,1750.0,-32.37312810036865,47.794592343523654,123.57185467195572,10370.848558899394,102.67949586815836,862.2233816162519
MCL-Lando,3,1760.0,-33.38855581772363,46.72280635429941,123.43670463158925,10217.05415536356,101.93457954672458,879.6099598694761
MCL-Lando,3,1770.0,-34.28150893469044,46.99767503607571,118.79801599772662,10152.902297247607,101.56326122656793,838.0195486113143
MCL-Lando,3,1780.0,-34.78667230176568,46.51281462721816,116.61807008707807,10381.941844683728,101.08575779025267,807.5298650719931
MCL-Lando,3,1790.0,-36.46289986175715,46.69635470175198,112.94667191558034,10164.594223312693,102.47437839033127,830.1501491482398
MCL-Lando,3,1800.0,-37.07911090905193,46.06360322502375,282.4780530643891,13618.781788205397,103.12030363398941,387.40598762172976
MCL-Lando,3,1810.0,-37.83005969676163,46.32379961055707,279.56850817503414,13594.155014298245,100.96938512394934,414.64551922580915
MCL-Lando,3,1820.0,-39.380562385227115,46.19617522547111,282.0896073170047,13585.084727530228,101.78011139003009,386.3340118017382
MCL-Lando,3,1830.0,-39.807068616815414,45.776923322065215,280.54275722192796,13374.394533953846,101.66199813895369,415.8350225843612
MCL-Lando,3,1840.0,-41.426013006084595,45.14803492328219,283.45939410851315,13614.96979782009,102.32689721601307,388.67187042959984
MCL-Lando,3,1850.0,-42.36657642635391,45.01046088164545,284.2898802543227,13632.234411106037,101.76796313394094,400.5366253821935
MCL-Lando,3,1860.0,-43.4131246348703,44.66552570022717,283.65427629528216,13474.098863114996,102.85959279792083,418.8610124317174
MCL-Lando,3,1870.0,-44.35799674901167,44.75088058758691,284.9377183168533,13618.400304679672,101.4720360854994,383.0900243736702
MCL-Lando,3,1880.0,-44.8165850710644,44.71880381719045,284.12916825201836,13642.053729514075,102.17496285095146,419.451363199537
MCL-Lando,3,1890.0,-45.64157045472621,44.071355831660696,280.1090914324077,13355.096227024884,102.63546356541337,384.8691499204931
MCL-Lando,3,1900.0,-46.824020035032575,44.21299304889913,277.2995416235306,13676.03150398978,101.49586285697754,395.24511302675336
MCL-Lando,3,1910.0,-47.370379596474685,44.158605846480896,283.9808034049963,13458.358586197919,101.26928005452524,409.3172441222238
MCL-Lando,3,1920.0,-49.230416473039625,44.09482304636781,284.3715821503806,13487.469053134822,103.39511786754164,404.58265861263277
MCL-Lando,3,1930.0,-49.20988103355455,42.95676379892908,281.0216029275372,13459.345100850383,101.03522320093983,389.1750094531922
MCL-Lando,3,1940.0,-50.75842203823444,42.85131595333836,278.6741502856029,13382.310871929489,100.67942542447557,390.0130023042823
MCL-Lando,3,1950.0,-51.5376954004398,43.30865570003823,280.0665895894117,13531.573612711582,103.06552969711608,393.0749084508257
MCL-Lando,3,1960.0,-52.969425647508935,42.1193908407444,279.2762544899378,13365.192967581537,103.40131895992029,382.12347497746947
MCL-Lando,3,1970.0,-53.33058167188688,42.704558151024614,277.0424634170877,13367.631267038234,103.22888571039539,417.09682472686495
MCL-Lando,3,1980.0,-54.05820538877105,41.851748519670046,284.094515355361,13632.839291911605,101.77254667922126,384.2169930346285
MCL-Lando,3,1990.0,-55.61972757278467,41.58832260857639,284.73957356426257,13484.023118903679,102.91537070039743,415.0724850589805
MCL-Lando,3,2000.0,-56.551068253357826,41.426636001243025,277.7838592484401,13390.975171803624,103.36789797396236,402.40794096665485
MCL-Lando,3,2010.0,-57.1020330869495,40.601056496214255,277.9789217434312,13572.50941523977,102.96973785186275,383.4041972482324
MCL-Lando,3,2020.0,-57.5569797607225,40.291842287978014,280.6337754320237,13664.841446600038,102.26981848202622,393.054796127163
MCL-Lando,3,2030.0,-59.095021540888816,40.72061186261984,275.5804445560906,13591.745997178565,100.53729839725092,394.7974378700507
MCL-Lando,3,2040.0,-59.15375124228077,39.90783564051073,275.0886633322528,13413.657947663603,101.6447096735684,380.5948616214644
MCL-Lando,3,2050.0,-60.36538840710449,40.01444356930144,280.20941955641564,13357.009094648312,101.18117756908818,400.81028568453155
MCL-Lando,3,2060.0,-61.23708150073571,39.69263203823118,276.7445712211162,13359.618478446479,102.78102247061848,405.3440713340033
MCL-Lando,3,2070.0,-62.05501398603658,39.15404386698382,279.5606958848107,13334.145251200429,102.33868264575959,383.2353925321067
MCL-Lando,3,2080.0,-62.64066073765318,38.471725361929586,275.40740664919775,13450.007298184082,102.36424280321043,389.8319405135849
MCL-Lando,3,2090.0,-63.624763073822315,38.27238902137399,284.37243315292983,13568.180378728175,100.66815104148033,395.78557034439154
MCL-Lando,3,2100.0,-64.54893952921921,37.65137894088449,277.08811531604493,13343.89923979055,100.85027556565485,412.22920068494307
MCL-Lando,3,2110.0,-65.28676353265524,37.573459963514544,279.98526565270754,13448.65147505836,101.09730376928424,380.33163092275606
MCL-Lando,3,2120.0,-66.35843871055671,37.33740812117598,282.32053444568754,13561.211948276205,100.74291759968544,395.4809091838383
MCL-Lando,3,2130.0,-67.62965477954923,37.21906443612876,276.2452222871978,13607.00360376193,102.7246002382329,403.6836048441028
MCL-Lando,3,2140.0,-68.22043765407898,36.60344835612484,284.1280385704812,13383.548269235902,103.4662004670677,391.2761239113133
MCL-Lando,3,2150.0,-69.11463082450318,36.456827693681106,280.68756423875044,13573.321990251621,101.40103110905845,387.578220483177
MCL-Lando,3,2160.0,-69.35017845264173,35.45257986464516,280.8130809892355,13327.993948573687,102.58112194828998,414.3380653072895
MCL-Lando,3,2170.0,-69.9853724563757,35.493574756040516,281.41822233557673,13333.239161819505,103.20881640057617,398.484849960485
MCL-Lando,3,2180.0,-70.71082318336491,35.45209742970963,276.25451868481355,13327.557846474187,102.9174573756375,401.87357613429066
MCL-Lando,3,2190.0,-71.38501411175687,34.739923381481155,284.710427306603,13324.872588041828,101.61089076183981,399.2896274393362
MCL-Lando,3,2200.0,-72.6844084987809,34.610397825783124,276.848756973364,13566.203963662003,102.52257029176802,414.4866585559928
MCL-Lando,3,2210.0,-73.82688597248601,33.688672428015735,282.54889862638544,13489.591208192549,101.34553305664974,396.7953733851896
MCL-Lando,3,2220.0,-74.07388910821591,33.343141292271376,276.272771600785,13374.24468852684,100.67538515337672,415.40853210833217
MCL-Lando,3,2230.0,-75.28080073541256,33.533807526606786,284.2113148270383,13378.14832038789,103.16437163337223,404.94165978806564
MCL-Lando,3,2240.0,-75.04061659281544,32.33810065511866,279.900633285552,13348.704927207542,102.1783829703855,417.264449631829
MCL-Lando,3,2250.0,-76.30972127932905,32.6959368608187,283.2037028936247,13574.392024148838,102.5030760130979,384.71556622091435
MCL-Lando,3,2260.0,-77.21484409972575,31.886733435190166,277.15563726968804,13419.167774326805,101.24061097324105,398.33030403610996
MCL-Lando,3,2270.0,-77.55983236225104,31.454258011221572,283.72081053914417,13609.04439690541,101.01434147516272,403.58354040522306
MCL-Lando,3,2280.0,-78.43553358384992,31.031183591842048,279.27737959074017,13343.492352068515,103.0334822886406,384.1190790847933
MCL-Lando,3,2290.0,-79.40414253956834,30.390270474066863,283.90726646347053,13600.348850840981,102.33020432169923,399.15165126233126
MCL-Lando,3,2300.0,-79.63900136435834,30.420876596874855,283.8563488558477,13308.222480825945,101.40175577071159,408.6829247082807
MCL-Lando,3,2310.0,-79.89671461424287,29.50391255818575,283.7069069079026,13644.411358090912,101.88992178115001,409.9137466577188
MCL-Lando,3,2320.0,-80.81050892120665,28.907055830298436,276.05559169940955,13421.434659192484,103.25787914060315,398.41097385863986
MCL-Lando,3,2330.0,-81.37080643338255,28.895973492698833,280.0093102769105,13341.197736041506,101.51580034914038,382.1976745970924
MCL-Lando,3,2340.0,-81.77411434681909,28.243239787234472,280.5705410561121,13487.162933198733,100.80944954345514,402.334117469294
MCL-Lando,3,2350.0,-82.86964213524391,27.92723175950853,276.21938240395554,13681.794868024443,101.33033897198254,387.43643738720476
MCL-Lando,3,2360.0,-83.42371901388925,27.74593855535223,282.47479311620714,13483.468911668659,101.666398108452,415.42651283735654
MCL-Lando,3,2370.0,-83.57647120356425,27.259952464147233,277.5570047471048,13489.356667422531,100.69527306202188,395.92410084625357
MCL-Lando,3,2380.0,-84.4725863724706,27.181024832998457,283.4329032396212,13689.328676314843,103.05780160635358,380.41601210120285
MCL-Lando,3,2390.0,-85.48677272478706,26.4240355171484,281.4918729047406,13519.817025072354,102.93821917389853,400.5661545017288
MCL-Lando,3,2400.0,-86.1699764703916,26.201121636137355,275.3520847170318,13460.145135075114,101.03440636611853,419.6062515108748
MCL-Lando,3,2410.0,-86.65725479035133,25.2255043762744,283.3638096140146,13491.581251455267,101.8901790630091,407.31523685199136
MCL-Lando,3,2420.0,-87.12349181616064,24.37548842913015,278.0389172957724,13538.594709636627,102.9660302215158,406.4064632433235
MCL-Lando,3,2430.0,-86.9293531709704,23.875356808332846,283.7214230164901,13313.337375537652,102.62980104114646,403.9706830833449
MCL-Lando,3,2440.0,-87.85599961907221,23.498323816936047,280.76777738510845,13548.246912819845,102.40422949473061,415.24924471555016
MCL-Lando,3,2450.0,-87.99580725207886,23.39873042748461,281.58450912966464,13519.748190810406,103.09202717148708,411.85818703850794
MCL-Lando,3,2460.0,-88.68621451111186,22.664818261800267,275.74382588484195,13473.733685427234,101.92552770573992,403.5288361728514
MCL-Lando,3,2470.0,-89.45200917449036,22.063816498026526,280.34488997679694,13305.493877078508,100.7917671066054,417.99033006920564
MCL-Lando,3,2480.0,-90.19644710770717,21.832470963050568,279.82392131396546,13649.116593832065,102.09198652411422,383.3094881043806
MCL-Lando,3,2490.0,-90.41702481651649,21.6873245882351,276.0964252696316,13472.013085494087,102.7334860940864,389.0815088018211
MCL-Lando,3,2500.0,-90.70488163348419,21.148703571514368,277.03983222623367,13666.415045739897,103.29094565657721,411.30129477201973
MCL-Lando,3,2510.0,-91.35113397041917,20.510558996993478,277.2430327765915,13486.455461850372,103.39845348042905,399.4026799545131
MCL-Lando,3,2520.0,-91.85668225491818,19.937233204728884,281.38261168465357,13656.09285627692,101.2548569492718,394.0162527157585
MCL-Lando,3,2530.0,-92.45444271380377,19.36013793994605,279.00904112372393,13325.084315518063,102.97330618293502,396.82187218240193
MCL-Lando,3,2540.0,-92.65607626841427,19.054825553371607,284.5676992402758,13620.100645718101,102.03002359634037,403.7293104394638
MCL-Lando,3,2550.0,-93.14469410266685,18.09710931123348,278.39400244955135,13365.849545109297,100.87569385219196,403.7648695418111
MCL-Lando,3,2560.0,-92.90617475272857,17.92711095076607,277.4435782074189,13509.78068297533,101.17129379175773,403.2744337177727
MCL-Lando,3,2570.0,-93.36713388601682,17.898775783523913,280.61987045448586,13594.063903276248,103.19012746241205,392.67671444166194
MCL-Lando,3,2580.0,-93.85399210739364,17.284078724072792,277.3088666585456,13523.880989656484,102.34272472485243,414.14236958910806
MCL-Lando,3,2590.0,-94.50608563161688,16.126000431208748,276.4318499688752,13525.177847256295,103.22936635273686,400.0897554944009
MCL-Lando,3,2600.0,-95.2596719540657,16.423590101977798,279.1895488925681,13418.76816536337,100.9329627908951,391.45691108506446
MCL-Lando,3,2610.0,-95.47816650134952,15.901444564149703,279.26217358061314,13519.313908222006,101.63456540245359,408.0309675756493
MCL-Lando,3,2620.0,-95.1432838829699,14.978134724494486,284.37933875954644,13614.076196068252,100.63172416379115,388.25605859343625
MCL-Lando,3,2630.0,-96.06346351930736,14.124437950068742,284.10851778980356,13440.292236176507,101.20997017327782,380.9253174159346
MCL-Lando,3,2640.0,-95.67654791718286,13.998811155258434,284.09881146151275,13670.47703700451,101.27141572115885,385.23833839109477
MCL-Lando,3,2650.0,-96.45165630170027,13.779074474001419,276.3146775564707,13692.455737410126,101.68983338889164,415.1397775177057
MCL-Lando,3,2660.0,-97.08011317655588,12.527800465736707,276.7125707247564,13506.236213395789,101.2407057772408,417.7927550942657
MCL-Lando,3,2670.0,-96.64061649253357,12.726750714195411,281.82592852802543,13469.63215892942,102.6619615758962,418.6507101529709
MCL-Lando,3,2680.0,-97.24470242348393,11.930283078884361,282.275777227161,13412.208885905244,102.2793533948668,406.80053296585277
MCL-Lando,3,2690.0,-97.62770630995745,11.587690715687614,283.3302083087827,13676.648829077103,102.30317117993725,398.7036246957589
MCL-Lando,3,2700.0,-97.38139629485532,11.164537640732135,282.7213339969976,13550.111044663809,101.6743451350755,385.9807873340424
MCL-Lando,3,2700.0,-97.38139629485532,11.164537640732135,282.7213339969976,13550.111044663809,101.6743451350755,385.9807873340424
MCL-Lando,3,2710.0,-98.23201952654894,9.838920487197145,281.52598281587035,13652.01587989082,100.60052405642023,408.3425030010521
MCL-Lando,3,2720.0,-98.37556957153824,9.759086543008312,276.134717236845,13313.564535925158,101.631709865081,384.19934109571483
MCL-Lando,3,2730.0,-98.70827858289479,8.658125614419799,284.43349342932396,13381.887280173836,102.38270348043031,415.28387941476825
MCL-Lando,3,2730.0,-98.70827858289479,8.658125614419799,284.43349342932396,13381.887280173836,102.38270348043031,415.28387941476825
MCL-Lando,3,2740.0,-98.19730840643717,8.374593751376835,283.35388721591653,13664.79800433188,103.47153080882867,416.8740382800533
MCL-Lando,3,2750.0,-98.68491518724241,7.846736127025061,281.8750407103654,13500.705125967872,100.63392759084431,415.0892169925155
MCL-Lando,3,2760.0,-99.04327586284279,7.601124401290361,279.25072527597786,13676.33555026919,100.80930520149533,393.98972649554753
MCL-Lando,3,2770.0,-99.43575248969304,7.182888460388233,277.9778165577559,13475.33861011853,101.21107260822873,404.9751401395019
MCL-Lando,3,2780.0,-99.61257485524567,6.860749332435787,279.3013779022703,13326.038503258378,100.60239898806209,381.9194384217618
MCL-Lando,3,2790.0,-98.8091380622701,5.628605134147197,283.21946366666225,13516.120099112506,102.57177741928328,412.7764406183186
MCL-Lando,3,2800.0,-99.57609361019786,5.662421006482652,276.52133916698665,13421.641524652758,102.53438825544615,406.6350326918245
MCL-Lando,3,2810.0,-99.66721489833186,4.868493318409273,280.8189147936538,13372.068077257409,101.54325697942915,397.43939539613535
MCL-Lando,3,2820.0,-99.63611099801453,4.823091863901681,280.7258706132391,13633.970564003472,101.156146790464,394.32628682807217
MCL-Lando,3,2830.0,-100.13215927413097,4.169435425851574,278.40112291364466,13580.087362560515,101.71117259199703,384.648518213121
MCL-Lando,3,2830.0,-100.13215927413097,4.169435425851574,278.40112291364466,13580.087362560515,101.71117259199703,384.648518213121
MCL-Lando,3,2840.0,-99.63491787445393,3.5820322056168505,275.14325381903603,13332.404310032198,102.65201483020493,402.9034586100057
MCL-Lando,3,2850.0,-100.24596544404578,2.4269597307114865,280.54640375172755,13619.764294036802,103.4776888499545,418.6262777360595
MCL-Lando,3,2860.0,-99.87764608262148,2.606744925428335,281.0581867816742,13548.645083728648,101.5906763858096,391.5715061223779
MCL-Lando,3,2870.0,-100.23945051991822,1.8737453507579036,280.36793817550574,13541.700179038613,102.11589757855442,387.47600786208113
MCL-Lando,3,2880.0,-99.96940744075086,1.258658975835015,280.6254589968274,13391.462356540798,102.5678082968102,386.666460297278
MCL-Lando,3,2890.0,-99.68160030483232,0.37331058881332635,278.5367681724391,13320.037694400859,102.85902565562736,397.80573031397927
MCL-Lando,3,2900.0,-100.49517853685303,-0.41467594431710997,280.71887593587513,13498.478336621169,102.18992728474619,395.27907202975706
MCL-Lando,3,2910.0,-99.80259444197046,-0.9237559178362653,278.09550280882087,13330.451611864835,101.96398166714309,381.5500231491659
MCL-Lando,3,2920.0,-100.19210397844844,-1.5244213685109815,276.5057325369181,13480.551999116331,102.21388049740573,389.7588067785556
MCL-Lando,3,2930.0,-99.81737562501992,-1.720625583684224,278.3545020105586,13615.100065456052,100.69565600991535,380.56235986607635
MCL-Lando,3,2940.0,-100.06669157613027,-1.8110636976085805,279.41823550220846,13406.340975170046,102.91238772195179,392.2024286027739
MCL-Lando,3,2950.0,-99.8288777361999,-3.090798273475096,284.2693851605368,13623.262141589727,101.58631888360294,392.29896987685726
MCL-Lando,3,2960.0,-99.31038302169993,-3.458717581934353,282.15412519601307,13366.136172014114,102.84489155642093,400.47827475014327
MCL-Lando,3,2970.0,-99.31539123498155,-4.07979273651988,284.88911415925025,13555.086800764684,103.39174349393397,385.7081620982436
MCL-Lando,3,2980.0,-99.53420535843601,-4.401811383924432,282.3190434603474,13694.400767104078,102.1613471284053,396.8150570911212
MCL-Lando,3,2990.0,-99.36874492399224,-5.3591456381996965,283.15435314824543,13570.679311259508,102.74892117395699,418.5759043501983
MCL-Lando,3,3000.0,-99.77142175541178,-5.896823038720124,123.18637265593605,10394.731157573517,100.5776400115107,884.1194597274864
MCL-Lando,3,3010.0,-99.7649608326769,-5.452282766997474,121.55369599189963,10599.91762842813,103.36633942730505,889.1194337744973
MCL-Lando,3,3020.0,-98.68000906207409,-6.254131957416952,120.89262952512163,10847.870847598082,101.93692159412694,807.3837622866346
MCL-Lando,3,3030.0,-98.81038684788928,-6.744268833235687,116.6351755566551,10490.653503940814,102.11464697838906,852.8627793867771
MCL-Lando,3,3040.0,-99.02339698759332,-7.455460907849703,123.19864968715281,10854.986595815995,102.1586228482548,889.7384227861389
MCL-Lando,3,3050.0,-98.212971666556,-7.683061951903111,112.0566599163876,10498.181602330598,101.9946178698153,893.1694911843938
MCL-Lando,3,3060.0,-98.80393739881816,-9.095439108918573,127.50105102166788,10650.447668105071,102.349348063248,883.4026494625582
MCL-Lando,3,3070.0,-98.57784425675844,-8.944032926222466,119.34642875728052,10651.767036477147,101.12052860793621,804.9111995487465
MCL-Lando,3,3080.0,-97.66758838016375,-9.355681178096676,116.79535321503788,10314.702920665783,103.43903929142105,894.6246182054599
MCL-Lando,3,3090.0,-98.33596733857874,-10.034478595838838,114.82779553634084,10742.164221763278,100.93106307409593,847.7713058352846
MCL-Lando,3,3090.0,-98.33596733857874,-10.034478595838838,114.82779553634084,10742.164221763278,100.93106307409593,847.7713058352846
MCL-Lando,3,3100.0,-97.18809190662574,-11.093739511789042,124.31138201891267,10502.126213073469,100.89478611847319,840.0632624028052
MCL-Lando,3,3110.0,-97.23451336203074,-11.107105121348098,120.46118657302982,10554.654700225768,101.06178590726499,850.9217241126469
MCL-Lando,3,3120.0,-97.15424058259032,-12.254653801191896,127.70872329711207,10232.247572864138,101.44207342826762,806.6166340152814
MCL-Lando,3,3130.0,-96.51380309273543,-11.896546075063922,121.83919260596667,10812.635695904395,100.50233461497298,820.7843593426969
MCL-Lando,3,3140.0,-96.40482454943226,-13.049609678098852,114.56170409739809,10870.150600341283,101.16292518409392,894.409187710149
MCL-Lando,3,3150.0,-96.24525901885636,-13.820053591079477,115.58441075085301,10396.40728774146,102.27081209032671,836.263448309073
MCL-Lando,3,3160.0,-96.46165378393978,-14.379863547576807,125.02444789571362,10537.827738883792,101.18647358785012,818.8033963656229
MCL-Lando,3,3170.0,-96.09833913334111,-14.77055826391856,118.72304235942727,10204.17651207864,100.97933385332368,881.4675705523232
MCL-Lando,3,3180.0,-95.55350024506707,-14.950374306718038,121.69286390490656,10601.179539219245,103.42100783888748,864.8186244815865
MCL-Lando,3,3190.0,-95.36910408990124,-15.077691660238786,127.84837288577793,10606.999248871794,102.86431685026324,884.0527930042484
MCL-Lando,3,3200.0,-95.14703505334268,-16.2187686691176,121.41971728794668,10157.352784722856,100.83055747766964,822.5534133631417
MCL-Lando,3,3210.0,-94.2210297482705,-16.91494654569217,120.39024038670539,10237.380642557147,102.59769709330142,890.1308351518821
MCL-Lando,3,3220.0,-93.76632983658473,-17.4163918262062,116.03896138864464,10785.580854010583,103.0191153250898,826.3655059255849
MCL-Lando,3,3230.0,-93.24032999772525,-17.26890180925562,124.46695774147045,10187.4366320666,102.46330836077281,884.9028402013734
MCL-Lando,3,3240.0,-93.20866989145924,-18.10627769920445,118.41861803742839,10695.522218695076,103.38061024140778,867.5537936431989
MCL-Lando,3,3250.0,-93.21673280523716,-18.15169637236891,125.76717643289842,10796.404208532089,101.10219175829116,864.9354813951603
MCL-Lando,3,3260.0,-92.8506415319894,-18.66825279920712,122.4967390590716,10572.243611216361,102.70163979202258,860.4287390476376
MCL-Lando,3,3270.0,-91.77679079060086,-19.264957888311535,124.40009637303193,10539.092360992416,101.68665843590679,895.1057140862115
MCL-Lando,3,3280.0,-91.39575449321156,-19.570518083489816,121.454902376261,10728.71086490702,102.93752294066903,813.4034981482347
MCL-Lando,3,3290.0,-91.24492999576024,-20.812870573173658,119.30070146004121,10504.161313734157,101.8284148623674,896.8049535007357
MCL-Lando,3,3300.0,-90.45031327699218,-20.772842299380006,124.86253603153564,10841.65027236139,100.5853709834846,822.7720148007395
MCL-Lando,3,3310.0,-90.17467188072038,-21.193107872820562,119.91426737005669,10430.159437483657,102.45357271428132,809.4845612356289
MCL-Lando,3,3310.0,-90.17467188072038,-21.193107872820562,119.91426737005669,10430.159437483657,102.45357271428132,809.4845612356289
MCL-Lando,3,3320.0,-89.71411400646927,-21.71351281233603,113.97692722636675,10599.889880673714,100.65566403807996,887.8026993663517
MCL-Lando,3,3330.0,-89.63195930924225,-22.545297297627716,125.4213746270259,10170.27767860041,102.42694964661088,882.6853390192273
MCL-Lando,3,3340.0,-88.88966620583517,-23.397724376681943,127.80954744508796,10303.16466286979,101.24732739125366,885.4379151737608
MCL-Lando,3,3350.0,-87.91722089089772,-23.787237293129905,127.59874435371131,10356.292465891853,103.19476473754533,877.0508501015022
MCL-Lando,3,3360.0,-87.8294120370544,-23.425798066482468,123.09640039061844,10283.8634129754,101.30746262724675,804.0908563130631
MCL-Lando,3,3370.0,-87.43228450985475,-24.23683976409366,114.10400913837941,10822.46501720991,102.65753755229719,842.527440368562
MCL-Lando,3,3380.0,-87.13184786476107,-24.40494075514379,118.97519505837474,10589.23462753016,102.50566022686722,807.5547660878581
MCL-Lando,3,3390.0,-86.22865356198905,-24.90588713809088,114.789169502778,10627.933633157512,101.46954648279953,828.8021169004909
MCL-Lando,3,3400.0,-85.3228410211634,-25.755655756773148,118.9880523846885,10354.095842877246,102.54384920228256,877.7973267609035
MCL-Lando,3,3410.0,-85.09895830923827,-26.49956497375764,124.96451622266846,10394.11546573475,102.42577215619806,893.6708080564583
MCL-Lando,3,3420.0,-84.0685437775709,-26.7052394846088,123.63026636521076,10680.2965466918,102.24243063970664,854.1476736752106
MCL-Lando,3,3420.0,-84.0685437775709,-26.7052394846088,123.63026636521076,10680.2965466918,102.24243063970664,854.1476736752106
MCL-Lando,3,3430.0,-84.31791663268832,-26.943990674762816,123.15168813300701,10486.660923928606,101.99695118774505,895.3711989649755
MCL-Lando,3,3440.0,-82.8723958541224,-27.743790925944538,116.84165960680745,10198.813944180116,102.31531204693454,849.675711561102
MCL-Lando,3,3450.0,-82.2994753079453,-28.207453827529278,112.328830435159,10399.21812446474,102.2289332574079,870.3663854598943
MCL-Lando,3,3460.0,-81.90271227330048,-28.042822741378107,124.03313486911473,10696.328453165412,102.28316125506305,802.5138321754405
MCL-Lando,3,3470.0,-81.69106807400591,-28.63949553713908,123.15344465347523,10452.075209816803,101.3403829285713,848.065201164546
MCL-Lando,3,3480.0,-80.67329720795735,-29.825357342282917,123.03443112398209,10701.019655299287,101.38817435629439,857.3942403064789
MCL-Lando,3,3490.0,-80.01096024178483,-30.152243555315838,114.0285392174977,10857.562890120607,102.29524886417893,837.1926446903292
MCL-Lando,3,3500.0,-79.71856766273301,-30.746994014251808,114.40810738839997,10655.679717978504,102.08018148798696,898.0012577285825
MCL-Lando,3,3510.0,-79.36606371994803,-30.834197163925563,114.85737637277806,10603.692562691693,102.87105882428943,837.9461218863279
MCL-Lando,3,3520.0,-78.13493922258951,-31.001618375917086,113.9831835491834,10500.788815578628,101.95963599504742,885.4293009894759
MCL-Lando,3,3530.0,-77.79740976910988,-31.105672008144268,126.96004300538969,10502.990709266378,103.48746065307357,882.6862801855025
MCL-Lando,3,3540.0,-76.90124044605105,-32.28000627817866,113.47349090224296,10643.09211776782,102.70851263639985,850.7389833424497
MCL-Lando,3,3550.0,-76.60380950014793,-32.77539164963032,122.43148951771468,10343.94654935521,100.74288694042264,819.8815333501118
MCL-Lando,3,3560.0,-75.54767371617214,-32.90252478875921,120.55000365952145,10695.15578788623,101.9926945436153,820.4662898205421
MCL-Lando,3,3570.0,-74.63817857187995,-33.13636649350312,117.49172392132675,10476.353575121551,102.89930278661217,822.4777516949977
MCL-Lando,3,3580.0,-74.37656676850764,-33.49941167066671,116.07031054741145,10718.544195204919,103.19992835299024,817.1237456659261
MCL-Lando,3,3590.0,-73.30893894705125,-33.51109784280678,124.24583641550271,10331.79200865219,101.64664630771857,823.7710313965093
MCL-Lando,3,3600.0,-72.18793498821267,-34.2349123606788,281.89592192094545,13495.603758469408,102.46523679809056,397.58418638360183
MCL-Lando,3,3610.0,-72.02623935718341,-34.35245306490451,282.6544609969172,13486.545831641117,100.8927523221831,393.27313817617187
MCL-Lando,3,3620.0,-71.07574038074854,-35.49831282860683,277.7581301637717,13437.87914290608,101.38891321786427,380.75007174570567
MCL-Lando,3,3630.0,-70.39251937468106,-35.34515155673883,278.1339358294787,13601.64905190004,101.95820249729974,396.6700241759478
MCL-Lando,3,3640.0,-69.7355496611189,-36.39146343896169,279.3609047373601,13532.133725110982,103.4743612400569,417.81789911460504
MCL-Lando,3,3650.0,-68.31459311075518,-35.94910701697101,280.49298059992077,13634.321355809234,101.5267328106117,409.18475072510876
MCL-Lando,3,3660.0,-68.00389562662954,-36.58655147833768,283.9081500822571,13697.948047825366,101.29657827124909,411.45390571330057
MCL-Lando,3,3670.0,-67.61655399891042,-36.82539188210452,281.67884261149004,13521.197248570188,102.84649521230983,390.190015369045
MCL-Lando,3,3680.0,-65.9472555465994,-37.815020796527754,282.2636963819044,13592.50805528628,101.63218901592629,398.71286095875575
MCL-Lando,3,3690.0,-65.53561662721036,-37.29576782027692,281.08299469121516,13698.78395956481,102.95050489437584,419.6935248960197
MCL-Lando,3,3700.0,-64.84080372645872,-38.31633246150322,278.48248395491544,13479.5861851218,100.51043075978797,386.9544241309689
MCL-Lando,3,3710.0,-63.41296550575758,-38.91654799020026,283.1340249978423,13603.83757448827,101.33535837256711,397.6838162876827
MCL-Lando,3,3720.0,-62.86675055972707,-39.20607072354314,283.24338182356945,13568.24744569146,102.85457639702847,380.5423728587201
MCL-Lando,3,3730.0,-62.38006408308046,-39.42805986000921,275.5502091563392,13697.601215976183,102.52857382229351,387.0355565838563
MCL-Lando,3,3740.0,-61.18619491284225,-39.27693302969301,277.16837228431973,13555.902685305025,102.1604467512969,397.14814458972876
MCL-Lando,3,3750.0,-60.82944736402467,-39.359717402655555,281.5462347661571,13418.417388927151,102.97198639715593,389.2554822031221
MCL-Lando,3,3760.0,-59.45958672168225,-40.602893627688786,281.4613205997365,13419.664163410842,103.00782048573123,408.7923906051147
MCL-Lando,3,3770.0,-59.14612149367551,-40.85028772919547,280.11095630574556,13512.274014271316,103.31370891967346,385.17537462107487
MCL-Lando,3,3780.0,-58.16994555337173,-41.22868000990514,280.9229306476794,13583.15867799475,103.12622015486517,401.14394768334057
MCL-Lando,3,3780.0,-58.16994555337173,-41.22868000990514,280.9229306476794,13583.15867799475,103.12622015486517,401.14394768334057
MCL-Lando,3,3790.0,-57.23194877217971,-41.22599082542652,282.5660675063862,13521.601295166965,100.70812032816308,414.17572135353294
MCL-Lando,3,3800.0,-55.93660822323286,-41.66535300966746,276.7517201300766,13690.506973778662,102.734121721781,404.7487531467843
MCL-Lando,3,3810.0,-54.92209346898068,-42.10605192864052,282.6966740268295,13304.618377794483,102.54696027409693,407.6899390266521
MCL-Lando,3,3820.0,-54.60513162760888,-41.548478767778775,283.01275011546727,13535.130466020544,103.380076273325,384.37607292011
MCL-Lando,3,3830.0,-53.13617326870591,-41.92527621256568,278.19668105817505,13494.113270263028,102.67539778789354,415.8695927752776
MCL-Lando,3,3840.0,-52.608545777173816,-42.36989319696517,284.59674917546323,13474.676674823135,101.77145230928527,416.52751679262485
MCL-Lando,3,3850.0,-51.34947632941977,-43.26100899843677,284.4509535895219,13400.407871612988,101.31827353358088,400.0984131369646
MCL-Lando,3,3860.0,-50.28460312418033,-43.35463167351898,279.3093788981485,13473.361573063943,100.7636393313432,410.6049622584517
MCL-Lando,3,3870.0,-49.25880861096596,-43.06089812483043,275.75474915679405,13637.880049704016,101.63385064756949,394.4108940117523
MCL-Lando,3,3880.0,-48.390505985436754,-43.925549762314105,279.01527353293,13692.425895630435,103.29520446300357,415.0038127241123
MCL-Lando,3,3890.0,-47.988442740447994,-43.95058660549874,277.7296054967535,13547.448214286902,103.22163785607987,399.4167578048497
MCL-Lando,3,3900.0,-46.971520061431185,-44.463393021238524,277.09864722946594,13591.226603676712,101.4759521802334,410.6939140350004
MCL-Lando,3,3910.0,-45.82103220710853,-44.84885632434213,284.50433550185016,13617.7083209566,101.6958618350228,399.16422232439095
MCL-Lando,3,3920.0,-44.48877244529015,-44.54354237690172,283.22254173823444,13443.551895802062,102.15649766066396,417.4030885574337
MCL-Lando,3,3930.0,-44.323804886158165,-45.33032449131715,283.89660272168453,13334.87488875938,100.6785014144595,410.08825647730293
MCL-Lando,3,3940.0,-42.91043547764946,-45.37424850307205,284.8560097059756,13435.325253188414,102.51370675952185,415.0176236264286
MCL-Lando,3,3940.0,-42.91043547764946,-45.37424850307205,284.8560097059756,13435.325253188414,102.51370675952185,415.0176236264286
MCL-Lando,3,3950.0,-41.96824286640037,-45.05527848522166,278.22402821608966,13668.996677257639,100.61026295470568,404.63600603580187
MCL-Lando,3,3960.0,-41.13037245892883,-46.07272616491162,281.79808178024405,13583.844315081305,101.84758673749083,382.1963189920077
MCL-Lando,3,3970.0,-40.351710972661174,-46.26639781513265,275.31216638033766,13483.051404918633,101.4943902751295,413.7819089607161
MCL-Lando,3,3970.0,-40.351710972661174,-46.26639781513265,275.31216638033766,13483.051404918633,101.4943902751295,413.7819089607161
MCL-Lando,3,3980.0,-38.79653083451275,-46.45060902665146,276.40942345767894,13336.695104861554,102.05513795224431,419.1440814733834
MCL-Lando,3,3990.0,-38.11165979767842,-45.849678760036134,283.26102648470714,13351.103014403334,102.29985155232232,397.0492871322335
MCL-Lando,3,4000.0,-36.96826626934574,-46.8121228329001,283.3205310166104,13389.625134244765,101.54732368231889,415.15889627978106
MCL-Lando,3,4010.0,-36.41646601294645,-46.727009819642305,278.251394684009,13496.079738922634,103.36555806318157,385.74447215940563
MCL-Lando,3,4020.0,-35.04355750789826,-46.76586260073844,278.0750564654438,13321.27535983584,103.42701518072188,419.0495657751623
MCL-Lando,3,4030.0,-34.46761107935615,-46.886459415027105,278.92760413197516,13352.145573312773,103.31863136161198,380.04826750351583
MCL-Lando,3,4040.0,-32.556890234778834,-47.57986218933679,281.8155620559511,13363.736705533087,102.45730578160672,413.66449016661784
MCL-Lando,3,4050.0,-32.36031292592011,-47.07608877447475,277.96029476653234,13354.779215357514,102.83902562567414,418.8898735735744
MCL-Lando,3,4060.0,-30.953549148925752,-47.639278509140524,281.29197461739744,13319.265330498467,102.53603517462476,413.3418596383399
MCL-Lando,3,4070.0,-30.269230060323657,-48.12736713832137,279.5307368639819,13489.66269941222,101.8085021203106,417.20384114607896
MCL-Lando,3,4080.0,-28.703791184022656,-47.463260061868944,278.3185390877009,13434.226800229468,100.52447263709797,383.6004332282556
MCL-Lando,3,4090.0,-28.269005676548154,-48.26074294676663,284.92402417460914,13473.991689873683,102.14600287162571,396.56608088912293
MCL-Lando,3,4100.0,-27.000192922831516,-47.79898247524874,282.0420283316404,13390.194425759795,103.4502413901117,385.7275074197079
MCL-Lando,3,4100.0,-27.000192922831516,-47.79898247524874,282.0420283316404,13390.194425759795,103.4502413901117,385.7275074197079
MCL-Lando,3,4110.0,-26.179240453916503,-48.455570257096475,282.2067583413799,13544.592705587407,101.49974478762945,380.127173760392
MCL-Lando,3,4120.0,-24.654132360329186,-48.473000361064,277.3483540083934,13382.40644384891,103.22311065731961,406.58686641679697
MCL-Lando,3,4130.0,-23.798692094138318,-48.18070214906079,276.8664848514134,13650.125599528745,101.56817437872085,391.24913387582296
MCL-Lando,3,4140.0,-22.760538996848062,-48.23383958702381,284.3949596064472,13348.423517098578,102.80409963706117,419.5052049762383
MCL-Lando,3,4150.0,-21.23984002998369,-48.95121826786238,280.57445651604644,13458.675497915423,101.20834764381719,408.42155157800215
MCL-Lando,3,4160.0,-20.817449515060243,-48.642000666450656,280.3130451558088,13321.146213219688,102.07031922009755,413.0015065678288
MCL-Lando,3,4170.0,-19.266159279821295,-48.58092239883206,282.5573498431846,13526.193979052085,100.69816377860055,391.5450192613172
MCL-Lando,3,4180.0,-17.87549245321217,-48.856149581452,284.9234367697178,13407.997577739887,101.41785511967586,405.81353447100025
MCL-Lando,3,4190.0,-17.725795648990562,-49.389965440589656,278.3074153686535,13442.438543819188,101.04369379202612,402.40100405751116
MCL-Lando,3,4200.0,-16.29490719303122,-49.52791149808778,284.52163463544144,13695.635072588295,101.74879151719655,410.4051358804102
MCL-Lando,3,4210.0,-15.02888416125021,-49.541035359344065,282.8637219303363,13616.119345322242,101.86737294848432,400.19980294819754
MCL-Lando,3,4220.0,-14.509439188014492,-49.97499610645743,280.3965285156894,13462.533678308597,100.77263555972918,380.1527942787092
MCL-Lando,3,4230.0,-13.034305371341594,-49.53319801769119,280.00488369296096,13633.358854650742,100.83463116013428,410.71837422176907
MCL-Lando,3,4240.0,-11.501789333557115,-50.08059195742359,275.71399457982665,13376.651436053773,101.32032328356212,400.3340936703107
MCL-Lando,3,4250.0,-11.145910312720147,-49.46542417987501,277.95103626629066,13583.74153699714,103.41107978474132,397.4403381434854
MCL-Lando,3,4250.0,-11.145910312720147,-49.46542417987501,277.95103626629066,13583.74153699714,103.41107978474132,397.4403381434854
MCL-Lando,3,4260.0,-9.687162195555597,-49.98344966514711,279.13944089440486,13316.4870182824,101.49730349090663,383.77039900820364
MCL-Lando,3,4270.0,-8.326334003146517,-49.881889031709036,275.3891881611407,13598.680608042974,102.79663523213728,413.564530338882
MCL-Lando,3,4280.0,-7.8313825387704075,-49.67411552477938,278.92708466160093,13322.597547723706,101.47344477894515,406.35031795541136
MCL-Lando,3,4290.0,-6.7771169934556745,-49.43840819551888,275.3575239819668,13495.205704601354,102.84405146437162,402.1262762541179
MCL-Lando,3,4300.0,-5.725231965137166,-49.500419685555194,278.6915395065632,13382.2422418468,101.77026450852031,380.0856015993458
MCL-Lando,3,4310.0,-4.528944544647709,-49.87363694240764,277.47965941231996,13686.787750685415,100.54229059385065,408.896868238972
MCL-Lando,3,4320.0,-3.6041633438494913,-50.362499374588566,275.1885217838089,13550.160489381267,101.20349237034557,398.50666774888305
MCL-Lando,3,4330.0,-1.968757808831214,-49.927042367589806,284.6423225439465,13618.062133217712,100.55156039658871,392.9361286137928
MCL-Lando,3,4340.0,-0.629423882200808,-50.307528490035466,281.2225691708788,13531.952953382764,102.0232723908052,399.8891736728634
MCL-Lando,3,4350.0,-0.07425211989869257,-50.38322871308438,280.8230548439534,13653.347902893101,101.68351975825252,381.7915954159297
MCL-Lando,3,4360.0,0.9796511913043999,-49.68870089547654,278.3458696813379,13355.755638945155,102.50289943248862,397.5869826232063
MCL-Lando,3,4370.0,1.8475671299594174,-50.05652597484627,277.8011809557706,13605.278155263635,101.49487161494415,406.9828045011062
MCL-Lando,3,4380.0,3.2958780917754873,-49.66957093261873,280.4851721526304,13447.943596097668,102.9783077352204,400.02967645450906
MCL-Lando,3,4390.0,4.1322342858924515,-50.14557129031343,277.7911631907712,13592.560245480388,100.70184117174053,417.7582379629129
MCL-Lando,3,4400.0,5.38264767132978,-50.13162409082085,278.8450420134713,13678.228718491537,100.51733910355132,419.14469230554835
MCL-Lando,3,4410.0,6.674123151227391,-50.28441999767115,278.805462955145,13682.33371524654,100.79873992447824,412.0516239052864
MCL-Lando,3,4410.0,6.674123151227391,-50.28441999767115,278.805462955145,13682.33371524654,100.79873992447824,412.0516239052864
MCL-Lando,3,4420.0,7.454509915854347,-50.04316799308591,281.3366832880862,13371.45301491452,102.16015716314911,380.7025391067193
MCL-Lando,3,4430.0,9.068184681187056,-49.361524011424024,282.5978793726278,13662.699697564049,102.31513716504104,413.9149892715327
MCL-Lando,3,4440.0,9.365294964657073,-49.931755737664076,281.68606632388384,13596.016819283515,101.40778840646486,409.00281146075764
MCL-Lando,3,4450.0,11.162624449320509,-49.53777533912336,283.87259097511765,13475.950403176677,102.27596608902763,412.05028533828715
MCL-Lando,3,4460.0,12.08614359409304,-49.771180508772716,282.7270713169379,13676.740335542985,103.45690118787476,387.01712606632606
MCL-Lando,3,4470.0,12.648261772694754,-49.39747847888681,281.29690255393115,13358.210384026877,101.56984839867835,391.2269261798857
MCL-Lando,3,4480.0,14.131116286203937,-49.83178246378337,280.7466572743043,13662.442297636831,101.5438154145016,415.31481589498094
MCL-Lando,3,4490.0,15.600794611106036,-49.29886057990914,282.42847222946784,13505.835001491138,102.0308154349638,415.5428135445743
MCL-Lando,3,4500.0,16.51586548057268,-49.30879780647561,284.4775872782005,13403.702435771113,102.59941959120103,381.12564811281
MCL-Lando,3,4510.0,17.41695780570223,-49.409848464835285,275.8325432985498,13457.286781635497,101.48903632788692,398.0037720848837
MCL-Lando,3,4520.0,18.711481208988893,-48.65985271303997,280.30971942304546,13350.521222728752,100.85853662893487,381.29398845432485
MCL-Lando,3,4530.0,19.00207314215191,-49.39485726409928,275.86442310418397,13488.582634335058,101.5726825264093,385.1061969961173
MCL-Lando,3,4540.0,20.658499934759625,-48.944112918283764,278.362710755404,13387.40022721482,101.68876999293015,405.2996692433566
MCL-Lando,3,4550.0,21.570651370814538,-48.5838051057276,275.9022171814502,13496.14519310799,101.19621187216413,380.90642389667823
MCL-Lando,3,4560.0,22.531083905386456,-49.05489722210841,276.19355577698957,13409.712731470445,102.35144141217141,392.01890802713433
MCL-Lando,3,4560.0,22.531083905386456,-49.05489722210841,276.19355577698957,13409.712731470445,102.35144141217141,392.01890802713433
MCL-Lando,3,4570.0,23.451225077550788,-48.59049690886761,280.05426859302736,13359.750739621259,101.69617226578573,417.66723094226774
MCL-Lando,3,4580.0,24.579310870222262,-48.168394394124206,282.1544693082728,13676.768457609283,100.95376654887289,415.94691577890717
MCL-Lando,3,4590.0,25.282044073438218,-48.16988842870707,281.77822062386844,13377.393602596816,101.42918793240793,416.9369147993382
MCL-Lando,3,4600.0,26.995728153395454,-47.731115406566715,282.81691349844783,13409.685091291067,101.11483657519365,385.16438553342186
MCL-Lando,3,4610.0,27.5972529036016,-48.33906316957391,282.47086117967257,13502.421292952597,102.17570240946094,403.95460268965627
MCL-Lando,3,4620.0,28.378057537038206,-47.50914176469599,282.68008795270464,13684.376431262597,103.42696322146631,404.9919317439723
MCL-Lando,3,4630.0,29.724287390757432,-47.64586061549092,282.9995648290733,13454.74766479051,101.46145771184106,388.3127586403008
MCL-Lando,3,4640.0,31.131543974356962,-47.23825319446487,276.3837821041606,13656.784747818589,103.38684010988192,408.32616928556587
MCL-Lando,3,4640.0,31.131543974356962,-47.23825319446487,276.3837821041606,13656.784747818589,103.38684010988192,408.32616928556587
MCL-Lando,3,4650.0,31.498134896437744,-47.17191082713254,283.41165858332636,13381.612852975926,101.77690087138149,389.69773571029083
MCL-Lando,3,4660.0,33.039868230556955,-47.583876020173456,278.9837501273071,13494.497588741251,100.72266597082631,402.22540724767936
MCL-Lando,3,4670.0,33.75514458080731,-47.09946282157011,277.56533075012726,13570.684014375156,100.95796414964929,388.81754169736087
MCL-Lando,3,4670.0,33.75514458080731,-47.09946282157011,277.56533075012726,13570.684014375156,100.95796414964929,388.81754169736087
MCL-Lando,3,4680.0,35.027983321010346,-46.55328730095717,284.689353411659,13523.256298180004,102.67502671781507,409.6364467268851
MCL-Lando,3,4690.0,36.49970396812073,-46.425204014705436,282.20242199922353,13508.809980087894,101.75166635883633,409.4739922222365
MCL-Lando,3,4700.0,37.1160691169827,-46.509401759329585,282.69466077920134,13400.597739117946,101.87566098594749,400.96311342995654
MCL-Lando,3,4710.0,37.964486941651224,-45.873514230312686,277.11468712597224,13640.448311341615,103.04923186977952,383.14774579658393
MCL-Lando,3,4720.0,38.671236782237465,-46.34575275926205,278.4551398720006,13348.624498996194,100.92515365552336,402.65323568759635
MCL-Lando,3,4730.0,40.451485551560225,-45.92834246189996,277.7558427564052,13562.807627115277,102.77224528520787,409.6071587474949
MCL-Lando,3,4740.0,41.30586148202759,-45.601426721323975,280.2834731928122,13598.793181481988,101.07677265963738,419.2900245438787
MCL-Lando,3,4750.0,42.079272998506845,-45.383137938746074,283.42073456701155,13622.623020424755,102.50588680527461,400.36810241945386
MCL-Lando,3,4760.0,42.952419383748115,-45.12944021623371,280.26450850573747,13533.955760271825,101.92308642442586,400.5997274458862
MCL-Lando,3,4770.0,43.97318274757854,-45.163149298647006,278.87004597847397,13525.366900704861,101.57087328299353,408.9446290184848
MCL-Lando,3,4780.0,44.843504233093064,-44.8905474437908,283.4427497355969,13537.33815416757,101.43558280344617,385.9317763017632
MCL-Lando,3,4790.0,46.09465429386594,-44.32784683504223,283.8382394513833,13330.97653664409,100.60406868770508,409.5917776095909
MCL-Lando,3,4800.0,47.00446388494947,-44.23430515447434,112.92557731209881,10407.29659954762,101.17277217161374,878.4009427145547
MCL-Lando,3,4810.0,47.81191209385052,-44.3363445903429,122.11968808006492,10517.529156557997,101.30614940143558,801.6817927018215
MCL-Lando,3,4820.0,49.12311925188822,-43.58395914890636,125.40796315584141,10530.008511560462,101.0901142825577,897.2353923773786
MCL-Lando,3,4830.0,50.0012115838243,-43.09316739912473,117.70549909728487,10107.914264695995,102.02179534889598,820.5661030184962
MCL-Lando,3,4840.0,50.68922160641183,-43.00851127317772,121.89948091122221,10124.07516007574,102.34464836735577,820.5758766033343
MCL-Lando,3,4850.0,52.02094120506835,-43.28238889708897,123.62612218287597,10846.318692029703,103.20127821963379,848.1818586587832
MCL-Lando,3,4860.0,52.21548216037346,-42.365132321897896,121.99733936499908,10353.987137909402,102.62507728277205,867.4869354090524
MCL-Lando,3,4870.0,53.881014843642824,-42.599737634714494,122.06712691351824,10760.577168607999,101.15558920465773,810.8025838946153
MCL-Lando,3,4880.0,54.347862007459014,-41.98994013475077,123.29598491323173,10225.48333447086,103.17192985065381,852.4108139345302
MCL-Lando,3,4890.0,55.34808808954771,-41.67900001949778,119.01039493465234,10807.45718590384,102.8598244586856,802.8650849229105
MCL-Lando,3,4900.0,55.959699383810985,-41.816433178116796,123.44847376971639,10590.432959691389,103.4396299885551,870.4286264444627
MCL-Lando,3,4910.0,57.2097877574722,-40.731064108156424,118.44705264647357,10771.704749384624,102.03341906287305,849.8873838208399
MCL-Lando,3,4920.0,58.00815819229722,-41.26426094050077,127.37783274776181,10517.841967092525,101.28922110287516,863.754293549464
MCL-Lando,3,4930.0,58.69680460035815,-40.202004785976484,125.56742961123186,10243.688278618733,101.69936519626066,816.1854794423954
MCL-Lando,3,4940.0,60.108214691411774,-40.16432585124789,125.85574140913207,10795.100484749351,101.0245755115996,869.0472915849981
MCL-Lando,3,4950.0,60.618308356257266,-39.461749302014496,123.9331115982108,10420.996807343614,102.1008007272918,817.2755582859559
MCL-Lando,3,4960.0,61.48992437136298,-39.02053273067541,127.83748699643192,10338.348393643048,101.44825713656421,891.4408459775744
MCL-Lando,3,4970.0,62.597374114277365,-39.10161336957078,115.0473559576336,10849.396688514167,103.08127420638087,895.5735709069472
MCL-Lando,3,4980.0,62.90804445775115,-39.07182986861815,117.75097840237402,10413.917170825105,102.89189584616702,870.2312322920193
MCL-Lando,3,4990.0,63.68037544787198,-38.51079569860851,116.3466969348925,10445.043574180489,102.29311496569728,843.0164451198959
MCL-Lando,3,5000.0,64.6729692924568,-37.89324787415103,125.05992684387928,10700.937822408901,999.0,861.1698796655629
MCL-Lando,3,5010.0,65.44239393291072,-37.25760951883979,114.42720508948766,10637.830124804328,102.91548453852405,807.7040275193649
MCL-Lando,3,5020.0,66.79136889418518,-37.17887369708703,123.15045847753002,10470.584853624607,101.68562915334363,846.6340370780223
MCL-Lando,3,5030.0,67.02284949146456,-37.53037691272584,126.81998253407534,10614.949857314381,101.16111884758375,878.1326202189996
MCL-Lando,3,5030.0,67.02284949146456,-37.53037691272584,126.81998253407534,10614.949857314381,101.16111884758375,878.1326202189996
MCL-Lando,3,5040.0,68.47860379365567,-36.86232289126573,118.09377432989976,10313.303426791877,101.09155525507308,893.8346492873919
MCL-Lando,3,5050.0,68.61870091577467,-36.558629957423946,123.36351526766234,10523.084292440735,101.95494276292854,866.3388335450575
MCL-Lando,3,5060.0,69.43122463770625,-36.08597467336826,122.4296028801619,10597.264427833323,103.0679277412752,856.033827412168
MCL-Lando,3,5060.0,69.43122463770625,-36.08597467336826,122.4296028801619,10597.264427833323,103.0679277412752,856.033827412168
MCL-Lando,3,5070.0,70.74052319012173,-36.03875559166436,112.58588313016153,10342.11472062075,999.0,867.6296250665463
MCL-Lando,3,5070.0,70.74052319012173,-36.03875559166436,112.58588313016153,10342.11472062075,999.0,867.6296250665463
MCL-Lando,3,5080.0,71.32590522697375,-35.08570809860722,118.51944793781965,10535.954626262283,102.31434783425246,803.4220389490548
MCL-Lando,3,5090.0,71.47286323282182,-35.05946841673867,123.91196295014251,10297.125748434974,101.63653847361411,860.0148822574031
MCL-Lando,3,5100.0,72.93057978583818,-33.926029216790646,127.25747958533415,10295.829477896219,101.7287685688374,857.4971828810889
MCL-Lando,3,5110.0,73.39111876160364,-34.237566136908114,124.87838275661682,10672.796801826378,102.73724786876237,856.4498896579755
MCL-Lando,3,5120.0,74.21856775939781,-33.15484513277954,112.1520882369744,10645.332391591013,100.6363025024969,844.5288498046827
MCL-Lando,3,5130.0,74.48675407809237,-33.030759717619354,118.01375402668853,10127.70334257166,102.35942410766057,898.2727988609023
MCL-Lando,3,5140.0,75.09898603830656,-33.21741361980454,117.63890509286989,10534.6302239675,100.9312992868434,875.0883430007635
MCL-Lando,3,5150.0,76.13476038572941,-32.6975787523062,123.55101059665465,10386.739728184744,101.5002436799145,811.8643301424254
MCL-Lando,3,5160.0,77.0249338311833,-31.990222799494305,123.43914530883394,10123.07468809916,100.73497183151377,807.8260534550661
MCL-Lando,3,5170.0,77.34379686183131,-31.963914239960232,123.43837689782363,10777.304109174027,103.15859320816824,812.3404145995189
MCL-Lando,3,5180.0,78.64596633317821,-31.082328146495108,115.4986215492691,10654.31288733532,102.72672193573209,847.7215481796029
MCL-Lando,3,5190.0,78.88653122737757,-31.0050639548207,117.33030583667183,10609.062942939745,102.65160335569823,833.3472657987198
MCL-Lando,3,5200.0,79.67839315326232,-29.78969036925693,115.45556357202524,10597.95817815098,101.11000811188899,899.5737390585333
MCL-Lando,3,5210.0,79.86794275373141,-30.274566922493744,127.22800700109276,10447.578518821729,102.76000600776158,825.0688144050572
MCL-Lando,3,5220.0,81.15914985659681,-29.857772460546215,116.76790508280132,10845.707246239417,102.25355546547138,849.8120149305947
MCL-Lando,3,5230.0,81.92358922885786,-28.911131078104475,115.25823762185567,10260.717214240236,100.73924234157792,863.8044069530251
MCL-Lando,3,5240.0,81.93334057223838,-28.82385883923028,116.30638816640979,10735.989983840109,100.72966212842624,867.797710108465
MCL-Lando,3,5250.0,82.29716522545493,-27.81900421511996,121.30365343064811,10765.096241028248,100.95487109635337,847.6475228973205
MCL-Lando,3,5260.0,82.94443237553222,-27.35922094614209,120.61572755420751,10450.368055441855,103.46213854365485,802.2218366054104
MCL-Lando,3,5270.0,84.43095433750676,-27.313503876515416,114.39070025988678,10835.704598848002,102.45043214135654,860.9845075368964
MCL-Lando,3,5280.0,84.67106779486413,-26.202128494167816,125.74846576017207,10556.572430267992,101.1114888739112,874.9668629472575
MCL-Lando,3,5290.0,84.67004132974948,-25.834158683516055,115.00653907220062,10760.490062652423,102.45253434637476,846.5942586596871
MCL-Lando,3,5300.0,85.60812894168511,-25.57219980504327,112.19464482148994,10634.524346909628,101.29235855993005,862.5461922249184
MCL-Lando,3,5310.0,86.54679020455887,-24.831993629968828,119.2166631065461,10855.459956826136,100.8529522984237,827.7125750677324
MCL-Lando,3,5320.0,86.46416896719344,-24.70999168368469,117.90163656117274,10650.226513854417,101.18495966469007,849.2694905975694
MCL-Lando,3,5330.0,87.22363389553352,-24.611278133868176,127.83665549157271,10834.066913640703,101.33709923747152,811.7805297031697
MCL-Lando,3,5340.0,87.9721007622594,-24.22463959945935,126.93031326557845,10688.702608749816,103.03564520291432,816.1270329659218
MCL-Lando,3,5350.0,88.55280836350589,-23.70713456369594,114.78289879834018,10593.136243001325,101.90580868978343,826.3962969086942
MCL-Lando,3,5360.0,89.2937743009832,-23.184956964127462,112.03606315452032,10859.775241267978,102.35542815832318,833.2429036517951
MCL-Lando,3,5370.0,89.03899820004315,-22.833410599122583,126.03408601982004,10599.464874516498,102.18469498659856,815.2981318157894
MCL-Lando,3,5380.0,90.18630473244697,-21.749157399579516,118.75535600575272,10495.696837237256,102.57728288627287,808.8737396684629
MCL-Lando,3,5390.0,90.47480710734494,-21.58510478363558,117.23132015157498,10174.513733531727,101.6834355674197,814.2453854443258
MCL-Lando,3,5400.0,91.17637259417049,-21.324798087153066,126.06639422218066,10777.017167757995,103.16605186515751,809.579269772417
MCL-Lando,3,5410.0,91.33295961264365,-20.18969649727355,127.13658201551662,10117.823351537083,102.12295598579284,861.9342361328668
MCL-Lando,3,5420.0,91.94948009516243,-20.423732655564926,123.50403544901224,10578.131087755104,101.13385107226648,818.1182883100784
MCL-Lando,3,5430.0,92.46719706961356,-19.108488685943872,113.87238504367998,10268.183011543422,102.52859145034326,867.1548165016093
MCL-Lando,3,5440.0,92.32637888230036,-19.159295209327937,124.71085067574106,10147.484549968081,101.81822650856601,887.1301079743278
MCL-Lando,3,5450.0,93.17912554290788,-18.997847346027253,115.72680424124555,10254.581522612805,102.05523680782771,893.4819263766561
MCL-Lando,3,5460.0,92.9655481013596,-17.854106245475947,121.53394521540355,10209.355884460696,999.0,815.3083559761048
MCL-Lando,3,5470.0,93.37592581743057,-17.15125628792105,114.793283859534,10174.88541150356,101.7226611292701,816.6399274996559
MCL-Lando,3,5480.0,94.5390241207033,-17.028927964287128,124.36156330998719,10827.530312537152,102.03257230292532,883.7660887373096
MCL-Lando,3,5490.0,93.95434503089406,-15.99712022871645,115.43201432666663,10121.260014381876,102.59889509880435,878.7074035206648
MCL-Lando,3,5500.0,94.58713472638831,-15.767949272439527,123.88914026826245,10368.802664599982,102.93513336801273,873.6060650327224
MCL-Lando,3,5510.0,95.0209265220309,-15.281771491327037,115.4562519608795,10834.331303554589,102.44237064030295,833.3480687151115
MCL-Lando,3,5520.0,95.35466462165212,-14.603384431472215,118.03768009252124,10641.662887986926,102.67716098048982,805.3959058129672
MCL-Lando,3,5530.0,95.97833419258271,-14.336676812085559,115.27171112958781,10810.768933911348,100.64753522259484,879.6263867427007
MCL-Lando,3,5540.0,96.37419876399777,-14.086330681628233,112.01877738449626,10761.69721261485,101.19449074849975,831.9999233968884
MCL-Lando,3,5550.0,96.44444439275628,-13.265172123121669,115.98233136289444,10578.424884198026,102.93299236466858,855.41394339357
MCL-Lando,3,5560.0,97.02874381906138,-12.470915410806885,118.11433643112707,10787.160876934311,101.93131993733647,807.3132808049344
MCL-Lando,3,5570.0,96.45090737312712,-12.06941058683161,120.12928114822266,10894.2089870628,100.66251877577672,870.1328977669923
MCL-Lando,3,5580.0,97.12954260131175,-11.864383901208493,121.99070226652174,10724.073792111518,102.75181638313344,895.8083879773437
MCL-Lando,3,5590.0,97.70570599207053,-10.891331911070614,117.74289762642596,10793.408099086675,102.7639934272832,862.9575946404051
MCL-Lando,3,5590.0,97.70570599207053,-10.891331911070614,117.74289762642596,10793.408099086675,102.7639934272832,862.9575946404051
MCL-Lando,3,5600.0,97.62095718786406,-10.370399959380578,112.656069714535,10415.227712068392,102.18239025207995,879.8228508493895
MCL-Lando,3,5610.0,97.84179545239091,-9.798850880716385,114.41696878259559,10769.422664263602,102.56143474024525,853.2629926464657
MCL-Lando,3,5620.0,97.97277288151597,-9.548514549587278,119.95849019072793,10717.014076377394,101.7666462971236,851.6994557849798
MCL-Lando,3,5630.0,98.0778246602167,-9.655047977029655,113.26883547056691,10657.692194440746,101.73654617955755,804.6314362568052
MCL-Lando,3,5640.0,98.65513879497774,-8.885615733988365,116.11509819213812,10278.105296514355,101.58729140756323,852.6516753584261
MCL-Lando,3,5650.0,99.01905341556011,-8.263642108350709,124.04766429374313,10399.965145632113,102.23604928005625,890.7525895908803
MCL-Lando,3,5660.0,98.80913118599386,-7.06121228619773,112.90336091363908,10278.068633449066,100.92679931004935,814.9499028979735
MCL-Lando,3,5670.0,98.58902922071424,-6.918942332862531,115.29373383731101,10133.50933917521,101.11946073481712,846.7225844200573
MCL-Lando,3,5680.0,98.68892728574514,-6.773051243501915,119.72772218528364,10583.642701834577,103.1446311558836,835.5263410773015
MCL-Lando,3,5690.0,99.74077585044975,-5.818680187519154,116.83281406943819,10893.62444844602,100.5176631284021,889.2829462655019
MCL-Lando,3,5700.0,99.09051745733566,-4.926828073672424,114.76227474404604,10580.068942801965,103.12823250213502,801.768565611654
MCL-Lando,3,5710.0,99.97713788967556,-4.911859143072313,117.9662064037268,10572.766549961889,100.79712251978549,824.7630861421134
MCL-Lando,3,5720.0,100.0796563446568,-4.268537883666754,123.7713518820172,10515.008933033958,100.73862396355622,856.1381020335374
MCL-Lando,3,5730.0,99.69513152443336,-3.5693057823699244,113.33754080075127,10444.505250815457,103.30533862185338,833.1327792106002
MCL-Lando,3,5740.0,99.88548097700465,-3.7292476490551603,114.3503834420905,10798.033004858858,100.62568877247152,802.7680294842136
MCL-Lando,3,5750.0,99.6974952711918,-2.263622694309584,119.99402937340727,10808.453137393273,103.46219185455588,811.3261471428538
MCL-Lando,3,5760.0,100.03981892560215,-2.213830759493476,126.70655242852327,10352.949468307228,100.69573880444655,811.2183389141575
MCL-Lando,3,5770.0,99.63895383011457,-2.0941916630942377,113.50129872315183,10749.426597408647,102.86914523453751,810.8972358572024
MCL-Lando,3,5770.0,99.63895383011457,-2.0941916630942377,113.50129872315183,10749.426597408647,102.86914523453751,810.8972358572024
MCL-Lando,3,5780.0,100.32015470719213,-0.93541524112884,116.22388857105166,10596.244883159889,102.33590960002381,831.4500165979941
MCL-Lando,3,5790.0,100.4899155139714,-0.7311721218081007,117.61350900943509,10111.057963828735,102.81082037381712,873.8109947071774
MCL-Lando,3,5790.0,100.4899155139714,-0.7311721218081007,117.61350900943509,10111.057963828735,102.81082037381712,873.8109947071774
MCL-Lando,3,0.0,99.93106671459883,0.1753938498752241,280.68381621102264,13650.205564063937,101.32015182902799,389.2809594660568
MCL-Oscar,1,10.0,99.97254086855993,0.18658791871727076,278.0165156278529,13438.629554042447,103.39915271183825,382.26383379069216
MCL-Oscar,1,20.0,99.813988332085,1.3242578749906069,275.41094814408376,13343.281579471923,102.6026870681228,390.0084233618822
MCL-Oscar,1,30.0,99.72250766984055,2.00319978625845,283.94086674973676,13649.667552465085,102.64811776513851,392.1431121344822
MCL-Oscar,1,40.0,99.95984690818936,2.479450723546412,275.21343881479146,13665.546389967989,101.32895884065194,407.30159061858694
MCL-Oscar,1,50.0,100.07896823294725,2.298485780006331,275.28799398040275,13512.74084122207,102.57062711892164,397.7934378755098
MCL-Oscar,1,60.0,99.43552347215387,3.1266173349025483,280.4800244414009,13361.490593786852,100.64580591843053,381.024065844505
MCL-Oscar,1,70.0,100.10615148144086,3.833946380520795,282.5022825133158,13484.767614882274,102.16302309749807,401.28779156753853
MCL-Oscar,1,70.0,100.10615148144086,3.833946380520795,282.5022825133158,13484.767614882274,102.16302309749807,401.28779156753853
MCL-Oscar,1,80.0,99.36090465949248,4.588100901793594,284.4754924136762,13395.37265083037,101.80882871712159,414.8390088842598
MCL-Oscar,1,90.0,99.57798284940938,4.694771907213358,275.45748110496015,13356.66831676295,100.97259915811745,383.6622986896632
MCL-Oscar,1,100.0,98.92975140992696,5.636197795227445,283.98901312776195,13574.410497990733,100.76254646853852,415.6622433986073
MCL-Oscar,1,110.0,98.88216810520113,6.195865398557499,283.4636032096544,13386.015959673548,101.45426686997637,380.18974021855803
MCL-Oscar,1,120.0,99.29114983245472,5.984527990527493,282.7969303643155,13637.097210504364,100.77058559460924,406.4912465743881
MCL-Oscar,1,130.0,99.48415906356573,6.999688467089294,283.6835803491265,13654.454614285565,101.4973066266999,414.46923451081847
MCL-Oscar,1,140.0,99.03164117701517,7.593143141751526,280.93632278617224,13698.078121545428,101.28678388679246,408.56501900897507
MCL-Oscar,1,150.0,98.80359672841946,8.344666414921075,281.65374405527757,13319.847152642153,100.93768506241406,414.64938048549976
MCL-Oscar,1,160.0,98.73619859887278,8.313162019771527,276.82863460140146,13341.457439235173,100.81213286836208,415.264866256138
MCL-Oscar,1,170.0,97.98417043264777,9.376496316605168,280.40850481938656,13338.644239119105,100.90866492332665,401.4997147609922
MCL-Oscar,1,180.0,98.5145027113341,10.050228785000275,279.7458190878442,13557.280522725361,102.9880721243243,402.8561200390973
MCL-Oscar,1,190.0,97.99431368330669,10.247748461637146,280.62714983344233,13531.111794665565,102.82560059138041,419.7435693374159
MCL-Oscar,1,200.0,97.26361715853633,10.468224490524458,276.4725133693154,13328.86609997324,102.8490277791732,407.14579167385153
MCL-Oscar,1,210.0,97.83424539244993,10.788128541745408,276.0369482028379,13646.763702633527,101.77338748577438,411.19386722128195
MCL-Oscar,1,220.0,97.51910345393826,11.58256353159697,284.7781616220234,13563.823734847629,100.73002137137851,401.7107623185567
MCL-Oscar,1,230.0,97.24908051205983,12.111046447218083,277.58245167973655,13564.302660911242,103.19123250921433,404.8013557593542
MCL-Oscar,1,240.0,96.23385256184508,12.803558120229066,281.6003804242967,13477.891659606863,101.51840735406444,405.2841600798643
MCL-Oscar,1,250.0,96.45801723613101,13.705655954190343,279.60318220511533,13364.67572095483,102.02805499687771,413.6855483792036
MCL-Oscar,1,260.0,96.23758316782516,13.7308235658777,284.37111045290004,13360.457674728217,102.28393230188352,413.1924377010339
MCL-Oscar,1,260.0,96.23758316782516,13.7308235658777,284.37111045290004,13360.457674728217,102.28393230188352,413.1924377010339
MCL-Oscar,1,270.0,96.19621983213709,14.15863150480123,278.83709707589475,13313.331367808289,100.76535381177813,405.4262232912009
MCL-Oscar,1,280.0,95.84011287551746,15.280877703921153,282.37241528470565,13392.368546655258,100.68742038360158,405.46270080945135
MCL-Oscar,1,290.0,94.83191866561647,15.810515831635549,279.41702377500917,13413.90719315651,102.77924422904405,386.18421338794036
MCL-Oscar,1,300.0,94.62181904212329,16.350358755939325,280.72449684154407,13320.996638322187,102.16060875324746,380.1575370023107
MCL-Oscar,1,310.0,94.78653620162387,16.276150459184773,284.9625708821681,13375.650618969332,101.07282047084189,419.33670454327853
MCL-Oscar,1,320.0,93.9930925352503,16.907551633811757,280.2395930512292,13478.038055398985,102.09584703763204,413.8885417760324
MCL-Oscar,1,330.0,93.88778846798671,17.689934271212056,283.06095495362086,13415.357703315662,102.58933251714448,399.77142774371407
MCL-Oscar,1,340.0,93.16556449177125,17.90193693747325,284.7203605300499,13325.079901920828,101.02940230854891,382.7639696987242
MCL-Oscar,1,350.0,93.19858670884082,18.435704568290802,278.16176747412896,13418.262144909715,103.10048644389555,404.7942572193183
MCL-Oscar,1,360.0,92.40578146985503,18.999937778194607,278.34151340063886,13646.959803275005,102.33764542230175,387.4376332717754
MCL-Oscar,1,370.0,92.01188119435973,19.631831536700016,283.08212487349226,13549.893699188171,101.20742318974887,381.8058869300556
MCL-Oscar,1,380.0,91.46834094376813,19.617115351802898,279.81090099094854,13427.375127650443,102.98161033516591,395.02367157306617
MCL-Oscar,1,390.0,91.03788397133397,20.110715519636226,279.76966184554743,13684.140958009655,100.77153117159773,381.9086144651277
MCL-Oscar,1,400.0,91.0846355046365,21.096067972602725,283.0392239233912,13441.531423902687,102.03974128156135,419.8960019991439
MCL-Oscar,1,410.0,90.6088043999519,21.003262987045105,282.2673058390351,13498.008942373359,100.50639389381288,394.35566724423217
MCL-Oscar,1,420.0,89.40573209767635,22.373885442642738,283.0995244049019,13672.969920460086,102.96977188536145,405.8956688062823
MCL-Oscar,1,430.0,89.03697268045141,22.305528321730947,275.80893068017104,13346.029939248197,103.33611579040583,417.0341278525046
MCL-Oscar,1,440.0,88.84899014920096,22.930313067596884,277.60862032218927,13363.158797838654,103.36899341831446,402.84352002915693
MCL-Oscar,1,450.0,88.5099167235834,23.21287971582223,281.5957710657372,13628.029770037243,101.57941211594405,400.68541868825093
MCL-Oscar,1,450.0,88.5099167235834,23.21287971582223,281.5957710657372,13628.029770037243,101.57941211594405,400.68541868825093
MCL-Oscar,1,460.0,87.82317599551173,23.88243947812304,278.3664436899793,13452.06576941038,103.0698505017108,410.11358582990755
MCL-Oscar,1,470.0,86.88335574688459,24.608354797970335,275.8240165484999,13695.52015076827,101.7612627252581,407.06800328102344
MCL-Oscar,1,470.0,86.88335574688459,24.608354797970335,275.8240165484999,13695.52015076827,101.7612627252581,407.06800328102344
MCL-Oscar,1,480.0,86.49954964601974,24.359590789082706,278.45189317023096,13601.744991682112,102.81866120867129,394.0145637967214
MCL-Oscar,1,490.0,85.8267454075957,24.95097051258911,284.86040153739566,13470.490789381038,102.97707643801068,403.2653750515867
MCL-Oscar,1,500.0,86.09938897906574,25.743441408708478,275.60178135724607,13674.661392493714,101.80691363935951,389.6332757519827
MCL-Oscar,1,510.0,84.81613770715889,26.674503921227142,276.4110415830451,13479.415507121643,100.89820553024946,415.52280420526336
MCL-Oscar,1,520.0,84.62846166628984,26.20958971681767,,,101.947338940397,390.21084167302723
MCL-Oscar,1,530.0,84.32017343182059,27.49104157669411,,,100.72303790120958,416.1950506238303
MCL-Oscar,1,540.0,83.57969765840872,27.74465741115721,,,102.94201865571647,380.85218142584
MCL-Oscar,1,550.0,82.29473499654468,28.034764938124233,281.0796671377,13615.497454616352,103.0145329741437,411.4260702198259
MCL-Oscar,1,560.0,82.16521991070135,28.826937864164968,277.86754616398065,13555.909349264819,100.68557771965402,400.5436469394091
MCL-Oscar,1,570.0,81.60034375446266,29.167942943327454,,,102.91391057903049,390.42953887542564
MCL-Oscar,1,580.0,80.57416987729198,29.287199690822064,280.8191894041105,13431.246079210341,100.88166083126606,419.70258821058906
MCL-Oscar,1,590.0,80.65444071567265,29.976447953129217,,,102.97612785380429,393.815643289549
MCL-Oscar,1,600.0,79.75657802671653,30.403138966932207,282.9765453112838,13516.047473755232,102.94136965144813,386.61317545636905
MCL-Oscar,1,610.0,78.61729866213817,31.128934076995215,276.7390716101527,13390.350164452613,101.6471909395796,417.2563568033974
MCL-Oscar,1,620.0,78.74058183721691,30.619750856200163,,,100.88916236967334,384.0324613848784
MCL-Oscar,1,630.0,77.95406558561801,31.637555647432617,277.74687613828144,13400.08807373737,100.59751998564315,408.2822148468909
MCL-Oscar,1,640.0,77.13438321439844,32.44954694042156,275.39582470683524,13429.961620749466,100.86631232879733,405.0664799586899
MCL-Oscar,1,650.0,76.30925118804198,32.67335271949954,,,101.51257428290046,384.9002454416617
MCL-Oscar,1,660.0,75.05555844543005,33.089717818734414,284.05403375402676,13365.188802197468,102.84951746616125,401.8641097831942
MCL-Oscar,1,670.0,74.97981311860337,33.29288796427415,,,103.02303102350322,385.99299231779173
MCL-Oscar,1,680.0,74.51668399558342,33.32972433342047,,,101.63361986067692,380.72785695492365
MCL-Oscar,1,690.0,73.46959669144302,33.949595322856666,275.7619166059975,13607.519352014879,102.71431908099945,409.0974110512244
MCL-Oscar,1,700.0,72.28325890774141,34.46537605862831,277.672735141368,13441.788773652957,103.39930062604769,395.5019961088352
MCL-Oscar,1,710.0,72.05523706201159,34.51104110641319,277.1446506941799,13460.87934355758,100.68359558684847,382.4789627032883
MCL-Oscar,1,720.0,71.58830990028211,35.51745562047695,284.6519355826648,13328.08964680569,103.32082357551784,416.0365419541645
MCL-Oscar,1,730.0,70.73862277042296,35.36498032646951,275.13101713780446,13541.55662102767,100.52549058690786,386.8193794912495
MCL-Oscar,1,740.0,69.92172133434521,36.21453689064368,282.6821638912309,13317.24315591238,102.59868283002696,397.5227448018339
MCL-Oscar,1,750.0,68.6772088549311,36.33216029674408,275.21122009512857,13668.994681437463,101.12803150189453,407.48308966794923
MCL-Oscar,1,760.0,67.90117396387858,36.78876836868937,276.01227697156816,13487.548130988052,102.93173551535759,416.40668376404324
MCL-Oscar,1,770.0,67.15913728314399,37.28344482821316,284.45874624346766,13583.415184547699,101.31889509478792,414.128780499944
MCL-Oscar,1,780.0,65.98824036955395,37.85879183546285,283.315934817713,13311.269819363297,102.55330871834002,406.0403403426598
MCL-Oscar,1,790.0,66.05333013126668,37.26208355867613,275.1260311021247,13645.775548218606,103.00124254104941,417.5710243136759
MCL-Oscar,1,790.0,66.05333013126668,37.26208355867613,275.1260311021247,13645.775548218606,103.00124254104941,417.5710243136759
MCL-Oscar,1,800.0,64.97932770251043,38.36384425023504,282.6197873555946,13637.254042138622,102.59685700703342,397.233808810219
MCL-Oscar,1,810.0,64.38022872348054,38.527165039369095,281.75507135941234,13495.200946406532,103.1485918972803,405.25500602788907
MCL-Oscar,1,820.0,62.732783056973346,38.954148407622085,280.8804826556991,13305.503298187807,100.64981877490058,384.3008239946456
MCL-Oscar,1,830.0,62.243708981310746,39.28707349430476,280.9980723841061,13401.974449129983,102.68011135396814,414.0132056032244
MCL-Oscar,1,840.0,61.42762843533268,39.20167458173187,277.1394356434412,13604.182179727153,102.27876083163181,395.00610600910215
MCL-Oscar,1,850.0,60.632082734034675,39.40127041778746,283.03048678411733,13430.445342607605,103.04185244502662,398.0007778001925
MCL-Oscar,1,860.0,60.01321526614139,40.42670703823725,280.9158123931046,13627.484467760352,103.44094676688344,403.6745224734506
MCL-Oscar,1,870.0,59.09856874632912,40.75961289557514,278.48405633698854,13343.798003295276,102.51727725967264,381.34994218087587
MCL-Oscar,1,880.0,58.08408713351933,40.39162762964807,283.46926853818877,13349.585533465179,103.40160822161697,405.904666004526
MCL-Oscar,1,890.0,56.91825355727026,41.559971207250456,276.10431609232126,13642.900393949298,102.66976358474516,418.2903755890456
MCL-Oscar,1,900.0,56.05823839962868,41.059819927477186,284.75999200757263,13468.697928938564,103.18550670501061,385.39803879067955
MCL-Oscar,1,910.0,55.697343759485086,41.54580553334045,277.6873959063367,13441.300338585697,103.24015769350116,394.1519460068689
MCL-Oscar,1,920.0,54.04287702820182,41.94768445821794,278.54129326643,13549.273989614143,103.43382009535368,389.04054452715707
MCL-Oscar,1,930.0,53.760072226014444,42.15360446641286,280.0325750780923,13536.66955020897,102.02611392280643,417.33128375849077
MCL-Oscar,1,930.0,53.760072226014444,42.15360446641286,280.0325750780923,13536.66955020897,102.02611392280643,417.33128375849077
MCL-Oscar,1,940.0,52.35960426704058,42.91788005198109,280.0240131104762,13469.91095875904,102.59282044592281,419.77610672329257
MCL-Oscar,1,950.0,51.17883815024826,42.62763856573562,283.2563730384729,13491.609171189175,103.32201577450437,408.75226335940374
MCL-Oscar,1,960.0,51.05591942047648,42.820083004427545,278.60125493879536,13364.838100844716,103.0295653415782,411.98291067307974
MCL-Oscar,1,970.0,50.06269566690119,43.531057476389975,276.8335733161267,13597.985146645664,101.75510166259971,401.88621633958826
MCL-Oscar,1,980.0,48.81913910816813,44.071600325393696,281.2961045517781,13423.498864743702,101.87089428152524,394.0635958352478
MCL-Oscar,1,990.0,47.749159525821334,43.519948500348576,283.82590152102387,13498.783295030984,101.65944171864008,386.76163810106516
MCL-Oscar,1,1000.0,47.303634219460776,44.66816183936671,280.85457296891275,13404.433967929976,103.39717433829372,392.1104298767031
MCL-Oscar,1,1010.0,45.45483911999241,44.12696067710463,275.75769050066236,13388.006107427416,101.91987185396981,411.83811430566084
MCL-Oscar,1,1020.0,45.24886444120397,44.74331329346056,283.2027986889035,13622.522810943008,103.45869239741006,419.85265514702724
MCL-Oscar,1,1030.0,44.13881286032856,44.74577045666335,277.7532635701502,13628.659415568156,100.96268953370291,403.4905658172163
MCL-Oscar,1,1030.0,44.13881286032856,44.74577045666335,277.7532635701502,13628.659415568156,100.96268953370291,403.4905658172163
MCL-Oscar,1,1040.0,42.70390004361935,45.186283854362756,284.96143996613745,13568.200595285281,101.49995311669294,384.82897551912794
MCL-Oscar,1,1050.0,42.22818123737861,45.72138861428927,281.153403903482,13462.714059987942,100.53616929116228,387.12351840160716
MCL-Oscar,1,1060.0,40.73661870131427,45.67933036988258,283.40782841016375,13381.242500593122,101.06898711187613,395.30966341237223
MCL-Oscar,1,1070.0,39.72631536653286,45.38815330638814,281.11138720470154,13594.49132578681,102.34533667644739,393.0335866617399
MCL-Oscar,1,1080.0,39.19577311075311,45.93519010552483,275.8008421367262,13451.479498410476,103.04600781020844,415.43231303756426
MCL-Oscar,1,1090.0,38.445444759926126,45.8937897230239,280.07427522049255,13318.305292469371,103.1847669082159,406.6335973022451
MCL-Oscar,1,1100.0,36.9726629581005,46.36964738138103,277.35612438153214,13411.465305145313,101.01211660130862,382.2263959674244
MCL-Oscar,1,1110.0,35.50591237017572,46.319095887522806,276.5938149804376,13673.133249136064,101.53755118224585,391.5774930897186
MCL-Oscar,1,1120.0,34.65154938622594,47.04586896420403,283.9847374220992,13432.705064379817,102.61143863393632,408.9825462761085
MCL-Oscar,1,1130.0,34.47287678385107,47.2952975856448,283.84245797685224,13363.242892177585,103.01889369284783,419.11667429317833
MCL-Oscar,1,1140.0,32.93299550282752,47.021672380555785,276.6422428833329,13574.214022347303,101.7121280544053,409.8583629047704
MCL-Oscar,1,1150.0,31.93637872596736,47.43457350748588,280.6624635663278,13620.713269042692,101.89494284031217,383.2989631808388
MCL-Oscar,1,1160.0,30.75219069318324,47.82258815222925,281.22610769612083,13614.953066345954,101.9413244544893,419.9250297503451
MCL-Oscar,1,1170.0,29.928414977479303,47.59308987826451,284.9434932715474,13404.524636748709,102.01446178249519,413.0553916887169
MCL-Oscar,1,1180.0,29.025571960541953,47.530631433096616,282.00184174646563,13328.969250911097,102.14858637238333,411.40460683162405
MCL-Oscar,1,1190.0,27.698576825691795,48.16318391697094,275.7401445615237,13327.682108315668,103.22880788937985,400.3547144348641
MCL-Oscar,1,1200.0,27.073672312987725,48.570652051149075,114.24553850770197,10632.123660332143,101.94275668716443,884.5348048089979
MCL-Oscar,1,1210.0,25.628279491919823,48.121688842027595,113.83606161458816,10729.160355950406,999.0,853.4234704308412
MCL-Oscar,1,1220.0,25.13441151584078,48.06786531080126,118.7752020003684,10864.892180522109,103.01793041785922,831.8782887780262
MCL-Oscar,1,1230.0,23.199450583993936,48.804822569530145,117.75725861901387,10725.54855815996,103.1041308031352,886.7317176523718
MCL-Oscar,1,1240.0,22.51225503071432,49.15156370586003,122.047456224918,10353.279365810575,102.37337748011262,866.4648857939279
MCL-Oscar,1,1250.0,21.780688750713942,48.72926363137627,117.87727471756737,10264.75126768956,102.33007004742599,892.8248018614014
MCL-Oscar,1,1250.0,21.780688750713942,48.72926363137627,117.87727471756737,10264.75126768956,102.33007004742599,892.8248018614014
MCL-Oscar,1,1260.0,20.35910742106047,48.678959232582514,112.01800927057623,10468.459841756798,101.03359818853008,844.1345182299448
MCL-Oscar,1,1270.0,19.789358704532976,49.506361593715006,116.46036940391636,10183.76597600081,101.72448561033956,875.2497643225548
MCL-Oscar,1,1280.0,18.642680979606176,49.634206411291984,125.63446873094479,10371.821205215407,103.3747720433379,862.8953230608461
MCL-Oscar,1,1290.0,16.877233194014252,49.59109383763905,123.81238944410816,10647.291394980091,102.05618568850515,809.9825262498189
MCL-Oscar,1,1300.0,16.290545719806307,49.32969303179239,120.53464908686946,10392.484595398299,101.9282683348492,833.0257740593162
MCL-Oscar,1,1310.0,14.940369122342016,49.646474605615914,120.71350153166806,10577.212991714738,102.49127427070133,861.5968219882569
MCL-Oscar,1,1320.0,14.149812457708123,49.249792081357306,119.41333023524425,10495.425962100479,101.09757794506872,864.542753318476
MCL-Oscar,1,1320.0,14.149812457708123,49.249792081357306,119.41333023524425,10495.425962100479,101.09757794506872,864.542753318476
MCL-Oscar,1,1330.0,13.450133370820213,49.86159557315863,124.55295948843188,10569.134616005203,102.09884835928912,844.8219425359865
MCL-Oscar,1,1340.0,12.226677771677018,49.470214330964694,121.70494270863482,10237.406125506797,103.43518042404624,895.8590006779956
MCL-Oscar,1,1350.0,10.69136047317854,49.584335157847974,116.04046744605884,10670.758229265692,100.76253918397197,855.9427916597558
MCL-Oscar,1,1360.0,9.814259025849983,49.97109755704116,127.29412164558599,10851.269322020122,101.26618624525574,871.8476174938643
MCL-Oscar,1,1370.0,8.384171723371415,49.6772030506102,119.32315227719046,10328.886740518037,101.1631183368837,886.862077554841
MCL-Oscar,1,1380.0,7.7935011954766065,49.43555774364934,119.48613801144997,10411.110777267106,100.86533844326121,865.0877649401589
MCL-Oscar,1,1390.0,6.129987226736271,49.92581999428526,112.88274202649363,10435.98113260771,100.56234453849993,804.185396085624
MCL-Oscar,1,1390.0,6.129987226736271,49.92581999428526,112.88274202649363,10435.98113260771,100.56234453849993,804.185396085624
MCL-Oscar,1,1400.0,5.580506426464636,49.919511939182335,117.54372097941511,10814.191014165168,102.12468854943296,828.7766074718038
MCL-Oscar,1,1410.0,3.9760959409487806,49.7211463065433,116.04037461346128,10883.837563854788,101.5506544025312,801.304619555095
MCL-Oscar,1,1420.0,3.6004515334366043,50.209174641889206,118.14565294548066,10356.009551935138,102.58929173981558,851.2457990100199
MCL-Oscar,1,1430.0,1.9040129291874406,49.62325299151892,119.089247543066,10777.190953367019,100.68925043190893,815.5084842507782
MCL-Oscar,1,1440.0,1.3146077169296184,50.39816065276746,121.95140086201086,10658.48328341166,102.80963926233898,868.4314148943713
MCL-Oscar,1,1450.0,-0.3304222224928154,49.524200522979626,117.99577071923193,10547.118418303075,103.46105911775064,818.9867883795973
MCL-Oscar,1,1460.0,-0.6094236201349162,49.53928028020573,125.26433128215103,10720.733947271681,102.73834532551749,811.4663770007419
MCL-Oscar,1,1470.0,-2.3672602230931625,49.732012457299724,114.25795861085206,10194.262590865374,103.23682400175151,861.4840743409508
MCL-Oscar,1,1480.0,-2.8160226425286923,50.15959919837034,116.80233092423292,10600.118074808763,102.75038821357704,858.4901804800246
MCL-Oscar,1,1490.0,-4.226207277684422,49.88463500463152,127.47651412551504,10119.374976490504,102.0510424517632,804.084552139769
MCL-Oscar,1,1500.0,-5.421486090707995,50.023743793827855,124.03629234574582,10756.089285147515,102.66563388763285,889.7024580498174
MCL-Oscar,1,1510.0,-6.398505265062438,49.60849817787281,113.49768163671988,10768.85244415617,102.52025944126393,813.9350013170229
MCL-Oscar,1,1520.0,-7.435174664023584,49.89168614556413,118.641831546741,10285.31381699289,103.2244061080677,850.8493535249315
MCL-Oscar,1,1530.0,-8.829410864565588,49.73447180902423,126.33154919546637,10217.23839097993,103.26689084117628,859.6337022193059
MCL-Oscar,1,1540.0,-9.413042955772722,50.05319114388682,125.92377502808942,10358.08543423114,101.51592481221219,875.7415918495645
MCL-Oscar,1,1550.0,-10.88879309073817,49.677956274808366,124.5687363862078,10445.258251521946,103.23891978927276,839.176722511741
MCL-Oscar,1,1560.0,-11.927903049412853,49.14898935996803,115.59302298156761,10896.233682495491,101.66120108270094,826.4876693761547
MCL-Oscar,1,1570.0,-13.18313026901122,49.897856807871634,118.4787775432119,10356.783565641917,103.4142331305606,824.6722816599882
MCL-Oscar,1,1580.0,-14.020230129963199,49.552716545424,113.47820952267999,10668.231838953578,102.96921973138636,877.894721586171
MCL-Oscar,1,1580.0,-14.020230129963199,49.552716545424,113.47820952267999,10668.231838953578,102.96921973138636,877.894721586171
MCL-Oscar,1,1590.0,-15.373253535613333,49.40363717046925,118.9099534873878,10320.817551118147,102.11776878620445,822.7910303558114
MCL-Oscar,1,1600.0,-16.48278516362813,48.95567514118816,125.65649471836436,10130.676539625343,100.61941461488765,874.2159760043273
MCL-Oscar,1,1610.0,-16.96009193679773,49.64125268366839,118.18645281913139,10679.79377804051,102.69867304558605,837.0092040469207
MCL-Oscar,1,1620.0,-18.106636812318012,49.07819591302639,127.87087106096861,10797.417372246533,101.24661758431438,875.4078672826364
MCL-Oscar,1,1630.0,-19.35998695401364,49.1756371903101,122.00288702085085,10570.391057745812,101.33178808782239,836.33467405345
MCL-Oscar,1,1640.0,-20.232013047297116,48.814108237462264,119.29557502443296,10500.762200787694,101.14368169872483,817.2312859602501
MCL-Oscar,1,1650.0,-21.375470554164533,48.79366468859173,113.7921537864615,10422.063837593472,100.82940831467592,867.0456568156025
MCL-Oscar,1,1650.0,-21.375470554164533,48.79366468859173,113.7921537864615,10422.063837593472,100.82940831467592,867.0456568156025
MCL-Oscar,1,1660.0,-22.383258646746018,48.31696019481712,121.76648594869496,10442.817114954649,100.7346061470588,869.8272048121697
MCL-Oscar,1,1670.0,-23.223481920128417,48.74919898658368,115.49849510826007,10683.305739119112,102.99222621172986,826.1289960776243
MCL-Oscar,1,1680.0,-24.828756257662995,48.44325408301617,126.2478676993033,10627.094512663605,102.09681613129946,819.3553303530925
MCL-Oscar,1,1690.0,-25.80299833315364,48.205832654285345,125.48250091049566,10605.540388948675,100.59248621601145,822.6636093804995
MCL-Oscar,1,1700.0,-26.43008724747017,47.79294572915498,112.91470550358558,10295.097027294123,102.0472302532631,831.1300180290165
MCL-Oscar,1,1710.0,-27.727878271524208,48.283673637648725,114.58136697998042,10650.50087554422,102.98330173708369,817.806629811148
MCL-Oscar,1,1720.0,-28.62913799651483,48.19027119043644,121.20309355505076,10415.911312533011,100.75278640308417,884.4239392579312
MCL-Oscar,1,1730.0,-29.665650897930906,47.79365608862738,121.9332931338196,10771.03072484295,100.99929408811782,889.6495485394722
MCL-Oscar,1,1740.0,-31.36634495256517,47.812868236436465,122.98902800822006,10699.893339099071,102.50644053436908,800.3826738651185
MCL-Oscar,1,1750.0,-32.13603106669609,47.317122173472164,113.8980022057198,10180.990765089091,102.6773855781936,843.144811911598
MCL-Oscar,1,1760.0,-32.89988806096805,46.865516461801214,127.99478269905819,10426.743255173891,100.81720874278469,895.5118148942913
MCL-Oscar,1,1770.0,-33.61243843155663,46.87142182883089,122.7287989931503,10298.649907320694,100.89960884335765,870.8071974038305
MCL-Oscar,1,1780.0,-35.34836056247048,47.09472049838486,119.05236550822951,10557.24831005436,102.06709609671508,809.0432304757821
MCL-Oscar,1,1790.0,-35.53466210612517,46.819031950682366,114.1301712047581,10640.58962308386,101.05286949094538,863.2279007934064
MCL-Oscar,1,1800.0,-37.469716199859405,46.425030454605064,283.7839492380938,13305.364113028418,101.68548981374596,389.89819575744986
MCL-Oscar,1,1810.0,-37.84383046557917,46.27985682629989,279.7537166895321,13428.061219443274,102.82379732454756,405.4709025656631
MCL-Oscar,1,1820.0,-38.55448816995793,45.69913926390333,284.3423126858161,13584.330910624274,101.33273225140175,382.75287146414934
MCL-Oscar,1,1830.0,-40.291539993040985,45.38079111117041,282.23951891450946,13428.15996360707,101.07247739227849,406.9440448918333
MCL-Oscar,1,1840.0,-41.41004612304126,45.81383812110083,281.0441687087816,13442.080360725939,100.66539177280923,396.36986463464586
MCL-Oscar,1,1850.0,-41.52868935494257,45.02551316794532,280.47299840052386,13440.64251052834,102.24209731106181,386.0555679454045
MCL-Oscar,1,1860.0,-43.27927943000889,45.49587073044485,281.81290956968735,13412.006339950047,101.46856114334419,414.59444252752746
MCL-Oscar,1,1870.0,-44.08525242883924,45.05074585351221,280.43413656871417,13331.18134125583,101.00638799876702,402.2659643648052
MCL-Oscar,1,1880.0,-44.83048250176622,44.6000207720467,284.25294538447565,13409.603475683436,100.83864447399525,382.2486381828436
MCL-Oscar,1,1890.0,-46.30583717983611,44.05553339100028,277.5071427096392,13329.09882139033,100.89103786009093,380.74752337881046
MCL-Oscar,1,1900.0,-46.71390943574689,44.601995045919296,284.2443707768472,13681.730329130616,102.12084861128953,398.62839061939724
MCL-Oscar,1,1910.0,-48.00600773924033,43.870921734272635,280.9482875013601,13557.25528217678,101.79950071515074,393.28388411999066
MCL-Oscar,1,1920.0,-49.15567468301561,43.913911157690855,275.20253193764773,13641.565826567,102.88316537964302,417.5533678532828
MCL-Oscar,1,1930.0,-49.82206786239451,43.14116402232748,283.1519022352698,13306.156101351151,101.44994067094852,398.05113118014873
MCL-Oscar,1,1940.0,-50.7264210708843,43.03463536566897,283.4988109283871,13374.050614884582,102.8822968398245,389.6491193583174
MCL-Oscar,1,1950.0,-51.41865666545507,42.36133137356308,278.40729652830095,13613.721020653424,103.09497692926412,402.64995801430354
MCL-Oscar,1,1960.0,-52.58323601832628,42.632499115105446,284.9208058295776,13433.26495553578,101.75537288496889,400.93091613440373
MCL-Oscar,1,1970.0,-53.61176217715341,42.009913796848195,276.83035367034256,13568.612649580326,101.32757666143664,388.2928114660837
MCL-Oscar,1,1980.0,-54.19541701040122,41.97784443879978,280.28298521400063,13348.594004057031,102.6656574511005,408.7357131228804
MCL-Oscar,1,1980.0,-54.19541701040122,41.97784443879978,280.28298521400063,13348.594004057031,102.6656574511005,408.7357131228804
MCL-Oscar,1,1990.0,-55.44489072469865,41.92796098718478,279.77097329752735,13430.129315207232,102.84657686675712,387.9259996232664
MCL-Oscar,1,2000.0,-55.79129721524197,41.38625290813603,283.2369209460612,13520.03518995113,102.1983793016583,418.4729172333291
MCL-Oscar,1,2010.0,-57.273594211734334,41.25043645488274,281.5955940510095,13540.804065056442,100.87142129135044,380.0457511092781
MCL-Oscar,1,2020.0,-57.556944966741945,41.25435150931034,280.8743729476011,13428.318864051578,102.4151873674771,410.87415963480123
MCL-Oscar,1,2030.0,-58.53861127274001,40.08928333928426,276.87882707546936,13673.814649963751,101.05543068655543,392.8905687723022
MCL-Oscar,1,2040.0,-60.05336472199171,39.846773193055064,283.01855564018337,13633.079128619893,101.21449839034923,387.2314747199624
MCL-Oscar,1,2050.0,-60.85126166788456,39.61541604230284,282.14774269352176,13401.801279164465,102.57305143190644,401.611057275132
MCL-Oscar,1,2060.0,-61.333726837522605,39.33217875121589,282.69805742768915,13455.371436056936,101.00257878240895,386.43151851041387
MCL-Oscar,1,2070.0,-61.73344612684234,38.90507861763844,279.608285017665,13568.103515141302,102.42012667785413,418.0100055307374
MCL-Oscar,1,2080.0,-62.8046681587182,38.50952575783467,278.4470745632595,13327.034751939495,101.17638525513965,417.45162751989756
MCL-Oscar,1,2090.0,-63.46601802070524,38.5631081939528,275.69468824621566,13665.127825216328,100.79627498303155,396.7604268753955
MCL-Oscar,1,2100.0,-64.47744538717808,38.077433190826376,277.16658735284307,13393.296226859742,103.24791293873905,408.99704894443164
MCL-Oscar,1,2110.0,-65.75550014241274,38.20927300220329,280.27322273766873,13593.783460675431,101.49460577798105,419.16873584495386
MCL-Oscar,1,2120.0,-65.93401835826793,37.88143942547579,281.75931990324983,13416.765907512829,102.38007362379746,397.98211904095024
MCL-Oscar,1,2130.0,-67.59090945231817,36.67201355578971,276.1280488107527,13468.85643567968,101.29083882124468,396.25655625957086
MCL-Oscar,1,2140.0,-67.5439108892922,36.21614064973584,275.6850748267143,13674.502415041494,102.5325838547704,396.05726228101537
MCL-Oscar,1,2150.0,-68.5839814107579,36.66696509656206,278.8985075142541,13546.621845778223,101.32756954128917,405.2251581939261
MCL-Oscar,1,2160.0,-69.40291403848651,35.89165866578869,281.4627180199442,13542.51749407851,100.70101026599072,412.95824216196434
MCL-Oscar,1,2170.0,-70.77940697325288,35.69323630161418,281.75367085248894,13573.88638037499,102.49392626100008,395.48008827136476
MCL-Oscar,1,2180.0,-71.12025290206786,35.04696664844677,284.6602008485265,13341.467120832158,102.01203650401538,390.70946092177223
MCL-Oscar,1,2190.0,-71.82622697212597,35.13166501306922,284.478655227387,13420.494442603898,101.37393594960425,399.73271291697193
MCL-Oscar,1,2200.0,-72.28478174132523,34.79338689086273,284.8340714617533,13301.369430303967,103.19973072286277,392.37348160686736
MCL-Oscar,1,2210.0,-73.60527105365395,33.53485638795963,278.903287224483,13658.672423992388,102.0705744090644,408.53105532269467
MCL-Oscar,1,2220.0,-74.02542555244302,33.75221939698297,279.8042140932981,13437.05533276354,100.6321381916838,408.1510249351
MCL-Oscar,1,2230.0,-74.81352913396482,33.5593249419473,277.30321257132573,13468.788691505073,101.4623718050484,382.8794875944334
MCL-Oscar,1,2240.0,-75.2839124328772,32.607717833005495,275.8532485291349,13622.20242305366,100.70146058987086,414.1133368621586
MCL-Oscar,1,2250.0,-76.11420464002235,32.44658600884696,277.51212284942363,13530.951993611834,103.00654423983772,387.717554230577
MCL-Oscar,1,2260.0,-76.6424616818842,32.057390458637556,282.928990298958,13627.485921557232,102.87817719020703,412.02109324071324
MCL-Oscar,1,2270.0,-77.59066021817303,31.76591815542099,278.9078136502673,13468.921771686308,101.36634273619593,393.266808892492
MCL-Oscar,1,2270.0,-77.59066021817303,31.76591815542099,278.9078136502673,13468.921771686308,101.36634273619593,393.266808892492
MCL-Oscar,1,2280.0,-78.76656992646933,31.424318881232924,284.2611862099739,13317.232012573446,103.18776784008855,386.40746657844716
MCL-Oscar,1,2290.0,-78.8837611197135,31.169323325505673,281.01881962912324,13683.125640189592,103.10099157723997,415.4377307518299
MCL-Oscar,1,2300.0,-79.45808591410687,30.325930784397723,275.61078977825076,13601.10425892578,101.51982885311311,381.2808395868301
MCL-Oscar,1,2310.0,-80.72389750942725,30.262207259211507,279.54983846730374,13649.501732846018,100.7849093474817,390.134858961208
MCL-Oscar,1,2320.0,-81.01363388751255,29.222041826258614,275.49888522888915,13391.556559436098,102.09869635074048,395.95859615995147
MCL-Oscar,1,2330.0,-81.21272554812387,29.37615013098425,282.0215359605676,13326.238146021335,101.35919928103505,380.78332348451283
MCL-Oscar,1,2340.0,-82.28176990410186,28.225689966157248,278.0292927727095,13361.314920529952,101.97235096461303,412.63385188055264
MCL-Oscar,1,2350.0,-83.14688808591585,28.27185919264667,278.1762092033344,13574.271683934727,103.16976609466838,393.9355111358286
MCL-Oscar,1,2360.0,-83.09208618939778,27.966453306621958,279.2151256869381,13384.043998966536,102.92656302309746,416.5134956426899
MCL-Oscar,1,2370.0,-84.32935424903431,27.077088870631638,276.78674289133687,13494.960443955106,101.67258683215368,384.88020120962466
MCL-Oscar,1,2380.0,-84.0982477799864,26.71445062791278,279.8674703951502,13588.749318264649,102.26849321718878,417.24998540930636
MCL-Oscar,1,2390.0,-85.3586051552907,26.379540743358607,276.5902886002584,13388.362853485383,100.79816961728723,411.21021522657156
MCL-Oscar,1,2400.0,-85.65070035209378,25.309987940863603,283.41865117809436,13645.191792717134,101.80105399718305,414.4449933907574
MCL-Oscar,1,2410.0,-86.30114914562556,25.12670924594275,278.1773797116754,13453.884623403092,103.09969366248129,410.9375633344401
MCL-Oscar,1,2420.0,-86.74942022948407,24.571618860336603,282.4642769780901,13317.425889023492,103.18732698451866,415.68698795872865
MCL-Oscar,1,2430.0,-87.67246471951397,24.526504849140743,284.6487267505916,13311.010923478723,101.23442457325423,384.54586038650456
MCL-Oscar,1,2440.0,-87.52640798118138,23.697276640623464,277.027193829663,13437.427571248101,100.61876771978298,403.85211547799275
MCL-Oscar,1,2450.0,-87.95464598576677,23.49445648006253,283.87341753071996,13442.35048870675,103.14365060945396,417.8153733051152
MCL-Oscar,1,2460.0,-88.74251617273485,23.12545888319352,284.6451477132342,13650.775275780072,102.538645461106,412.0784837726934
MCL-Oscar,1,2470.0,-89.23714430636507,22.700511395336576,275.85913370547036,13631.617606477857,103.38980807966024,392.20839281772874
MCL-Oscar,1,2480.0,-89.37486290098235,22.408949088861544,277.1206978284457,13539.34147959065,100.73898315648654,402.29264015922854
MCL-Oscar,1,2490.0,-90.46522445673412,21.34798406659304,275.7561835076208,13667.082513627878,102.79820903778861,403.216106008908
MCL-Oscar,1,2500.0,-90.33853749276723,21.176753115618418,282.023958657755,13397.523148882994,103.21520165081215,413.6699018336933
MCL-Oscar,1,2510.0,-91.62897188302817,20.558478622652594,280.64499524874424,13340.461046101287,101.19620056329403,403.84189173256675
MCL-Oscar,1,2520.0,-91.63463389224316,19.995003836793813,276.26073751313857,13616.457017568571,100.66936415542739,394.33164404808707
MCL-Oscar,1,2530.0,-92.3080445381837,19.28879358980896,276.82183456376794,13484.762579239832,101.79663425709515,406.5184402968104
MCL-Oscar,1,2540.0,-92.91290437010478,19.298960387475276,284.20223051648395,13695.145101462193,101.5160888014259,415.9569128493618
MCL-Oscar,1,2550.0,-92.77749710689582,18.60797094778108,283.83843373390135,13567.807888856638,102.17429572902944,408.82244475580876
MCL-Oscar,1,2560.0,-93.68136944983546,18.065525623531812,275.5989267507997,13477.012930112945,101.25877811848544,411.42475390250564
MCL-Oscar,1,2570.0,-93.93692879634291,17.54641947905946,280.487545142759,13515.886393322788,101.97870106283756,384.3530170760969
MCL-Oscar,1,2580.0,-94.47456753909107,16.86466024674367,278.1907325719344,13559.979023023321,100.82470311359526,405.3124633975312
MCL-Oscar,1,2590.0,-94.48821309308657,16.55828380577346,280.83784794498683,13670.465665570448,102.27158899581697,385.92860826802433
MCL-Oscar,1,2600.0,-95.19723217392219,15.79164557452039,280.6436375015016,13615.48745584385,101.30481291735794,397.052699556955
MCL-Oscar,1,2610.0,-95.1149052570678,15.635995186491204,276.65488315729317,13332.381583850003,100.94166753362863,391.1715652045037
MCL-Oscar,1,2620.0,-95.06268151443534,14.730436168319905,279.26286394642176,13546.893773603466,103.13574272487531,411.97819562953765
MCL-Oscar,1,2630.0,-95.54892187416074,14.840219661647245,278.23513338808357,13315.462249325967,102.53528136019902,410.52223037253344
MCL-Oscar,1,2640.0,-96.00925451323776,13.823414446898443,283.8082714240644,13463.619101506007,102.38909992671059,381.875902356013
MCL-Oscar,1,2650.0,-95.95882989675026,13.095152715236742,282.3272643645736,13635.879095593116,100.98847800305286,404.5835720719041
MCL-Oscar,1,2650.0,-95.95882989675026,13.095152715236742,282.3272643645736,13635.879095593116,100.98847800305286,404.5835720719041
MCL-Oscar,1,2660.0,-96.97490630564934,13.258185481019645,275.2001407762862,13614.807110016563,100.54306320901141,396.94930016148777
MCL-Oscar,1,2670.0,-96.84630399253848,12.729664398278704,281.83098589962503,13441.966414977542,100.90448399859481,406.84018211734724
MCL-Oscar,1,2680.0,-97.57301218755079,11.982318774046202,280.88169969308507,13550.835737114106,101.22864216491872,392.1038998130783
MCL-Oscar,1,2690.0,-97.24034653378756,11.026794814583235,280.3409887971936,13577.793670909814,100.67039705047436,410.20751364215994
MCL-Oscar,1,2700.0,-97.71248940332201,10.774723342213356,275.268024869442,13528.364911581979,102.66668666526354,404.19786698951185
MCL-Oscar,1,2710.0,-98.09358974566342,10.407120218812647,277.12112368476403,13371.096019934716,102.50248058429646,412.97075184274985
MCL-Oscar,1,2720.0,-98.52884675743982,10.110651224849576,279.8695107561323,13531.494508705719,101.59485568332506,388.21911080213835
MCL-Oscar,1,2730.0,-98.31858459863791,9.626195340829602,280.6834868252003,13637.050391343717,101.55269378491347,417.81582174432816
MCL-Oscar,1,2740.0,-98.04183700634374,8.378725317095935,284.2674534080391,13463.041058658848,102.87100668021911,394.3153145310542
MCL-Oscar,1,2750.0,-98.58190800892935,7.899638272198143,279.8482133658403,13494.799241245439,101.39303987719158,385.7950479138873
MCL-Oscar,1,2760.0,-98.94258168533925,7.702797066391229,281.9158297666104,13310.484608307612,102.93393015056847,416.1964557272776
MCL-Oscar,1,2770.0,-99.23586346424486,7.46737716202365,279.99103942467235,13665.854687078481,100.53118319804574,386.7368453492183
MCL-Oscar,1,2780.0,-99.38558882377323,6.320530428577744,284.05636027759857,13549.844769800997,101.06230965531613,419.14079929810185
MCL-Oscar,1,2790.0,-99.03622397718769,5.477706572485284,282.9688196950545,13660.842112617309,100.59210369812833,408.76983509002406
MCL-Oscar,1,2800.0,-99.66399419954257,5.509461659610381,280.22558389781045,13505.547527868062,100.53975437040171,404.3751051806089
MCL-Oscar,1,2810.0,-99.46302401149792,5.144329535523843,276.2347267202928,13584.616559209211,101.78225163102927,417.0484575306461
MCL-Oscar,1,2820.0,-99.16933872609427,4.659021541347539,277.42488914846456,13507.387507096439,100.90407075712362,380.3229409519566
MCL-Oscar,1,2830.0,-99.38809782419582,3.6141718918267403,280.5233312394107,13602.199780972223,102.53727813763425,387.81497591544746
MCL-Oscar,1,2840.0,-100.19260997616007,3.396880026279721,276.74438822530476,13497.696960176248,100.87006210580412,405.4155503039599
MCL-Oscar,1,2840.0,-100.19260997616007,3.396880026279721,276.74438822530476,13497.696960176248,100.87006210580412,405.4155503039599
MCL-Oscar,1,2850.0,-100.0493585084748,2.8750204890216966,281.16738381225053,13329.567529138483,103.06120241124115,414.3634986264311
MCL-Oscar,1,2860.0,-99.89616020556213,2.068914383165325,279.4963651885897,13351.185218982151,103.21928332343757,406.9644173522728
MCL-Oscar,1,2870.0,-99.90432855280089,1.3372945558573015,276.2863637453822,13659.163021930306,101.30073883276255,381.14037390834704
MCL-Oscar,1,2880.0,-99.83323812098907,1.095253003749967,281.49678611370734,13633.249111053005,100.81150100825386,409.8154402496225
MCL-Oscar,1,2890.0,-99.85392403427522,0.9737877356178822,280.88787600829806,13383.582741440405,102.8220714245696,407.68153012456577
MCL-Oscar,1,2900.0,-100.37544766611377,-0.4287280575004342,281.07471132487933,13592.980021972198,100.95256544205799,417.21806390526353
MCL-Oscar,1,2910.0,-100.45698953838179,-0.9868428681027182,284.5782529900364,13398.613310506205,102.29249582742418,393.29176144605344
MCL-Oscar,1,2920.0,-99.6990466160862,-0.8979056710234279,277.1207367762234,13624.705554123568,102.75637386355514,392.4847562721012
MCL-Oscar,1,2930.0,-100.26574081202892,-2.0286793087686386,278.7321899818662,13443.535548081289,101.74350111365558,414.02902305056347
MCL-Oscar,1,2940.0,-100.29454945607259,-1.8157360983218613,276.072276735713,13392.450303076468,101.31344156285161,407.16750437205474
MCL-Oscar,1,2950.0,-99.69501478870602,-2.400121683515057,275.33902595730655,13547.936787714207,103.09228179335862,380.2129006484976
MCL-Oscar,1,2960.0,-100.19180962760221,-3.1805770997269787,282.3011237685693,13305.887394119341,102.61693389898481,414.1690882233635
MCL-Oscar,1,2970.0,-99.30169462742771,-3.9154065860135354,277.37510595450584,13633.122617633708,102.40655361260931,397.06757301406805
MCL-Oscar,1,2980.0,-99.3410112656627,-4.505920428846109,283.09732140609253,13559.066337131348,101.242407325378,407.47529601239813
MCL-Oscar,1,2980.0,-99.3410112656627,-4.505920428846109,283.09732140609253,13559.066337131348,101.242407325378,407.47529601239813
MCL-Oscar,1,2990.0,-99.10029388783366,-5.258702009054073,276.6377680826501,13684.954451638185,103.0761098654866,405.42211777277544
MCL-Oscar,1,3000.0,-99.24335487913578,-4.945033067507719,123.4314030480438,10327.091783618063,102.76178314108043,896.3612901223539
MCL-Oscar,1,3010.0,-99.11191636910438,-6.358042761166853,117.42097055185967,10491.918600527724,102.00024561189188,846.1854230221602
MCL-Oscar,1,3020.0,-98.76898688660563,-6.478351860836609,117.70563223699105,10777.36649199542,100.74434931096623,825.9061571575527
MCL-Oscar,1,3030.0,-99.07614392367431,-7.256268859709687,118.83934650867403,10322.989689698388,102.56969323620724,893.9324366474453
MCL-Oscar,1,3040.0,-99.09082092275739,-7.081787445941996,116.0557752346927,10486.39056834388,100.93555637016446,877.0266550012971
MCL-Oscar,1,3050.0,-98.28396415600191,-8.087209169813443,119.91199049011985,10255.967577843288,100.7971694432809,874.8756121817772
MCL-Oscar,1,3060.0,-98.48709181116294,-8.882888680456867,117.06359018316599,10463.546489422437,101.21472949984336,882.8759611812083
MCL-Oscar,1,3070.0,-98.13485492231355,-8.79121344792285,126.40289392117518,10557.447040496454,100.75262444535305,816.4855035117207
MCL-Oscar,1,3080.0,-97.97383572990023,-9.525001770014075,121.43306918088516,10671.399144863422,102.23879151176939,856.4331825609723
MCL-Oscar,1,3090.0,-97.5164465027432,-9.959843276652567,124.69215329571368,10140.52552049594,100.71466772115991,870.1555253466926
MCL-Oscar,1,3100.0,-97.48546924943417,-11.017010093735252,115.0918313169592,10194.066560585843,102.36848458560485,804.4028248208148
MCL-Oscar,1,3110.0,-97.48582882277651,-11.067227639441528,115.07220702790023,10841.023948751192,103.38130945627401,869.5294944778442
MCL-Oscar,1,3120.0,-97.00782275034453,-11.587326962612858,126.66225153193213,10559.659213971512,102.92701015248967,896.7188765970596
MCL-Oscar,1,3130.0,-96.49727263008253,-12.36586217086321,127.41621442068276,10846.467019027683,102.77649841197105,891.554540554188
MCL-Oscar,1,3140.0,-96.51544467595757,-12.893196673237904,115.30460269910651,10657.673276339645,100.56492733139405,821.0068014515628
MCL-Oscar,1,3150.0,-96.34659083211058,-13.699841907955157,127.6170216943193,10487.013941900577,101.07014414499298,815.5146785950329
MCL-Oscar,1,3160.0,-96.35132106914908,-13.645204284399673,118.64140579053651,10657.362192163993,102.15334888413034,873.8336460559483
MCL-Oscar,1,3170.0,-95.60677025269104,-14.423337548801511,119.72017361517705,10164.003936376446,101.45348659086709,886.9497866834985
MCL-Oscar,1,3180.0,-95.81495526877445,-14.566896608306745,119.22387862874459,10772.435691020712,101.84649402807099,836.6309926873253
MCL-Oscar,1,3190.0,-94.68057052930766,-15.689235005857832,121.55868953141204,10127.487889904722,102.62677564263444,899.3413860362438
MCL-Oscar,1,3200.0,-94.82701573215512,-15.544650035333833,120.33000359103926,10843.444177388557,101.26583019275866,862.3030034223859
MCL-Oscar,1,3200.0,-94.82701573215512,-15.544650035333833,120.33000359103926,10843.444177388557,101.26583019275866,862.3030034223859
MCL-Oscar,1,3210.0,-94.5559796223932,-16.579735672153262,115.02234590657568,10456.16330703347,102.24909720850276,820.8578877608606
MCL-Oscar,1,3220.0,-94.04719208680585,-17.038747720157218,116.23254011420971,10445.36797507725,103.34851872305042,878.9683063861604
MCL-Oscar,1,3230.0,-93.95894228468077,-17.044381819383048,115.41720946402995,10182.97758208834,103.07342204507587,811.0823049415295
MCL-Oscar,1,3240.0,-92.86539577422931,-17.96321780125012,124.50510125757256,10367.383631614784,100.63352449469316,871.7544019934732
MCL-Oscar,1,3250.0,-93.03021257933591,-18.522597025411404,124.95638325758414,10239.208441227516,103.14686074096723,837.4555124825913
MCL-Oscar,1,3260.0,-92.70176744324817,-19.055480930342284,123.06704046990941,10105.527902612188,101.82013354041999,869.831109959324
MCL-Oscar,1,3270.0,-91.87290604085037,-19.542697211001407,123.12811819481972,10786.883611457482,101.92323054517365,800.8901614274539
MCL-Oscar,1,3280.0,-92.00440599994522,-19.869952954320887,114.25236536405362,10394.87735939074,100.58610680481256,877.8736381841693
MCL-Oscar,1,3290.0,-91.27288088961089,-20.67696334316173,123.23013554551228,10323.517671250036,102.21611928659587,840.2921857156886
MCL-Oscar,1,3300.0,-90.54593705826922,-21.275110235110752,124.99596625622517,10720.273048861196,101.8921751218323,838.6819755336537
MCL-Oscar,1,3310.0,-90.31103928648864,-21.743005592514272,113.10634937540897,10149.337106700586,101.61666439848254,892.8419910205214
MCL-Oscar,1,3320.0,-89.39293402824094,-22.12495266949187,120.9043004870682,10267.211246206969,102.672643724964,852.9180551799494
MCL-Oscar,1,3330.0,-89.00208197817285,-21.980887785179547,119.73075597278861,10835.784676823934,102.24133422775566,809.3268109767082
MCL-Oscar,1,3340.0,-89.25550851432811,-23.279564179159642,127.775461361838,10224.34318290875,102.62933718007208,811.7452485119367
MCL-Oscar,1,3350.0,-88.544066698629,-23.667880760818505,113.42341393898006,10151.500160868856,103.28649582330635,890.0270943034368
MCL-Oscar,1,3360.0,-88.12636479306681,-23.91111473809052,117.0240902599624,10190.714265447488,100.74176178170136,852.0469476993823
MCL-Oscar,1,3370.0,-87.45565216821713,-23.898654593244455,120.1610235324751,10566.869672102961,102.94955303645237,850.567973464127
MCL-Oscar,1,3380.0,-86.50248314365753,-25.207766178458666,119.17774669157889,10686.19665804666,101.71352475138013,811.4293623578028
MCL-Oscar,1,3390.0,-86.73265139413161,-25.40410080761631,115.08753658748512,10274.876412158299,101.74404033518769,869.1621598009424
MCL-Oscar,1,3400.0,-85.51013128158313,-25.818928074005726,120.67535690803683,10512.129378364642,999.0,817.5209673888871
MCL-Oscar,1,3410.0,-85.48569166749094,-26.28798328203163,118.66815619296437,10689.989222425935,103.31989799005746,879.5265401387592
MCL-Oscar,1,3420.0,-84.49859616687559,-27.07662982408795,119.25335870194986,10330.127154364238,100.82325789250845,807.1941520285054
MCL-Oscar,1,3430.0,-84.02608859794744,-26.84824273064185,113.50417612027701,10686.34688982818,103.09824586940627,824.7021521028156
MCL-Oscar,1,3440.0,-83.15178859277592,-27.55336054252762,122.77840383842504,10187.735960656179,102.75509492142095,813.8623484207704
MCL-Oscar,1,3450.0,-83.2104881568265,-28.46867233216303,126.75704867123201,10577.438529051658,101.96919505844087,807.4389389931505
MCL-Oscar,1,3460.0,-81.92921745230387,-28.538862717689735,119.10172254037671,10399.80163440994,101.41474474180468,877.0990404435414
MCL-Oscar,1,3470.0,-81.8506016858746,-28.8941313004132,122.73009427610295,10898.060090604415,102.63354886401059,836.5677625877888
MCL-Oscar,1,3480.0,-81.3262072971473,-29.653620836608734,120.21408215210396,10727.190473620416,999.0,834.7972911923606
MCL-Oscar,1,3490.0,-79.85331633043697,-29.572781639936498,122.88759580256504,10146.717944301661,102.00259152583791,853.3962093851187
MCL-Oscar,1,3500.0,-79.13618069508904,-30.60730027488897,127.38223577794136,10237.451360211568,101.41262124320208,874.1768691965194
MCL-Oscar,1,3510.0,-79.25177461613124,-30.37381988234752,113.72963203377715,10236.935204860054,103.1043298315403,870.5572757840763
MCL-Oscar,1,3520.0,-78.1099460661882,-31.292069169773402,115.08326695165192,10478.952664698048,101.89525320980933,806.0541658354779
MCL-Oscar,1,3530.0,-77.65987704135372,-31.45872503947585,126.76190492074466,10349.619746931263,101.20395315934888,867.8115839841281
MCL-Oscar,1,3540.0,-76.7289240111436,-31.571844692634265,113.78934297177773,10653.127455461916,102.13924846259052,864.2403886476428
MCL-Oscar,1,3550.0,-76.58385846470121,-32.35269597979488,122.13087619496858,10721.440795858109,103.38628118553578,823.845461013477
MCL-Oscar,1,3560.0,-75.37121744920812,-32.367732842490376,116.95566548551024,10410.411229427675,101.6436466287908,837.2260914671447
MCL-Oscar,1,3570.0,-75.26401856465048,-33.53733348097943,115.51140363426121,10688.475026540023,101.62530519688423,866.3576559230977
MCL-Oscar,1,3580.0,-74.34905713492434,-33.974543535614224,121.94973088424182,10232.408562030847,103.1508888339168,866.950118893583
MCL-Oscar,1,3590.0,-73.56783926873582,-33.86390020179914,121.43910399515364,10800.756975645954,101.96852991987438,812.3786408430095
MCL-Oscar,1,3600.0,-72.28684253165797,-34.66189938991617,280.01450700258533,13403.792356486598,101.05119875404272,418.42801973866597
MCL-Oscar,1,3610.0,-71.65393062925473,-35.01792634302685,284.2249521374741,13583.771660345052,101.51191221150059,394.2612921611164
MCL-Oscar,1,3620.0,-70.88460348722451,-34.87897073667943,283.7270104020787,13573.495408269893,102.28603373431385,380.8017982182503
MCL-Oscar,1,3630.0,-70.6992345807936,-35.48175653119493,281.8002563555591,13454.643705472801,102.79053064673353,415.5718007355221
MCL-Oscar,1,3640.0,-69.20881329960312,-36.39016179401514,281.37076553768253,13521.256779997586,102.12257201501518,410.2313290719718
MCL-Oscar,1,3650.0,-69.15403799349545,-36.713061411503205,283.4477914940224,13548.33329283064,101.00230819563303,413.40663440702923
MCL-Oscar,1,3660.0,-67.8503452955859,-36.46495726074927,279.1819834354935,13320.754535713455,100.50736882726753,403.93217514597757
MCL-Oscar,1,3670.0,-67.48731435650922,-36.896947855470906,280.4889839610765,13630.82785767573,101.55378464776332,413.58155381818716
MCL-Oscar,1,3680.0,-66.8189109542229,-37.16136273800101,282.86254001758306,13331.386388713017,102.53054474617,389.52540540355295
MCL-Oscar,1,3690.0,-65.31990832140215,-37.87125395747406,282.0755488802753,13341.424762408755,102.80212584957373,406.00378850559554
MCL-Oscar,1,3700.0,-64.76251265636722,-37.6812660663229,275.20390620798855,13417.278010010292,100.88952400044535,388.09026042581974
MCL-Oscar,1,3710.0,-64.1736372725802,-38.55361446992696,283.4417704218789,13524.765945526662,103.431571276168,411.4936157187966
MCL-Oscar,1,3720.0,-62.939759142708105,-38.52684884239416,280.16988966618845,13667.752778021266,103.22353817253078,406.7525322180785
MCL-Oscar,1,3730.0,-62.31582825638207,-39.43027261464336,281.61790487511496,13572.516375839186,102.01819943641672,386.90066486572226
MCL-Oscar,1,3740.0,-61.757022893746324,-39.69130345136986,276.33888941699706,13469.232690318657,102.68297000477163,394.94541139115887
MCL-Oscar,1,3750.0,-60.45362116698755,-39.93170756771539,277.37090710101126,13470.37272112349,102.75793348229497,415.4102624604233
MCL-Oscar,1,3760.0,-60.095576724360136,-40.17667036222447,278.87867338337384,13648.152568675714,102.3836421975252,405.85070986498295
MCL-Oscar,1,3760.0,-60.095576724360136,-40.17667036222447,278.87867338337384,13648.152568675714,102.3836421975252,405.85070986498295
MCL-Oscar,1,3770.0,-58.86444714177685,-40.16707336787436,278.71116339768366,13655.516613559777,101.00038276109863,386.3405410423448
MCL-Oscar,1,3780.0,-57.7847116360206,-40.52850393282892,275.61484918025707,13368.096168565948,101.61672560796657,382.1765587056815
MCL-Oscar,1,3790.0,-56.8544773212339,-41.3621189150127,284.3188741016494,13344.465211229208,102.22027970737882,414.6736601728801
MCL-Oscar,1,3800.0,-56.00033695209597,-41.64062632017974,282.7981270389038,13481.263175554888,103.19841952192824,412.89963804039394
MCL-Oscar,1,3810.0,-55.047229248513524,-42.17893805336575,280.4578890675584,13550.82782029357,100.60219556804584,399.7773733398878
MCL-Oscar,1,3820.0,-53.94130410593887,-42.1629243394433,283.6780436559978,13343.053985592765,103.35902457895004,411.9131932607981
MCL-Oscar,1,3830.0,-53.49636974092843,-42.10685897287172,278.45254430459823,13623.261350414989,100.94629316041964,407.8839126037472
MCL-Oscar,1,3840.0,-52.39640247945437,-42.30615519237834,282.6433895244433,13380.894175459734,101.11980220418404,392.36628366370184
MCL-Oscar,1,3850.0,-51.083497966189334,-43.02967499233716,283.2399837771036,13306.050193468398,101.55496938134486,411.2850526743953
MCL-Oscar,1,3860.0,-50.228113226988064,-43.26525053551065,281.0033391275801,13377.960086790948,102.01274487436406,390.1844746658427
MCL-Oscar,1,3870.0,-49.94026846914501,-43.27937074240631,282.035345956681,13422.078385474544,103.08727017847505,414.09455102395407
MCL-Oscar,1,3880.0,-48.9532814793589,-43.18650740474627,282.3669257328082,13653.020833532639,103.08634599404901,380.2887612620155
MCL-Oscar,1,3890.0,-47.71844301454019,-44.33381420799584,276.17387525960817,13534.491941955395,102.29056857085224,386.30036952432374
MCL-Oscar,1,3900.0,-47.310802195137505,-43.99827335196311,277.02923865780406,13400.579995141119,101.08432942663259,399.77794857403046
MCL-Oscar,1,3910.0,-45.57326578013838,-44.136581409585865,281.0031633058049,13550.013585765328,102.61302046640108,386.35970066669705
MCL-Oscar,1,3920.0,-44.41830576672291,-44.619931891636355,279.9196857533819,13576.918876003909,101.43208971892479,419.10142710936947
MCL-Oscar,1,3930.0,-44.44468876517237,-45.23514414174956,279.2777487382922,13337.693394804774,100.65030593819041,386.0927642793495
MCL-Oscar,1,3940.0,-42.76054370627915,-45.64419197948976,281.9394445842142,13635.95599175906,101.53715152655734,419.97088725489624
MCL-Oscar,1,3950.0,-41.849963602358905,-45.09625611328997,278.9499707439644,13376.236874547049,102.28175263555049,411.02187449596414
MCL-Oscar,1,3960.0,-41.501295459033116,-45.305479003342946,276.5966242611539,13484.772806731766,102.37532480053393,418.8637882828037
MCL-Oscar,1,3970.0,-39.541266364767765,-45.4419054664803,275.52861132650247,13378.14089915987,101.87380779414354,388.0486153861285
MCL-Oscar,1,3980.0,-38.55116690319528,-46.386552509582806,284.69843484973154,13560.703793910181,103.294691001808,413.7327489245326
MCL-Oscar,1,3990.0,-38.38286301699359,-46.703946393436155,283.974329104236,13324.09877006227,100.75878628100352,416.8729455932729
MCL-Oscar,1,4000.0,-36.90416784852206,-46.1783562747364,278.5533269205263,13353.677419175494,101.0246085708473,383.6394377119282
MCL-Oscar,1,4010.0,-35.677460936510855,-46.729537021554265,278.647089393427,13590.13379328956,102.43436852400599,410.8174743129888
MCL-Oscar,1,4020.0,-34.851690652673305,-47.12836884902337,283.20102235993113,13637.957079740652,100.54318324766714,409.7086456131481
MCL-Oscar,1,4030.0,-33.70534682672045,-46.91984991150116,284.6878962916338,13678.360877463107,102.98188500581999,406.72554640421754
MCL-Oscar,1,4040.0,-33.315040556792354,-47.080173466145716,277.4849998099196,13477.036174669207,102.849945072792,402.14590025514894
MCL-Oscar,1,4050.0,-31.95902399528812,-47.74351536861188,281.45365772566987,13363.747353351719,102.80589383688417,407.1099689768901
MCL-Oscar,1,4060.0,-31.14824993126263,-47.36186401529931,280.934911089666,13396.903516664508,100.96985970503748,390.87763399041165
MCL-Oscar,1,4070.0,-30.001456152733564,-48.06160614327509,278.9402111944669,13342.7333426202,101.90036210231692,380.56140628857474
MCL-Oscar,1,4080.0,-28.63525412651999,-47.77490200995043,281.48677218025557,13540.283074271096,100.8121426488858,407.21580321022606
MCL-Oscar,1,4090.0,-27.662353327281753,-48.500012908116865,276.05585061397954,13579.305739318244,103.48978421284828,411.65486537312387
MCL-Oscar,1,4100.0,-26.529026863262825,-47.79400544535693,281.27713518605265,13440.688397702452,100.63908959335768,404.08605858007286
MCL-Oscar,1,4110.0,-25.800269115779333,-48.59958798055483,277.5098569101678,13308.293126277862,101.96748916551431,390.5833524084355
MCL-Oscar,1,4120.0,-24.99158987146566,-48.875716741064124,275.36265254244097,13306.862578809418,101.76104203973222,383.8199833028861
MCL-Oscar,1,4130.0,-23.214454726778687,-48.37204056236142,284.251393877955,13583.24756950658,101.53936409109684,400.6713886182987
MCL-Oscar,1,4140.0,-22.62645045496681,-49.089992814201445,280.56654537694,13472.043786801974,100.82078753638463,406.3315447904242
MCL-Oscar,1,4150.0,-21.46190962561341,-48.53824722467352,275.2946394169129,13437.635874509242,102.70139545849833,391.86373805990496
MCL-Oscar,1,4150.0,-21.46190962561341,-48.53824722467352,275.2946394169129,13437.635874509242,102.70139545849833,391.86373805990496
MCL-Oscar,1,4160.0,-20.452430629773527,-49.32941085395318,277.7727311182209,13446.286773207043,102.06764555131547,381.7940281994087
MCL-Oscar,1,4170.0,-19.606110960676457,-49.36571457357518,283.22507875831957,13333.721342401914,102.54641909074785,416.40975033076234
MCL-Oscar,1,4180.0,-18.25887662442283,-49.103952803683775,281.6995030992864,13422.179430652888,102.33176455889271,403.9978649182271
MCL-Oscar,1,4190.0,-16.8752132830187,-49.308423338267446,275.9030873214417,13436.994621165568,103.20445799265678,384.2928319713492
MCL-Oscar,1,4200.0,-16.319362219129395,-49.14399792900802,283.82055443432193,13518.83210873978,100.6828548580743,415.2592897498658
MCL-Oscar,1,4210.0,-15.027433579985463,-49.696510787615736,277.05462703559664,13392.6733657393,102.7620501578323,402.70002820789125
MCL-Oscar,1,4220.0,-13.943920588437528,-49.258380428559846,281.7584377327876,13354.108445183594,102.42830475939924,411.2154163180412
MCL-Oscar,1,4230.0,-13.361877409877703,-49.49980909590721,277.5810684340706,13589.547627230806,103.02735935426752,380.78578664507484
MCL-Oscar,1,4240.0,-11.485971824001098,-49.189314806204266,281.79165268459076,13396.871998799643,103.33885091407072,400.9063064212718
MCL-Oscar,1,4250.0,-11.30216036860928,-49.94834756654969,281.7010019420838,13325.669173541399,101.41403859023835,389.4235200673653
MCL-Oscar,1,4250.0,-11.30216036860928,-49.94834756654969,281.7010019420838,13325.669173541399,101.41403859023835,389.4235200673653
MCL-Oscar,1,4260.0,-10.144670079576056,-49.69377905606789,277.15096282492453,13484.226680234193,101.43069504542059,415.2627920151156
MCL-Oscar,1,4270.0,-8.178161766001752,-50.2990194499208,284.32394303434603,13515.631125428738,101.47193947403068,394.0500754022832
MCL-Oscar,1,4280.0,-7.249835451448607,-49.81096147105458,282.37820207596127,13688.983797351719,103.2243625835131,380.98609804937223
MCL-Oscar,1,4290.0,-6.7993330257870035,-49.770562188328206,277.83771606885296,13360.164611167,101.72658455340247,386.1934071444087
MCL-Oscar,1,4300.0,-5.445429691220634,-50.362785282569,280.07197831793246,13698.305925095254,103.18619025583591,400.6923152363121
MCL-Oscar,1,4310.0,-4.042569942601974,-49.55603032847587,277.23260732532754,13648.136907954671,103.48265280545934,385.4068262394783
MCL-Oscar,1,4320.0,-3.1599001041770567,-49.623615182037646,282.6105500910148,13386.651710567616,101.91895835287865,400.0096632639045
MCL-Oscar,1,4330.0,-1.9298868507533518,-50.21817567778783,280.2007427768394,13313.76370402573,100.63227327787008,384.4666603405028
MCL-Oscar,1,4340.0,-1.3857338122369955,-49.92229816132034,284.2755780994952,13660.401548760474,102.39927930192862,404.18569416158834
MCL-Oscar,1,4350.0,-0.00279770483559066,-49.60583495755098,279.37606505384724,13531.772418749155,101.75555491079868,384.7635009752573
MCL-Oscar,1,4360.0,1.0701542580330166,-49.91890760264998,276.1324694724871,13304.838418429606,101.22310744904833,412.1010928805211
MCL-Oscar,1,4370.0,1.8154063768478454,-49.65767833814747,280.4653650582896,13687.086068937373,102.84909329507892,409.56183529571956
MCL-Oscar,1,4380.0,3.51313711365736,-50.299749855217634,277.70706655482593,13545.330175106768,102.6701152420839,395.9228501003804
MCL-Oscar,1,4390.0,4.28497080180494,-50.144256153505125,281.8261757845463,13464.707347833439,100.85487752292524,419.0277051040746
MCL-Oscar,1,4400.0,5.477453276426082,-49.6856005007907,279.31732438228306,13612.774280983997,101.40582299578347,410.6655362003033
MCL-Oscar,1,4410.0,6.677791426146651,-50.10549200575711,283.3229138966683,13558.717358092019,101.16242840844275,391.9739395045051
MCL-Oscar,1,4420.0,7.9946922695937905,-50.20974899238909,277.14232529998895,13503.297959129732,100.95307418413078,400.53482771612266
MCL-Oscar,1,4430.0,8.187353114996897,-50.11465719220916,283.8537947325823,13329.625822469208,101.22188571563564,394.4427134972803
MCL-Oscar,1,4440.0,9.806402939089029,-50.14225970983349,282.4862937175871,13607.703289578678,102.82665824082845,395.63367627657436
MCL-Oscar,1,4450.0,10.414886780382224,-49.29700631769176,280.57627884095945,13305.614621578598,102.31648116780408,397.30646362781306
MCL-Oscar,1,4460.0,11.830882500047883,-49.73552638535175,275.2384142378135,13592.584400805048,100.88496581679658,382.6749804477484
MCL-Oscar,1,4470.0,13.056718410909802,-49.42493021728562,277.94240139834665,13456.958855113267,101.54782844334692,407.39822951344235
MCL-Oscar,1,4480.0,14.438857594406269,-49.50632440186517,276.5308428726636,13696.410689649634,103.04361119881268,406.0934839850523
MCL-Oscar,1,4490.0,15.209576772378371,-49.251375968252695,282.34363314511427,13638.793216854741,101.0267611023957,392.1225280863711
MCL-Oscar,1,4500.0,16.672172954256666,-49.2428024792796,277.71996841807237,13456.710965464315,101.23462276822181,381.00953701488356
MCL-Oscar,1,4500.0,16.672172954256666,-49.2428024792796,277.71996841807237,13456.710965464315,101.23462276822181,381.00953701488356
MCL-Oscar,1,4510.0,17.591429574075608,-49.18184151383997,280.5157794555691,13644.475046285395,101.89190418386954,414.45104211351
MCL-Oscar,1,4520.0,18.19843739201338,-49.589649336508366,282.1747550882756,13534.673553294126,101.80803620706679,410.4413197170935
MCL-Oscar,1,4530.0,19.47113542478203,-49.465154297694816,282.40899065573245,13661.989496697544,101.26214031196884,400.7741458633984
MCL-Oscar,1,4540.0,20.27467467937323,-48.85990636347761,283.94776390660843,13338.671442917104,102.12081981714896,388.20904300348434
MCL-Oscar,1,4550.0,21.379611918039924,-49.28434317277048,280.69002567300714,13507.294852505192,101.5034688118823,381.20635877360854
MCL-Oscar,1,4560.0,22.300828780490868,-48.22236900236077,282.9288389064142,13487.381695739829,101.7033595899399,402.26400485866367
MCL-Oscar,1,4570.0,23.69752399732864,-49.08385304354951,276.87558552968335,13685.27922595471,101.8065769207616,412.5993845441693
MCL-Oscar,1,4580.0,24.992685102465405,-48.15648468758386,284.42438387765577,13428.761198812354,100.77007220047393,403.1712693567036
MCL-Oscar,1,4590.0,25.95171193356141,-48.20785495367146,280.15892144519506,13557.028954944211,101.73770944988489,400.21222458067484
MCL-Oscar,1,4600.0,26.821292816782382,-48.57494131549297,276.874337279886,13580.400422524343,102.4027170145967,408.76120303137265
MCL-Oscar,1,4610.0,27.946580996032,-48.142893005242975,275.70348919213797,13616.070173326205,101.37760073697575,415.83079641816533
MCL-Oscar,1,4620.0,29.29460885109919,-47.422201145137095,278.9780987526372,13410.187599843814,101.76667881510187,419.7426563011436
MCL-Oscar,1,4630.0,30.00966584151746,-48.1980350519026,281.84029278824204,13469.647505869734,102.15965746848954,417.798791508291
MCL-Oscar,1,4640.0,30.47379949168733,-47.698168354209095,281.14497316314,13353.728355374991,100.99592649697156,419.5915718945591
MCL-Oscar,1,4650.0,31.439112193489034,-47.22014631175003,284.92876395591736,13687.8356793427,102.74298447048803,380.0947316646169
MCL-Oscar,1,4660.0,33.22952112485112,-47.450469935107506,279.71524327729423,13687.854711693877,101.93798108263152,400.8335646864277
MCL-Oscar,1,4670.0,34.0956968204985,-47.42324813629027,275.14206290586105,13459.581973203962,100.84261582399755,418.39095140409944
MCL-Oscar,1,4680.0,35.21930446909611,-47.204034539005015,278.17148724100315,13586.03604786891,102.153209663189,392.1974167621906
MCL-Oscar,1,4690.0,36.244729897523335,-47.02603239275775,282.59847128554276,13509.528805961805,102.41714648866278,385.1156923927513
MCL-Oscar,1,4700.0,36.83486493765776,-46.473056859584524,283.4559945886771,13476.513227581605,100.92497254394986,414.2706174049383
MCL-Oscar,1,4710.0,37.607760712622984,-46.59742085248646,279.52602632314665,13560.467634965042,103.3363376821228,419.43825127576184
MCL-Oscar,1,4720.0,38.89391365093643,-46.276077366127936,277.29617305355265,13325.390424246589,100.71316267807481,395.5297377298614
MCL-Oscar,1,4730.0,39.728149235958995,-45.551134716368324,280.99936451915306,13312.136499279763,102.2316429500315,414.40475158778105
MCL-Oscar,1,4740.0,41.18140472910096,-46.023024002480454,284.6731946890851,13487.285657048296,101.32951109427856,414.7719878061988
MCL-Oscar,1,4750.0,41.52272953438057,-45.2417726047779,284.2077708671831,13585.869395881344,101.7730055052468,386.3539896643369
MCL-Oscar,1,4760.0,42.94509933898798,-45.43662226934882,281.0772934343659,13541.195205628957,100.72427258590636,413.4451195477838
MCL-Oscar,1,4770.0,43.77278778608639,-45.23512553802626,276.4030224934051,13349.24945262475,101.99174980718105,419.93482931678
MCL-Oscar,1,4780.0,44.73000288732383,-44.17602264318787,277.0386656390771,13580.998181008426,101.0554537319159,414.238447032027
MCL-Oscar,1,4790.0,46.12946650645205,-44.56951230507302,276.22819281575914,13378.672341439004,103.42157992068265,415.307215486551
MCL-Oscar,1,4800.0,47.17528277667444,-44.5014617614532,117.52354330218978,10528.42526614694,100.67825760883147,804.9326649115642
MCL-Oscar,1,4810.0,47.61670355302328,-43.54231963753383,123.76540014852748,10760.279928559996,103.22540624184496,871.8101796080805
MCL-Oscar,1,4820.0,49.08707824327549,-43.853244327705326,113.87562196458276,10375.3256804994,102.02292741400281,801.212263950351
MCL-Oscar,1,4830.0,49.384196982182864,-43.771910053451315,121.75341303745338,10100.48695591467,102.15447793905338,809.0474723434103
MCL-Oscar,1,4840.0,51.017915209192324,-42.82270726874494,118.95315890988627,10424.518147983534,103.04866864291643,867.8140276003909
MCL-Oscar,1,4850.0,51.06366882720104,-42.63051393306869,123.14319671905388,10795.518557305175,100.55870476199244,888.5577300101702
MCL-Oscar,1,4860.0,52.052204293131695,-42.25379975650743,122.09836893797223,10152.196241823109,103.39593728293514,855.1630460775381
MCL-Oscar,1,4870.0,53.80093085945637,-42.11088317908126,113.39839551752898,10797.954564303032,101.39590685055349,883.9993593749278
MCL-Oscar,1,4880.0,54.03610137051428,-41.90066464300379,120.4979926052655,10788.466712060112,102.80163261887333,815.5299693848174
MCL-Oscar,1,4890.0,55.1455706623043,-42.103400603828874,122.62934070606192,10135.13360842616,100.91700936534298,838.9621044054311
MCL-Oscar,1,4900.0,56.154503965501206,-41.02642195834524,125.33718685709745,10686.639168531872,103.19800171715069,884.5221478202618
MCL-Oscar,1,4910.0,57.33530489533842,-41.27792634057255,120.16154863410276,10800.451645172701,103.48366001375281,843.4243803258593
MCL-Oscar,1,4920.0,57.670879517610295,-40.91308559079325,122.51036224039414,10812.470293212104,101.4728341265985,876.8489359011278
MCL-Oscar,1,4930.0,58.63488928901443,-40.64871196929847,121.50766799715925,10109.932971872753,100.95488945787984,881.7704100331151
MCL-Oscar,1,4940.0,60.029808799415754,-40.04587234122825,123.16631359186132,10159.508770904295,102.26262194350731,851.2671297594205
MCL-Oscar,1,4950.0,60.44705796907027,-39.8715195958817,120.52281419417787,10192.01756035843,102.2407676220284,887.9134246171948
MCL-Oscar,1,4960.0,61.512534015901785,-39.03123939244984,126.75246615290855,10224.888143403028,101.6916764459355,893.8549542531995
MCL-Oscar,1,4970.0,62.57827273508895,-38.866200509160045,115.92573372181695,10168.24490600474,101.16778295874458,819.2174003189152
MCL-Oscar,1,4980.0,62.811832193971824,-38.323490649350965,117.19092706710649,10671.306949190883,102.00463214997316,827.3504147798898
MCL-Oscar,1,4990.0,63.99952536648335,-38.124751787248115,112.7013382579692,10619.430334252362,103.03617500208846,804.1056126084679
MCL-Oscar,1,5000.0,64.89784927324271,-38.01111067349904,116.9548046856862,10872.111680335267,103.43587492972648,872.817166585153
MCL-Oscar,1,5010.0,65.41111394348647,-37.661694648786856,119.35932411792282,10351.312919140963,102.03806650378851,846.0986537234016
MCL-Oscar,1,5020.0,66.36957361320071,-37.205380827602916,125.3272968745531,10514.967089239986,102.10402483999138,886.1398573905537
MCL-Oscar,1,5030.0,67.27753448850828,-36.73014423746882,121.74475998751153,10830.695939433375,102.82936587065691,880.0068488612038
MCL-Oscar,1,5040.0,67.65246201605274,-36.240807088019196,113.70245391496411,10686.35774695742,101.96233536514009,876.6582278031636
MCL-Oscar,1,5050.0,68.76525900041466,-36.291310563609365,118.37127683580877,10367.165167454767,103.28006179492711,842.2373768907543
MCL-Oscar,1,5060.0,69.10197808204869,-36.15709260849064,123.75619178397011,10486.260408947774,102.30327786290295,822.3815537617182
MCL-Oscar,1,5070.0,70.12279866588817,-35.509446641626916,114.37542681142601,10442.529270647086,103.19243727370674,896.1917208444972
MCL-Oscar,1,5080.0,71.54915925547022,-35.651533607657576,122.37080140172473,10221.264778023395,101.10497574366099,808.7591392552035
MCL-Oscar,1,5090.0,72.34554216256447,-35.12336212363203,122.28735752945002,10306.899192569197,101.69936770195373,887.4119314161464
MCL-Oscar,1,5090.0,72.34554216256447,-35.12336212363203,122.28735752945002,10306.899192569197,101.69936770195373,887.4119314161464
MCL-Oscar,1,5100.0,72.96645367752933,-34.462035929961615,121.17740681766749,10890.64512377967,101.14926950534493,889.3113737843288
MCL-Oscar,1,5110.0,73.67002879714424,-34.213412017045115,122.01553220710976,10434.968968496814,102.17428802352495,858.6015336730001
MCL-Oscar,1,5120.0,74.03299272076526,-33.53495811126128,120.86124123713597,10363.47820729024,102.71015792254603,809.3037913735731
MCL-Oscar,1,5130.0,74.3010273265877,-33.64284650461224,120.05419260145324,10366.2684241954,102.02060426347269,843.3071502991722
MCL-Oscar,1,5140.0,75.49840493908395,-32.70922771900211,112.9409573741849,10409.350639961185,103.08496134279123,841.9803012939215
MCL-Oscar,1,5150.0,76.3494836642108,-32.23272153446137,118.91134929131674,10162.591090577464,103.36082075291674,871.9949490453209
MCL-Oscar,1,5160.0,77.27146907165121,-31.874408341364173,122.54720190256138,10421.449710214983,100.72693332444857,865.0248644378172
MCL-Oscar,1,5170.0,77.84730430564552,-31.401001809514455,122.89054981196026,10790.618629382516,102.37702639585115,879.5604165593702
MCL-Oscar,1,5180.0,78.72149523029059,-30.968034967630835,116.03363119188141,10476.120478444685,102.25730253989907,875.2272952446841
MCL-Oscar,1,5190.0,78.92813421047332,-30.71267416293873,112.78516125768104,10471.995170087283,102.34184617052483,801.8864653831233
MCL-Oscar,1,5200.0,79.60623583491568,-30.6160186512205,114.27022428808901,10350.688909817307,102.98597626128489,889.655006327963
MCL-Oscar,1,5210.0,80.18806780335481,-30.035770835011668,119.6429851054591,10224.057512809264,102.05748895628034,826.5260452575186
MCL-Oscar,1,5220.0,81.24195790537256,-29.198152009279443,123.68739791598466,10162.562517931896,102.03767266533983,860.7380142098505
MCL-Oscar,1,5230.0,81.39905230010187,-28.979832414541615,124.97490705647495,10307.854350954623,101.25447317964715,839.6103899686672
MCL-Oscar,1,5240.0,81.93169558719885,-28.220015999010105,121.82749436377641,10388.041098254378,103.44451700974678,813.2533604000889
MCL-Oscar,1,5250.0,82.31594921613487,-28.463356027289016,122.28444816485661,10818.618350522614,102.66973225478516,892.6646188331649
MCL-Oscar,1,5260.0,83.23432070740881,-27.25327498270305,122.79143723316287,10715.084143168553,103.06670144375583,865.5260714429774
MCL-Oscar,1,5270.0,83.60895543935716,-27.510010559098617,112.96721279720481,10206.640417158766,102.33254690032928,876.897437505775
MCL-Oscar,1,5270.0,83.60895543935716,-27.510010559098617,112.96721279720481,10206.640417158766,102.33254690032928,876.897437505775
MCL-Oscar,1,5280.0,84.53895999505353,-26.720450981492085,115.42723749079418,10673.471612492183,999.0,845.989316029332
MCL-Oscar,1,5290.0,85.56354413049587,-25.966598327705853,112.6962326763432,10349.489920335078,101.66226955626172,868.9274896389853
MCL-Oscar,1,5300.0,86.03368868973921,-25.50664646738292,123.95793441697992,10498.671013951514,101.29001787215067,850.5644675881442
MCL-Oscar,1,5310.0,85.75197917431719,-25.09979393613273,123.6662157908402,10711.956751856567,101.41637544019669,869.8642551216635
MCL-Oscar,1,5320.0,87.23498862878095,-24.77583755356081,117.54239169926619,10455.104848495586,101.1206084085647,843.6382229634804
MCL-Oscar,1,5330.0,86.91325399965861,-24.475157079425028,124.54005937533991,10142.046242386043,101.59455791006206,858.5026030270426
MCL-Oscar,1,5340.0,88.26937994266416,-24.32904677596989,120.63463321604027,10845.711535766914,102.20290226219281,817.0644820522716
MCL-Oscar,1,5350.0,88.59785836902523,-23.560095631149583,126.77106751676445,10242.678068456113,102.63310748672689,859.624305037972
MCL-Oscar,1,5360.0,89.30943276931157,-22.56491154125529,116.2191353240796,10854.422081076997,100.5856886313406,827.8145418442023
MCL-Oscar,1,5370.0,89.13720672642073,-22.777933743036623,115.86554785905807,10579.180236439455,101.67766292595383,801.7759179554185
MCL-Oscar,1,5380.0,89.37685113416708,-21.886403651201157,127.98622407964321,10293.930396960388,100.8665695805805,829.6316368414762
MCL-Oscar,1,5390.0,90.3401375466601,-21.426246544192235,114.4927475622851,10772.770512017452,101.4763198970882,850.1422916229233
MCL-Oscar,1,5400.0,91.19200564076141,-20.8301119414881,122.39382100834041,10598.036201239609,102.48277670174153,825.8347265134122
MCL-Oscar,1,5410.0,91.69012546838151,-20.657147249562914,115.70368763261116,10594.130766762022,101.88374538753202,870.2127672750156
MCL-Oscar,1,5420.0,92.00895008048238,-19.876909812891483,125.79859116270353,10784.608945315493,102.99294885511723,855.6146721892037
MCL-Oscar,1,5430.0,92.2056069393278,-19.703355421407217,116.68201926806454,10106.87419037711,103.08147786871069,809.5688107903884
MCL-Oscar,1,5440.0,92.44380108397563,-18.73156183771629,120.33743959712197,10214.577171835754,102.62095525586616,890.3045161864338
MCL-Oscar,1,5450.0,92.62778214440102,-18.480239629975014,121.33571836297756,10675.513343071696,103.09254674226364,875.4136342152074
MCL-Oscar,1,5460.0,93.78670435253015,-17.893858059380918,116.46905452177492,10866.93631488016,101.61992500092217,865.7427579375229
MCL-Oscar,1,5470.0,93.19148478609183,-17.042856670833853,127.01371765242077,10434.76810040585,103.20661595045986,836.640313066601
MCL-Oscar,1,5480.0,94.36245509280884,-17.060311828482956,118.88396972848855,10174.218937925169,101.06765417037661,817.6588919535056
MCL-Oscar,1,5490.0,94.74179050184277,-16.400946643676722,115.13843495919923,10504.093823098856,101.30812271313833,820.2596564463711
MCL-Oscar,1,5500.0,95.00884914113938,-16.30187380439691,117.67187960706977,10809.105050246482,102.33865034199374,864.8229083669698
MCL-Oscar,1,5510.0,95.43428979127002,-15.105807660817538,113.19169388547849,10236.024404621352,101.52646183355913,841.666383034531
MCL-Oscar,1,5520.0,95.17302035345723,-15.162826624912528,121.78842312532167,10326.33009416693,102.64568918108603,827.14952680816
MCL-Oscar,1,5530.0,95.64880945264011,-14.684823988450596,112.2578823712235,10219.248926111793,103.33377469581252,811.7721157216257
MCL-Oscar,1,5540.0,95.99429448255628,-14.166883240390394,121.09412263912154,10383.594741650506,102.59438279169547,839.344137067557
MCL-Oscar,1,5550.0,96.12858045793583,-13.226369508542156,116.16885142242614,10804.204938149338,101.03536098827942,877.1880148475291
MCL-Oscar,1,5560.0,96.97309869278739,-13.293786802353448,115.94101071136824,10772.002159197993,100.73189580081521,854.4104668496803
MCL-Oscar,1,5570.0,97.3036827444856,-12.293894670705887,126.91225756760166,10556.85986882878,101.71753866579266,898.4076615824637
MCL-Oscar,1,5580.0,97.58567305636649,-11.72184576364796,114.38618279758894,10519.74938864719,101.97300599729303,817.8960362386553
MCL-Oscar,1,5590.0,97.54159920391706,-11.233156714923204,113.01023391292948,10642.824443115867,100.75015858380708,867.1146595148174
MCL-Oscar,1,5600.0,97.3797358482816,-10.913457466179786,113.06431637657957,10776.304935890006,100.65508964396018,815.4430285248251
MCL-Oscar,1,5610.0,97.84363783122653,-9.825662913128564,112.11629068843149,10153.828811087447,100.6816689602934,860.7316948545702
MCL-Oscar,1,5620.0,98.47316154444451,-9.92752374035574,113.93391071125342,10374.55682722987,100.80372629792357,811.0952512822738
MCL-Oscar,1,5630.0,98.12724685282922,-8.723299887200794,118.78140697512652,10618.202713629411,102.044945584813,803.9248340041933
MCL-Oscar,1,5640.0,98.1999484180583,-8.571296025478015,118.13664489090445,10860.257245215447,103.17336695212514,877.1855468739171
MCL-Oscar,1,5650.0,99.02803276806242,-7.633842893710191,115.60679395254036,10540.277684766532,102.78817573423406,813.2229636300307
MCL-Oscar,1,5660.0,98.42178614981759,-7.261017927517913,113.69138912172359,10327.361112188148,101.51655253631785,827.4352138179539
MCL-Oscar,1,5670.0,99.00944255276175,-7.145506116193968,113.76844990787467,10850.072422884648,100.55427999577307,849.6926886662138
MCL-Oscar,1,5680.0,99.64097621191102,-6.591118101346501,125.24285691921563,10248.72675254029,100.64520781784253,877.2020301290682
MCL-Oscar,1,5690.0,99.40902143709785,-6.272660758944665,116.48405258381668,10350.589475398734,102.14754471266194,826.9691297750148
MCL-Oscar,1,5700.0,99.02427178090613,-5.676646735033182,116.15034779166896,10781.837614048865,102.1139579876343,853.3241425276185
MCL-Oscar,1,5710.0,99.8634588289039,-4.690569916626512,117.08211860646466,10518.388648089944,102.2068367994035,875.1187135925487
MCL-Oscar,1,5720.0,99.27711787183269,-3.8732104174498443,116.74498127356595,10195.672541653426,101.41090616963965,812.7090804435771
MCL-Oscar,1,5730.0,99.52010440499103,-3.740364067582146,113.45843524288563,10418.952218363844,101.91006840758736,895.7577018461103
MCL-Oscar,1,5740.0,99.53809628319591,-2.84695049206976,120.21056240309971,10883.469478740255,103.42737743865045,859.6554614593043
MCL-Oscar,1,5750.0,99.97862134296247,-3.179092925437561,125.0487041897187,10375.280336191183,102.58427205370067,821.0719263116436
MCL-Oscar,1,5760.0,100.13646229818343,-2.3278364796534188,126.18217248353575,10121.952135202851,100.5583767701473,889.4658507479478
MCL-Oscar,1,5770.0,99.56456853107443,-1.9864102496904654,126.9649846239229,10847.62412202933,103.25535905096517,867.5036238660394
MCL-Oscar,1,5780.0,99.81770604107957,-0.7788417236006462,119.95951515546764,10401.548646522404,102.03641644068254,873.3158152857516
MCL-Oscar,1,5790.0,100.13855918111653,-0.04554460165100227,123.21559819473012,10841.261153224454,103.42197613435796,879.50768985582
MCL-Oscar,1,0.0,99.86593617180533,-0.026243201399913874,284.6230322412194,13640.26460401273,101.15668423199746,418.4374895194498
MCL-Oscar,2,10.0,99.90563518536644,0.3965502563822245,280.7131833160249,13372.17727886003,101.97212799525786,397.1931081895295
MCL-Oscar,2,20.0,100.08277272346743,1.006267362670652,275.9464758522814,13480.678434172907,102.03621461384941,398.10876886676647
MCL-Oscar,2,30.0,99.92641733104124,1.899515899010968,282.1485995301783,13632.58750198568,102.96914604141601,394.3470299249617
MCL-Oscar,2,40.0,99.56701381252023,1.7282491210439428,284.27699674302676,13390.80237556564,101.09517747364963,414.9460220189864
MCL-Oscar,2,50.0,100.07165297920756,2.6551033150989607,280.38660341550735,13446.974803033429,102.1202103938902,409.09756600138263
MCL-Oscar,2,60.0,99.85469158885957,3.5997964885869496,283.52854984872687,13573.560894743303,100.6437793297917,393.4016873333791
MCL-Oscar,2,70.0,99.82624453918858,3.6966164745714636,282.7448384789438,13603.013475029133,100.72014732971437,418.6786890689764
MCL-Oscar,2,80.0,99.75833905246628,4.738511730729215,281.90450977928407,13678.347316421607,101.69515779030682,404.3880290152407
MCL-Oscar,2,90.0,99.7550838344029,4.870059051125696,277.67107675306517,13482.90643795957,102.87257023754458,381.8867175887637
MCL-Oscar,2,100.0,99.64755535670935,5.549392501251603,284.60932448381504,13354.096261233812,101.69608149651363,413.003355061264
MCL-Oscar,2,110.0,99.39592402746308,5.5592340915121365,280.8186098289051,13690.973134733296,102.67969776848473,417.1608600107115
MCL-Oscar,2,120.0,99.00585784107882,6.0546474131648065,284.88734646806387,13410.168541023319,102.85151819814143,410.92018402132834
MCL-Oscar,2,130.0,99.2648117501312,6.761063133332315,275.2176709989136,13437.05189947916,101.54576982560161,406.8300645715892
MCL-Oscar,2,140.0,99.04247407071871,7.6456551827895645,281.12747526035736,13693.267241929838,102.04900753928096,395.21710634394753
MCL-Oscar,2,150.0,98.58503209966432,8.467699318528565,277.66907807277687,13621.765412959136,101.83018204919283,400.9879423866111
MCL-Oscar,2,160.0,98.26087479211512,8.12646635125872,280.7209985633961,13537.771918887405,101.71093495506123,399.2144735777486
MCL-Oscar,2,170.0,97.911275127089,9.182683889287066,281.44645574009115,13422.334188170742,103.08602822686497,404.05943914386734
MCL-Oscar,2,180.0,98.0050157155717,9.246698710780517,280.1032864370889,13404.015676758001,102.07589366924644,394.6900686665502
MCL-Oscar,2,190.0,97.92005833454101,10.53626808447405,283.7421174084408,13422.787465288813,101.42170884507894,387.90108885161067
MCL-Oscar,2,200.0,98.03242155705179,11.203226072431425,282.1572241364524,13667.818712050037,103.35309885760292,415.92534008908376
MCL-Oscar,2,210.0,97.5568487096419,11.285160322137898,281.67689302930705,13410.427408423291,101.90460898897966,410.53344401676634
MCL-Oscar,2,220.0,97.64397570894218,12.033683296094468,283.3735028652247,13605.640475167016,102.2164379869126,400.7242458731404
MCL-Oscar,2,230.0,96.74859961137808,12.080526915748308,282.121549425692,13528.666589253025,103.36758297022931,416.5605958392746
MCL-Oscar,2,240.0,96.61063216456982,12.569414058015408,280.990127832479,13578.624768839958,101.6458645785781,393.84295326556
MCL-Oscar,2,250.0,95.90233219352547,13.603565570142493,281.9315193011349,13494.476068688973,102.09063480259321,385.6518687518756
MCL-Oscar,2,260.0,96.01509784483248,14.214210027486107,284.47256819616405,13379.33923023608,101.93188622395665,394.1526089443456
MCL-Oscar,2,270.0,95.4435533499166,14.140070608131838,284.2843763782352,13574.610279070757,102.08432006630403,399.57881853546496
MCL-Oscar,2,280.0,95.38114337095848,14.60076751323649,283.1496706724623,13603.922815448035,101.33223759601701,383.61922002774395
MCL-Oscar,2,290.0,95.34593933416164,15.267511337357975,284.08220104752735,13482.269820538158,103.36069365130466,395.4210460717054
MCL-Oscar,2,300.0,94.98346510056385,15.636484973664373,279.74091119648335,13456.161462149817,100.93206952805933,387.6670584888227
MCL-Oscar,2,310.0,94.79996402988363,16.02002937902154,278.305395720041,13670.740727781915,100.73295449163967,410.330440886698
MCL-Oscar,2,320.0,94.07962741283552,16.685501534593953,282.6016425856295,13581.708659519467,102.71370758631409,412.24486600462353
MCL-Oscar,2,330.0,94.02185436213082,17.517169480478014,282.74153401043594,13367.660180534083,103.11919226793661,404.13925634994627
MCL-Oscar,2,340.0,93.10437029521766,18.301698747303945,282.3894078563049,13361.350125286786,102.63152576133547,406.6990324328336
MCL-Oscar,2,350.0,92.82682099671743,18.856053723895975,280.56994636216876,13510.45478242334,101.89602859224095,415.76335435301314
MCL-Oscar,2,360.0,92.64923204144223,18.607220336077894,281.7877658374212,13487.490359692802,102.46766416278096,383.69184096751815
MCL-Oscar,2,370.0,91.60786131502661,19.672098784398017,283.74787619931743,13400.816537731054,101.14429504896579,419.08762009579027
MCL-Oscar,2,380.0,91.80628462894686,19.96856461904123,278.1656785117533,13564.111472728098,101.47148846479747,407.38112850991604
MCL-Oscar,2,390.0,91.31379895946293,20.886999916176006,283.8404267796776,13364.55848037671,101.61887376354765,409.52653723503363
MCL-Oscar,2,400.0,90.8858254835011,20.80554489700867,277.39143014481783,13642.551720158199,101.74414919407354,401.6257868791297
MCL-Oscar,2,410.0,90.15770513879683,21.642308217146976,278.3213447730288,13580.756245149827,101.41353645789111,390.808122522612
MCL-Oscar,2,420.0,90.25496012369169,21.869858855380418,279.959358405774,13412.514901935985,103.05499888099013,409.3231206856801
MCL-Oscar,2,430.0,89.34555175333497,22.08130039730012,276.87535039141875,13538.023920414149,100.88647833579772,398.4989513961278
MCL-Oscar,2,440.0,88.43546127054758,22.73037485600007,280.17856175786517,13615.295662169689,102.36481841362188,406.29479212124687
MCL-Oscar,2,450.0,87.9929364881904,23.584487069562755,283.27570670036437,13358.088754535023,100.72918090994084,413.46043099189234
MCL-Oscar,2,460.0,88.00415129553343,23.81387873890741,281.46858873908764,13381.988785218522,103.16952654675293,411.6842390514511
MCL-Oscar,2,470.0,87.41590872463189,23.96024151780661,282.27817619072584,13387.087512372025,103.39865145752013,399.374774944358
MCL-Oscar,2,480.0,86.93231480072424,25.340810885028475,283.66790530319764,13405.193845819718,102.57723624273264,415.0014917310805
MCL-Oscar,2,480.0,86.93231480072424,25.340810885028475,283.66790530319764,13405.193845819718,102.57723624273264,415.0014917310805
MCL-Oscar,2,490.0,86.12272789760394,24.96986613052584,284.84078965672575,13366.960578332077,100.53699932588692,405.7986852461466
MCL-Oscar,2,500.0,85.36315191006275,25.564603762948007,283.6465306093804,13633.126446350185,102.25149252109658,397.4811774434042
MCL-Oscar,2,510.0,85.19157643490671,26.010471383203342,,,103.21543844104747,413.2752899905684
MCL-Oscar,2,520.0,84.37290020395304,26.234532086326094,,,101.84679459779936,397.45246035697295
MCL-Oscar,2,530.0,83.6282200327734,27.6425541232205,,,103.43870400008879,400.9709444696495
MCL-Oscar,2,540.0,83.46522343815535,27.645646218624144,,,100.50900926300972,381.8102998170872
MCL-Oscar,2,550.0,82.99840979841831,28.321699175589373,,,101.1510906226101,415.18063458576063
MCL-Oscar,2,560.0,81.97470369074425,28.12610780558986,,,102.15085554870349,402.46846149427864
MCL-Oscar,2,570.0,81.8919730485475,28.52003569165062,284.17183332886333,13666.796592680748,100.82823067518098,393.8283418294261
MCL-Oscar,2,580.0,80.5402642691799,29.192481308278328,282.16231929275483,13449.259747986549,100.51943049492306,411.8260468999297
MCL-Oscar,2,590.0,80.1003393781301,29.363689793014128,,,102.97482005738351,408.53747531001727
MCL-Oscar,2,600.0,79.83540333348486,29.854445209971583,,,100.6129184137035,413.0631946439314
MCL-Oscar,2,610.0,78.89273889128147,30.211689259800416,277.6330837770143,13321.65827219497,101.9053441182585,395.24281149082793
MCL-Oscar,2,620.0,78.66032467865321,30.721392169818994,283.04735363290933,13599.113947322192,101.52493954452764,398.9782890320345
MCL-Oscar,2,620.0,78.66032467865321,30.721392169818994,283.04735363290933,13599.113947322192,101.52493954452764,398.9782890320345
MCL-Oscar,2,630.0,77.4383557266915,31.910228083510795,,,100.93955210474009,407.90423566039533
MCL-Oscar,2,640.0,76.88008999457772,32.41870311903369,283.3794361435002,13564.53182869589,101.1948825220956,383.6081484996138
MCL-Oscar,2,640.0,76.88008999457772,32.41870311903369,283.3794361435002,13564.53182869589,101.1948825220956,383.6081484996138
MCL-Oscar,2,650.0,75.9596272415918,32.12073492968237,281.44387552705604,13696.27535887956,103.49013185893894,406.04888185974306
MCL-Oscar,2,660.0,75.80988870579583,32.74858251035566,280.16962764588567,13556.821448499957,100.70400477645329,406.3179752820988
MCL-Oscar,2,670.0,74.61528244698323,33.4187928022576,277.5763430103382,13694.996994928873,101.45326753604408,380.35151858920455
MCL-Oscar,2,680.0,73.75295188806965,33.97581604299459,,,103.00047509662507,419.61278913156673
MCL-Oscar,2,690.0,73.09967836766035,34.024887620324606,,,103.24407979470402,405.1903686353941
MCL-Oscar,2,700.0,72.59617831430087,34.87317606278992,275.7658419389985,13315.218831907434,103.04115482251517,397.251684191132
MCL-Oscar,2,710.0,71.8413222148368,34.797139571726106,278.36051752502374,13346.686549086855,101.72641002289554,394.4335501003431
MCL-Oscar,2,720.0,70.74199396749103,34.70234570294233,277.25311195986615,13348.126060607123,102.00263405878914,391.9361811726805
MCL-Oscar,2,730.0,70.63567544830805,36.00769050223206,283.0731705047356,13632.847451395039,100.65862532641547,388.6967232368061
MCL-Oscar,2,740.0,69.70359943331081,36.04399631712031,280.15617280416706,13623.065971343016,101.65692692966462,381.25956039618933
MCL-Oscar,2,750.0,68.83729941537749,36.29016068311034,276.033973323374,13523.755211981486,103.1240182512672,413.79022141017657
MCL-Oscar,2,760.0,68.13100537013808,36.35916698017804,283.3882079186433,13657.20219702655,102.73385573191985,382.65903725449436
MCL-Oscar,2,770.0,66.8773125629932,36.54478180467479,281.76892781885175,13577.644114024784,101.01706362031659,391.3565886556154
MCL-Oscar,2,780.0,66.33537436014524,37.89578303036399,284.2469448347868,13594.112264258161,101.4262065039953,403.9561701125854
MCL-Oscar,2,790.0,65.11405225409143,37.755470906473825,281.9487439693273,13488.021057964326,103.05722993346286,410.45545740017195
MCL-Oscar,2,800.0,64.962788248034,37.87888313030982,283.67478624782916,13477.605513097229,101.52083858601796,396.38172389070957
MCL-Oscar,2,810.0,63.61346403313131,38.64350430792707,279.6553873163726,13610.406566582906,103.18205498793287,411.2498746804506
MCL-Oscar,2,820.0,63.01052223247609,39.14891778159124,284.333103018727,13648.531357129703,100.71416961037647,415.1756719010639
MCL-Oscar,2,830.0,61.810851050392856,39.07795115387191,281.9485154874939,13309.078679132546,101.40813731061351,417.841830090734
MCL-Oscar,2,840.0,61.23794862455908,39.17308323477091,280.8135233137094,13559.08155200144,103.16875714721954,417.2804020120767
MCL-Oscar,2,850.0,60.99419451693555,40.09185749975009,278.01782377815323,13525.106329468008,102.84909274045171,385.8652918586849
MCL-Oscar,2,860.0,60.05951819415512,39.79786498549502,277.54854595633793,13549.764945232704,101.10873716796655,406.7514409699483
MCL-Oscar,2,870.0,59.08935478199314,40.62514124708168,284.16180998398045,13465.825286980042,102.95313179318559,407.5022897227614
MCL-Oscar,2,880.0,57.452178810246096,41.17001385027543,279.84607280309973,13647.030348740627,102.57125778961247,405.19183972873515
MCL-Oscar,2,890.0,57.351586107904204,41.489447417993134,280.75611492172163,13660.947310166448,102.25497431924006,415.0140564565225
MCL-Oscar,2,900.0,55.68507922155555,41.50994909908828,281.21849849458124,13653.138780506328,101.7723193510543,389.34749515458986
MCL-Oscar,2,910.0,55.25985735584426,41.33311096636886,275.3963577916435,13322.802268227693,102.5354955281536,396.6890843197158
MCL-Oscar,2,920.0,54.734807423313875,42.246576368795154,283.11217554595214,13489.923390784721,101.55553163980257,388.69773723486225
MCL-Oscar,2,930.0,53.287235779499845,42.72099066921625,280.2729517439256,13388.88396516325,101.09875769797223,398.65233777762177
MCL-Oscar,2,940.0,52.69071813946778,42.443009203202855,277.01067552319915,13665.978814461125,102.74645311856005,419.8239128898807
MCL-Oscar,2,950.0,51.08401292425165,42.8033852760454,276.65038970824776,13608.275824838855,101.56129499694435,409.1063944613188
MCL-Oscar,2,960.0,50.67843354229041,42.63714588130341,279.06300695306476,13621.346823934931,102.9324863837851,388.4619802556887
MCL-Oscar,2,970.0,50.13929713370828,43.81842513910633,281.1407652977022,13610.125876667302,102.58883860766757,408.35239081313097
MCL-Oscar,2,980.0,49.154908901137745,44.11065588754389,279.4943681787761,13580.523061250959,100.96564788410217,409.5257977718414
MCL-Oscar,2,990.0,47.750987601277906,43.90652018714122,281.0364719178749,13302.437506707362,100.64243945912546,400.87168926343764
MCL-Oscar,2,1000.0,47.17542659556548,44.280618521219154,276.1272468166627,13502.344535078713,103.23346160726449,396.27273432956684
MCL-Oscar,2,1010.0,45.470180428003346,43.976614850330385,284.3597308196299,13460.553794930003,102.80680043776037,412.654367646639
MCL-Oscar,2,1020.0,45.330993241414745,44.964745623950506,281.78512969263306,13437.621165396622,101.2993345310374,407.2026403730372
MCL-Oscar,2,1030.0,44.12346172678995,44.72448519465805,276.1484547697634,13633.497963062995,102.33340656281337,413.75441223744775
MCL-Oscar,2,1040.0,42.57412254635431,45.52034865496483,276.3843356286568,13415.537051346999,102.74545386000995,414.17728453962565
MCL-Oscar,2,1050.0,42.42161302349327,45.69255116372198,275.4275187715353,13347.33518510491,102.77935782164276,415.0648832872858
MCL-Oscar,2,1060.0,41.196693390286285,45.704386736843624,275.1398485074332,13421.600605371801,102.074410107261,414.79607489959545
MCL-Oscar,2,1070.0,40.212210215159416,46.18454521256312,276.05953474595907,13681.417226669251,103.10878244560206,400.539481942771
MCL-Oscar,2,1080.0,39.188795087386445,46.42218475441086,279.5606091680767,13433.086667118192,103.14079521513538,415.82120631805077
MCL-Oscar,2,1090.0,37.88046498648118,46.039396233958826,276.47477664950173,13439.90011210148,102.49224988446977,381.5494820970455
MCL-Oscar,2,1100.0,37.431966339231955,46.27209690572558,282.5889947892886,13618.129475547605,103.21863338587121,402.216456481412
MCL-Oscar,2,1110.0,36.14185627786509,47.00648615765275,282.7039148061866,13462.126350105635,102.44430197622836,409.33913081767713
MCL-Oscar,2,1120.0,35.240119397458834,46.37347266685017,279.4569401924431,13549.654616941574,102.89669177425161,381.51107208949963
MCL-Oscar,2,1130.0,34.08034560259569,46.61777069806743,276.7028180934037,13652.886179921536,101.79171321682448,416.4846855521061
MCL-Oscar,2,1140.0,33.32568007222092,47.46352298227173,277.578394369172,13625.806074732385,101.20109165511298,392.39266774981604
MCL-Oscar,2,1150.0,31.648706939267857,47.574835012989205,282.38216411739995,13458.677006569076,102.98730794040138,415.9612458603631
MCL-Oscar,2,1160.0,30.54981619210702,47.62302798982989,284.4174117387355,13395.0757481149,101.09018987068713,391.5067524492634
MCL-Oscar,2,1170.0,30.26679402005907,47.9932677567632,283.88240696886595,13649.026060271664,103.04621502541248,409.5426760867424
MCL-Oscar,2,1180.0,28.798908280374878,47.98456208279168,276.6849129789779,13543.422380568723,103.4217212221077,409.6385033709081
MCL-Oscar,2,1190.0,28.139059320122204,48.51724802114486,279.25978445730357,13654.209757317585,101.38305549021572,406.25969129444655
MCL-Oscar,2,1200.0,27.243009423198906,48.344110828184355,122.35383251362931,10752.714119237951,102.13076972019323,809.0081892417412
MCL-Oscar,2,1210.0,25.34060475650199,47.82845605806818,124.94041364521593,10838.613314903665,100.71586405439875,827.5262146319695
MCL-Oscar,2,1220.0,24.789711774796935,48.48134754658053,116.6307026032764,10106.982197200467,101.0479018805331,813.1413479110797
MCL-Oscar,2,1230.0,23.683141781901725,48.780989741505024,123.95686595159896,10578.315343475186,102.91910487898068,869.857489627419
MCL-Oscar,2,1240.0,22.999942606057573,49.06673203464861,126.6476140442405,10201.852891169414,102.61227636555388,830.5955259506679
MCL-Oscar,2,1250.0,21.24662283396376,48.92887676207263,119.13931875784621,10187.733788141253,102.11019184363589,808.4363438894773
MCL-Oscar,2,1260.0,20.82495992184535,49.068262564826554,122.88801221095673,10763.268586960145,100.73732051670986,897.7509801446602
MCL-Oscar,2,1270.0,18.942973103639908,48.568695354964284,115.56774665876364,10506.84548521944,102.11883586929709,899.3647943797888
MCL-Oscar,2,1280.0,18.488508373649076,49.25139917326782,126.90314860962309,10640.536456150287,103.20577034533257,807.3761927386471
MCL-Oscar,2,1290.0,17.544492305952186,49.25029832398895,120.69775279821047,10149.097391780666,101.71013273804287,899.476882419486
MCL-Oscar,2,1300.0,15.797067861530348,48.992904651789814,118.63846903355335,10804.38000465559,102.87197014726001,893.7413737333194
MCL-Oscar,2,1310.0,15.59731946098399,49.80434431983082,114.60755757333816,10651.720218330747,101.37824615344027,870.350897004706
MCL-Oscar,2,1320.0,13.789858616161109,49.12535806974236,113.77608343536379,10177.125048714772,100.72564608862633,839.819290716097
MCL-Oscar,2,1330.0,13.140289655399965,50.0167253899695,113.99064315342324,10668.408682856714,101.09498280233193,855.0564376503896
MCL-Oscar,2,1340.0,11.857001562046934,49.801614123187576,117.19388549919519,10549.980758524016,101.6715427031206,832.3386539322796
MCL-Oscar,2,1350.0,10.958794877603504,49.38495664780398,121.74072381015617,10218.46810676326,102.74905816478673,818.561534362794
MCL-Oscar,2,1360.0,10.1547439803115,49.328646304856385,123.80773486604878,10894.990905059727,101.35045386028035,891.9499753413885
MCL-Oscar,2,1370.0,8.389864921288481,49.328901180744154,116.344746274062,10854.10842069775,102.80064241739531,831.8739308089029
MCL-Oscar,2,1380.0,7.549215575858649,50.33976192510807,119.24457860847758,10700.757162284777,999.0,871.9077448797908
MCL-Oscar,2,1380.0,7.549215575858649,50.33976192510807,119.24457860847758,10700.757162284777,999.0,871.9077448797908
MCL-Oscar,2,1390.0,6.365725039634245,50.36872759703134,113.71141088460487,10381.0389229644,100.84384177768831,895.4082796207234
MCL-Oscar,2,1400.0,4.934979571171652,50.260563647855456,115.38230810133082,10408.747565737613,100.89162987943406,861.2374383786362
MCL-Oscar,2,1410.0,4.607627505344119,49.79087221802947,115.18112025437557,10558.969754310361,102.91022041610057,888.5834604573679
MCL-Oscar,2,1420.0,3.609370600856565,50.06405482251879,127.23456432685045,10769.248470511413,103.47510203953894,801.4793048474959
MCL-Oscar,2,1430.0,2.5786849523221975,50.41750484284279,120.41788661533676,10494.261048204686,101.09400109200604,888.6871462995945
MCL-Oscar,2,1440.0,0.8365764742782649,49.75982687163708,117.88022316897515,10254.514073239125,100.86884196323902,885.4868587946326
MCL-Oscar,2,1450.0,-0.27117425374873116,50.17226591411333,123.52395720723318,10285.683809932345,101.6182402167868,804.329644078352
MCL-Oscar,2,1460.0,-1.3617352488583123,49.95371899241533,118.1838950841328,10314.460610786506,102.97376249128659,890.7112471375203
MCL-Oscar,2,1470.0,-2.3746838812354527,49.547398438867745,117.6283671117922,10303.402490585988,103.25980770164149,896.428930803293
MCL-Oscar,2,1480.0,-3.7424263508975977,50.176869794590516,126.28408615931227,10321.261046376216,100.53914467560844,885.1592396870564
MCL-Oscar,2,1490.0,-4.6883167630027645,50.15617170156387,125.39887345399889,10443.489767366853,100.73393236795482,891.8196742531991
MCL-Oscar,2,1500.0,-5.306255582708218,50.180380441699086,118.31758761124748,10426.6256500131,102.0728764954256,884.6173289823694
MCL-Oscar,2,1510.0,-6.857169763229633,49.874068464373465,114.27295048321149,10496.56507933681,102.90362418212676,807.5224158915778
MCL-Oscar,2,1520.0,-7.920684907965406,49.77364765737789,126.09660964676553,10297.283263665522,101.79974894010682,839.0223473667886
MCL-Oscar,2,1530.0,-8.83368322530071,49.967807089265634,127.69978561961034,10855.230333033105,101.21778530842428,884.319964124094
MCL-Oscar,2,1540.0,-9.517620772057235,49.60505842663286,112.72931883947109,10103.908236313937,102.24602359838599,828.0523073933459
MCL-Oscar,2,1540.0,-9.517620772057235,49.60505842663286,112.72931883947109,10103.908236313937,102.24602359838599,828.0523073933459
MCL-Oscar,2,1550.0,-10.414193367723488,49.31206746390399,121.26645081194872,10702.61666099754,100.65258458014733,850.3654680804118
MCL-Oscar,2,1560.0,-11.88527151453655,49.8200384641064,120.83981781892207,10665.038888760688,101.29539357760501,853.2502694689223
MCL-Oscar,2,1570.0,-13.101065023094998,49.48095116916203,120.51168014841602,10529.069218958944,102.608675639496,868.1140862115735
MCL-Oscar,2,1580.0,-13.747959181780164,49.92470457131981,119.14531423529189,10506.740331755855,101.45579668023444,872.0380832702203
MCL-Oscar,2,1590.0,-15.130726598003546,49.480894000291926,112.65366309656756,10546.454173978154,101.01452565298696,864.3072747919834
MCL-Oscar,2,1600.0,-16.526706185317515,49.479488051796245,116.2074064649524,10829.805595668182,102.27062303436476,889.7041862641707
MCL-Oscar,2,1610.0,-17.731128624921617,48.88933162471267,126.3060118662802,10712.6656687019,102.52335864189877,876.6280877525539
MCL-Oscar,2,1620.0,-18.77840261118626,49.55461355720553,119.88344166186398,10477.49417937667,101.6285640898327,818.618002707155
MCL-Oscar,2,1630.0,-19.180326414049027,48.741957829700894,120.9435745833982,10639.341921934492,102.91254449239075,844.3499911947263
MCL-Oscar,2,1640.0,-20.841722128024337,49.196098020941584,124.58637791141241,10621.402869502854,102.46210627361707,842.2895603221932
MCL-Oscar,2,1650.0,-21.331556324224675,49.236448477102115,121.59593748673396,10349.030510428776,102.97396327243217,833.3475250423178
MCL-Oscar,2,1650.0,-21.331556324224675,49.236448477102115,121.59593748673396,10349.030510428776,102.97396327243217,833.3475250423178
MCL-Oscar,2,1660.0,-22.49564759991629,48.26374415068054,127.95741700466256,10163.726796032555,101.04232925593172,831.0674759578665
MCL-Oscar,2,1670.0,-24.006221664368706,48.81158588591965,127.18939871017088,10337.417812891012,101.87727777239185,801.8277343120058
MCL-Oscar,2,1680.0,-24.783345295119787,48.00696075457531,125.90609789856289,10480.165410509395,103.28713316550851,843.5332618104813
MCL-Oscar,2,1690.0,-25.25755002056014,48.4927387175862,120.01546185187433,10730.390557319512,100.9772855191545,807.8372088637877
MCL-Oscar,2,1700.0,-26.848601563299745,48.07876634675172,119.53403932217728,10604.44233246967,102.13435108547417,885.6189719257789
MCL-Oscar,2,1710.0,-28.142703027496,48.50677988928451,112.09622753071892,10883.273873710617,101.5583664505385,821.9332203180645
MCL-Oscar,2,1720.0,-28.347469079264787,47.54352380011748,120.70586027009396,10108.456219961516,102.82538584298916,897.9017741500022
MCL-Oscar,2,1730.0,-30.337851343807447,47.660885950948426,123.78430742367922,10585.140021246909,102.74757883543847,867.6004867589851
MCL-Oscar,2,1740.0,-31.056021574930913,47.972874412090945,112.68026198190674,10294.042482356594,101.89590874044742,877.3668886845634
MCL-Oscar,2,1750.0,-31.907677223029573,47.66480971737302,127.48023788764357,10401.653933368021,102.93092402572772,870.2065343654605
MCL-Oscar,2,1760.0,-32.93672306463167,47.00925125312271,116.35257772612857,10135.900571780809,100.9987724908531,856.9121724609939
MCL-Oscar,2,1770.0,-33.852677645777874,47.11868948945352,121.805808335542,10619.327563350083,102.2040769793606,830.9415485156865
MCL-Oscar,2,1780.0,-35.14411396923019,47.26103156499065,113.87247101321026,10243.056572004058,102.70065487396386,831.4385004917871
MCL-Oscar,2,1790.0,-35.9268706955323,46.62951329307366,124.77782620793484,10109.84443145822,999.0,839.0033075992814
MCL-Oscar,2,1800.0,-36.61531535897836,46.05988890423908,276.18801213981277,13450.19797282463,103.35048716896566,389.46423546750685
MCL-Oscar,2,1810.0,-38.3683989520134,46.59671876968653,279.13495819576497,13520.10968827291,102.23919733741268,389.72140406091677
MCL-Oscar,2,1820.0,-38.9853499577357,45.57595524360341,280.65984457638854,13610.031624131612,102.8857842165954,417.4642248203802
MCL-Oscar,2,1830.0,-39.927555218352076,45.79666818148887,278.6433868346703,13579.491916319157,102.56457605015294,404.8186297534419
MCL-Oscar,2,1840.0,-40.555916282467955,45.33024407188686,275.4306420656385,13481.458582446608,100.93961442756958,390.72398490755353
MCL-Oscar,2,1850.0,-41.57406805768656,45.22872228079133,277.0056816258983,13551.73108086776,102.63300714829109,414.3239867572813
MCL-Oscar,2,1860.0,-43.27315064911734,45.58182894780043,279.8504362775652,13369.809906059043,100.654996980545,409.67363991524985
MCL-Oscar,2,1870.0,-43.820313865381735,45.078133935140265,281.79989459654126,13494.436034314633,100.63270821493434,386.8160413625441
MCL-Oscar,2,1880.0,-44.63382701380458,44.98564947550143,283.4238096008557,13534.352509248989,101.13860506243921,405.7478278783473
MCL-Oscar,2,1890.0,-45.934311254062756,44.916682855634186,284.4986063732766,13429.922342809774,102.81414436013893,384.8802660189433
MCL-Oscar,2,1900.0,-47.18055032519392,43.86631153498125,284.59590632574526,13513.600185369636,102.92418796495801,402.0511575379605
MCL-Oscar,2,1910.0,-47.49045536836664,43.96774864817241,278.71917830718223,13608.71223016909,100.98269484102443,414.389865862856
MCL-Oscar,2,1920.0,-48.343135819144976,44.03131215080427,278.5172598855333,13413.999074420899,102.41795935177497,418.94555379043254
MCL-Oscar,2,1930.0,-49.93649840074281,43.69465467035081,282.5598462103206,13671.199494467475,101.0175518418775,386.57925094885195
MCL-Oscar,2,1940.0,-50.8469121634882,42.71056546899826,282.71597831701564,13558.645148530944,102.04278493187361,414.99658281920176
MCL-Oscar,2,1950.0,-51.32823515052014,42.95248788680045,283.95896568323843,13300.402433815487,101.69944980435412,408.6503161737766
MCL-Oscar,2,1960.0,-52.375958138118584,42.11536590663067,276.2002539652039,13605.791878201157,100.81709558484776,403.5652914753467
MCL-Oscar,2,1970.0,-52.96630209435499,41.954884873653796,279.6645568930047,13387.662591343607,101.53484058536047,392.62833073107277
MCL-Oscar,2,1980.0,-54.7122596891927,41.51230857754725,279.07232465041744,13579.933690936195,101.06628321754022,404.8037689749594
MCL-Oscar,2,1990.0,-55.544468785596514,41.830161575180156,276.6439137671635,13583.936138171837,102.05783692502237,389.7802110439085
MCL-Oscar,2,2000.0,-56.24745061092749,41.8072181770317,281.2676957602205,13372.078675848197,100.92773702189423,417.0741455135488
MCL-Oscar,2,2010.0,-56.85891576415177,41.02813289666099,278.1938513187633,13315.948478990207,101.40559751969192,417.83593722520766
MCL-Oscar,2,2020.0,-57.65408814333567,40.39446641912237,280.9714046932329,13352.411514098838,100.92844512493915,409.0630449980393
MCL-Oscar,2,2030.0,-58.789832392483035,40.930586260518986,276.34545255358677,13307.783382563326,101.74423389288387,383.1615139867381
MCL-Oscar,2,2040.0,-59.243405243766986,40.55872472506646,279.5086308858067,13469.3477356561,101.43117158803074,396.54036466235874
MCL-Oscar,2,2050.0,-60.593838018043634,39.95442782895505,281.8029258932259,13471.255655786112,103.4227794183857,401.81985045389246
MCL-Oscar,2,2060.0,-60.9055642186972,39.87748465488382,284.4494154581821,13570.49219780051,103.37273961629906,382.4088165306803
MCL-Oscar,2,2070.0,-62.380375224836556,39.11805299099166,276.3397554549325,13502.038835581381,102.82875628759942,416.05150904979087
MCL-Oscar,2,2080.0,-63.08705302517324,38.85963068625121,279.96478185103973,13691.257439724091,101.66314840854825,410.2443987880269
MCL-Oscar,2,2090.0,-64.15516806905025,38.48198731860685,279.73673867251443,13630.145543103878,102.17596824536494,390.98659387381707
MCL-Oscar,2,2100.0,-64.44771509867242,37.75876083034257,280.9566142661976,13316.129714323848,103.48805979706121,394.62584860852957
MCL-Oscar,2,2110.0,-65.64773011302604,38.09713549823756,282.522333793961,13625.809563463186,100.53539379338909,388.74872349444155
MCL-Oscar,2,2120.0,-66.76694850785434,37.64626332197206,276.7879164433734,13605.861959113872,102.69758659698368,417.9502365734859
MCL-Oscar,2,2130.0,-67.01862883585513,37.46116403199796,280.42280636230294,13540.009697864058,100.68301292126695,390.1235532942052
MCL-Oscar,2,2140.0,-68.41838703934948,36.78388734053609,278.2873531397676,13301.431458712801,103.29550409161602,419.302435053159
MCL-Oscar,2,2150.0,-68.91902765082855,36.182350073278485,275.1123914625174,13311.921532471493,101.32729737458254,410.9359493865279
MCL-Oscar,2,2160.0,-69.75385847924117,35.839607839403925,278.8922848461105,13323.066998859795,103.05292823610615,389.7264083203444
MCL-Oscar,2,2170.0,-70.03946616308362,35.8006001769911,281.17981740356566,13338.868300104312,103.25536071163677,387.46161905574786
MCL-Oscar,2,2180.0,-70.97030071869855,34.85406740782151,276.1584939228045,13565.04517394815,102.99475627603083,403.8816952821536
MCL-Oscar,2,2190.0,-72.24981300528404,34.59897797823145,280.5112799517114,13327.683885173605,103.21457631615615,409.36658902130387
MCL-Oscar,2,2200.0,-72.25012787763885,34.68298930261463,278.0578470344937,13387.60465792192,102.22719211642526,418.7679127626705
MCL-Oscar,2,2210.0,-73.41774089883148,34.191356722678506,281.0952042102427,13612.716491975541,102.52527970494198,400.86430860453703
MCL-Oscar,2,2220.0,-73.69211622425203,33.95119867888706,281.1626342799389,13362.503454233236,102.8579315859888,387.2627861155441
MCL-Oscar,2,2230.0,-74.89839029250895,32.74358250051185,280.37831205142595,13315.70299345677,102.83568434409023,393.2517837740947
MCL-Oscar,2,2240.0,-75.58424518134149,33.17331461345915,282.764650695244,13321.092457566334,101.58797160101962,408.24577473408056
MCL-Oscar,2,2240.0,-75.58424518134149,33.17331461345915,282.764650695244,13321.092457566334,101.58797160101962,408.24577473408056
MCL-Oscar,2,2250.0,-76.3358378364159,32.47879092652268,282.691996469928,13478.520959475742,100.70108620767309,383.3320778407584
MCL-Oscar,2,2260.0,-76.68989363178005,32.313949288622986,281.6558151676998,13641.500156932794,103.11260708321511,411.743266097163
MCL-Oscar,2,2270.0,-77.119892671154,31.770987372109534,276.39146168935525,13383.93772664623,100.54162437781338,394.2416672859032
MCL-Oscar,2,2280.0,-77.99493721955685,30.93159931907731,278.4776173986536,13343.052741635245,102.7785670939149,400.77729065445294
MCL-Oscar,2,2290.0,-78.63481751335915,31.007312118977417,282.22043477956026,13313.031162146053,102.36683948301211,409.6549490743653
MCL-Oscar,2,2300.0,-79.49317272982144,29.841639865983637,281.0024812651637,13667.539005862476,100.73256964857234,382.76683410976375
MCL-Oscar,2,2310.0,-79.99940815458213,30.069186930282687,284.1860090273015,13551.907502244478,103.04250922979313,389.7172399223311
MCL-Oscar,2,2320.0,-81.35649194372897,29.806327551185593,275.11005511660045,13672.654679149116,101.23137355609136,391.768436996939
MCL-Oscar,2,2330.0,-81.1843258541395,29.39379237900476,283.9381716639622,13618.267778119256,100.92039654133202,380.8229955422745
MCL-Oscar,2,2340.0,-81.75494425499468,28.58933794563765,281.2848128724459,13436.030054983812,102.85186542735168,403.605574627641
MCL-Oscar,2,2350.0,-82.97424777971574,28.193114319629426,284.36496555741076,13568.52151745029,100.7151737338505,383.1652548449724
MCL-Oscar,2,2360.0,-83.62419585559836,27.2966443660543,284.5894582765619,13405.453609746932,100.6534144407295,419.14565655862464
MCL-Oscar,2,2370.0,-83.49415219984695,26.896070023102265,277.7522940796038,13652.869961410592,101.71763049990415,408.2673749043291
MCL-Oscar,2,2380.0,-84.40643548828736,27.086246476914816,281.58863159052146,13634.808572101369,102.90783243467152,413.6552200907342
MCL-Oscar,2,2390.0,-84.82402111653181,26.315185676572376,282.21151071608125,13651.334216353638,102.68340932857485,414.097022408054
MCL-Oscar,2,2400.0,-85.81676148913681,25.648519154528927,279.49456827744405,13437.91365434693,102.33153695113401,417.13307344270936
MCL-Oscar,2,2410.0,-86.7330451955057,25.74885802447306,276.96571118674376,13590.573916419567,103.3847217086468,419.044965976709
MCL-Oscar,2,2420.0,-86.38171421296059,24.97449271059533,281.69336311670565,13564.372033512487,101.10068222656896,382.9154743551741
MCL-Oscar,2,2430.0,-87.66711410690705,24.18703775559157,275.6791088478617,13549.169772238936,102.65525396274846,386.7163942009778
MCL-Oscar,2,2440.0,-87.48182773716688,24.185160644348702,284.40462273441443,13410.884762384536,103.27982465499778,380.57256761304336
MCL-Oscar,2,2450.0,-88.07778211836039,23.73399474654113,279.4096693579764,13487.710923151446,101.76473302905949,380.5896066331817
MCL-Oscar,2,2460.0,-89.01267213827657,22.80929035649115,279.21014134337435,13344.499279396676,100.94141513590775,415.016606613019
MCL-Oscar,2,2470.0,-89.62932390149511,22.014926746669737,284.45487909313147,13620.791786143045,102.33842415964102,381.7138260096416
MCL-Oscar,2,2480.0,-89.77223912034357,22.21516125084685,282.37791226774215,13649.954742523178,102.91865454350452,397.89957790036374
MCL-Oscar,2,2490.0,-90.75703713959696,21.932016767777153,283.0719210827554,13608.706057456198,100.7437099364302,411.9090322646764
MCL-Oscar,2,2500.0,-90.35258521831379,20.918233806215085,280.2707138054375,13562.294315294954,102.19243033845314,404.36232068464295
MCL-Oscar,2,2510.0,-91.1807471094066,20.254101982859208,281.6643075533581,13466.98706634946,101.36579782176268,412.5691027450644
MCL-Oscar,2,2520.0,-91.81521777084386,19.642759095025948,280.23193282890924,13690.230624599702,102.24040067452663,398.8561252836368
MCL-Oscar,2,2530.0,-92.40541837637437,19.664884839711995,279.5328969468164,13671.636052423824,103.33275794888131,387.84094423775656
MCL-Oscar,2,2540.0,-92.61492564601875,18.711016948461186,275.7923727605373,13499.11320255362,100.70176601486145,384.7504762761465
MCL-Oscar,2,2550.0,-93.21169880401287,18.018754682562935,283.93983249111375,13465.632008539389,101.89297876899805,401.86395264333066
MCL-Oscar,2,2560.0,-93.58104713613598,17.892474841079096,278.28221296747915,13643.862134694431,102.22321225013378,391.6131029666815
MCL-Oscar,2,2570.0,-93.18897811527114,17.166433667716966,282.6063545526471,13406.57658903122,100.87818728601258,395.85674906472406
MCL-Oscar,2,2580.0,-94.2693562105898,17.143969192221476,276.5345302541182,13510.453306192177,103.21854002144066,404.41476610140796
MCL-Oscar,2,2590.0,-94.57456936678841,16.86909576204217,281.9770643136413,13429.987883077281,102.22693338629533,415.25076426125065
MCL-Oscar,2,2600.0,-94.30435381500563,15.782283805434776,280.7966319264516,13572.905110163847,100.82491157920761,402.1082845303333
MCL-Oscar,2,2610.0,-94.94305819653927,15.508580568715757,277.88980858924765,13595.711639922163,100.68290118681591,405.9557103105706
MCL-Oscar,2,2620.0,-95.25004347932196,15.132785926902534,276.22659569300833,13520.922293841471,102.26097405924168,410.56320967670416
MCL-Oscar,2,2630.0,-95.42556289413368,14.557758489251592,281.9053110661152,13383.426178232432,101.72256303709418,414.4271647281731
MCL-Oscar,2,2640.0,-95.8051613856187,14.011642589362651,281.442559946291,13417.89869157672,103.28595790483922,384.0236701757628
MCL-Oscar,2,2650.0,-96.28567962610087,13.38397546824207,279.76186555390444,13657.304449229845,101.44042802259658,390.55872243973334
MCL-Oscar,2,2660.0,-96.42814961144092,13.036575947612079,283.35546662664905,13579.041841817312,100.7079737621884,418.11002514623544
MCL-Oscar,2,2670.0,-96.99142133514715,12.521975791827773,277.8921043332765,13649.93041001069,101.64101705608996,404.6440800245687
MCL-Oscar,2,2680.0,-97.45390438977083,11.65281449791691,278.61959278462786,13469.519792793557,101.75870127854435,389.1240603070419
MCL-Oscar,2,2690.0,-97.54538904471974,10.912581284440396,276.71058559993327,13335.696175207015,102.88670583295425,389.96712700652785
MCL-Oscar,2,2700.0,-97.65667087520104,10.370901305104697,284.9399057333675,13315.73125338031,100.67258232103106,415.33128528312784
MCL-Oscar,2,2710.0,-98.24210856673119,10.324930283177096,278.08968677979027,13516.722351174549,102.23169767357929,409.4186943174134
MCL-Oscar,2,2720.0,-98.19720961019242,9.632476659105226,280.8509888428553,13689.735076094932,100.88113387222411,400.1064297772639
MCL-Oscar,2,2730.0,-98.6988759914981,8.682420063050476,281.2726346330282,13544.254269602698,101.26185812820398,395.5265629402769
MCL-Oscar,2,2740.0,-98.81497974177819,8.993546218813524,275.85766156709093,13341.42434476415,102.56126876250666,399.8773876087486
MCL-Oscar,2,2750.0,-98.44414977697778,7.794130421986458,275.29622747077275,13326.085695663227,101.73728280099976,391.4881862632616
MCL-Oscar,2,2760.0,-99.3358972720624,7.283857997440061,275.81961154118045,13679.450672923023,101.2914180204498,395.2711705176643
MCL-Oscar,2,2770.0,-99.46323915995038,7.111321824048723,281.2948748764239,13625.251490997694,101.77336008874089,388.9505280044847
MCL-Oscar,2,2780.0,-99.51164637998716,6.36560780416893,275.61247334127387,13584.733139859454,100.80821446152727,407.6608076063817
MCL-Oscar,2,2790.0,-99.08051946348081,6.364020020777091,279.01578960132974,13547.393153400657,102.33054505163796,419.6344991400819
MCL-Oscar,2,2800.0,-99.45218248577235,5.405877160037669,284.93582474272904,13652.668003021176,102.7444799076201,417.129568210943
MCL-Oscar,2,2810.0,-99.2750813911482,4.430442677223988,282.4048359940992,13373.52773025773,101.21083552401468,404.0576014279201
MCL-Oscar,2,2820.0,-99.27860460945034,4.369551094215426,276.0115612913158,13539.908358001205,101.66075393233649,380.870556009019
MCL-Oscar,2,2830.0,-99.53694368690297,3.466967342586321,281.5699242865984,13402.142731443482,103.24381619973552,400.2098560273614
MCL-Oscar,2,2840.0,-100.1261807541456,3.5670865672723773,275.2481195723404,13650.165919578394,103.46004038620694,406.58433172317143
MCL-Oscar,2,2840.0,-100.1261807541456,3.5670865672723773,275.2481195723404,13650.165919578394,103.46004038620694,406.58433172317143
MCL-Oscar,2,2850.0,-99.76872953728962,2.3580026573707187,281.0545773953149,13605.89516230453,102.2739898117182,393.75181637684847
MCL-Oscar,2,2860.0,-100.25251074546787,1.863788358233272,283.63156139569895,13672.635856770741,102.74750830351587,387.1072773242308
MCL-Oscar,2,2870.0,-100.04338769762468,2.081498267492042,278.0660872614865,13320.636865968407,102.53413111925408,395.07856475122543
MCL-Oscar,2,2880.0,-99.88205161356396,0.9625457868313331,284.1917017212714,13424.40649823585,103.11570762361386,393.8007909048283
MCL-Oscar,2,2890.0,-99.80378396392726,0.47857789063411427,283.861875359234,13681.021078589954,103.48782364674271,416.14244873753165
MCL-Oscar,2,2900.0,-100.42335158483597,-0.29736263939184815,280.3467510649927,13548.38495523027,101.3455289300363,392.8402839681936
MCL-Oscar,2,2910.0,-99.8203575584958,-0.23023590733664556,283.0233247543672,13441.141332982792,101.43016951160546,413.6623198205895
MCL-Oscar,2,2920.0,-99.63258526160811,-1.3495429802653545,277.81486488480255,13574.69253733811,100.703428516021,397.23921686923626
MCL-Oscar,2,2930.0,-100.2283761460719,-1.3816816858031578,278.20955224037067,13690.625112021722,101.93315883299864,412.59612795840735
MCL-Oscar,2,2940.0,-100.22551355601433,-2.3973465358178214,276.88106321159626,13616.027033338725,100.55020449606357,388.37816577880716
MCL-Oscar,2,2950.0,-99.6395440995576,-2.376121383295964,282.1878033452284,13500.496197329494,102.74485171359782,415.89466484333
MCL-Oscar,2,2960.0,-99.35198804172708,-3.288876295535979,275.21409946701124,13485.233030434636,101.89386361148593,397.705896492144
MCL-Oscar,2,2970.0,-99.5873947633296,-3.848790362747666,277.31021775585157,13689.484132567037,102.89017914239845,400.9246575972111
MCL-Oscar,2,2980.0,-100.06272924502817,-4.633224146423817,284.5554935982571,13337.752783158301,102.63152648539777,388.58201652443717
MCL-Oscar,2,2990.0,-99.05993950221027,-4.857560510091328,280.12091379771033,13482.609348875401,102.28137611436898,410.6710831587051
MCL-Oscar,2,3000.0,-99.44790901083395,-5.88827720087148,124.65539759388,10158.90253427707,102.11451725176147,849.1524658863866
MCL-Oscar,2,3010.0,-99.09826853177793,-6.29116322211407,119.27214835914504,10432.66325595431,103.49382553844664,853.1044441856211
MCL-Oscar,2,3020.0,-99.27644467386878,-6.4123082575845265,118.855080727967,10734.490978944774,999.0,839.5873004624493
MCL-Oscar,2,3030.0,-99.42970024957674,-7.403818133198099,124.26623856481345,10828.44949651049,101.44959275978054,859.8006264715646
MCL-Oscar,2,3040.0,-99.16743232739996,-7.192006784439952,120.95896760982725,10348.64908137522,100.91544728569083,848.3226225130529
MCL-Oscar,2,3050.0,-98.62897332078663,-8.163086674086003,120.71299306452562,10675.379696403916,102.61812050016209,854.0186173699316
MCL-Oscar,2,3060.0,-98.6985915700844,-9.112504788796832,117.61462676520105,10278.08627767465,102.24915796209815,818.6958154680004
MCL-Oscar,2,3070.0,-97.96924698712358,-9.294226608442784,124.037021471404,10354.384991518507,101.43584907239969,814.1201784905853
MCL-Oscar,2,3080.0,-97.98780076170493,-9.908524800403075,115.14651470715957,10895.177797171877,101.23963356133014,837.9962982334612
MCL-Oscar,2,3090.0,-98.2021197368035,-9.815370523797975,122.50458107825577,10768.00802157965,100.50115966051794,884.804049876519
MCL-Oscar,2,3100.0,-97.6331206944371,-10.721932623623303,126.8374532579175,10764.643409033497,103.2372049493657,867.3553543886231
MCL-Oscar,2,3110.0,-97.5918023684446,-11.610830448861952,127.44387307655751,10517.18041174588,102.24771372882658,816.4169325319499
MCL-Oscar,2,3120.0,-97.47163680004127,-12.20515242932009,114.27406079248269,10741.896557327587,102.51938214922541,860.4642831062499
MCL-Oscar,2,3130.0,-96.86737699582409,-12.582935700569754,123.72695219736018,10490.506762783672,100.59435170943598,887.8036115164734
MCL-Oscar,2,3140.0,-96.36749057241619,-12.459030860501159,121.05153480740108,10232.362726727013,101.51333602556198,836.0418703255696
MCL-Oscar,2,3150.0,-96.73589065438175,-13.240891153578891,112.06501154000085,10330.307074334745,101.13120857391411,837.6632415072916
MCL-Oscar,2,3160.0,-95.70612182389789,-14.071308056702815,124.50591865742257,10305.19627407073,102.17863628380294,847.10037639595
MCL-Oscar,2,3170.0,-95.69156845604347,-14.186303252999528,119.45679668089383,10427.223031378328,103.40410863207542,837.4341395739675
MCL-Oscar,2,3180.0,-95.75074246080293,-14.90997323962866,117.89071932567118,10383.508837068757,100.87893159451427,853.1848850844725
MCL-Oscar,2,3190.0,-95.23958436523363,-15.49188092683226,112.76872064527362,10206.4806832787,102.85441437266658,801.6085188510634
MCL-Oscar,2,3200.0,-95.11611778598649,-16.39560225372253,127.88866543296847,10522.163649064392,102.56295521212326,825.7122529377795
MCL-Oscar,2,3210.0,-94.69520046423858,-16.264872317621286,117.465149578987,10264.43343288885,102.20665669965125,1140.5115145790319
MCL-Oscar,2,3220.0,-94.0641760899035,-17.472821259350777,126.2620787679172,10683.067701350461,100.74375140449348,1141.4644479576837
MCL-Oscar,2,3230.0,-93.37422470889209,-17.877607027915765,114.08663608570039,10547.021855931389,101.66011912534121,1110.15215933746
MCL-Oscar,2,3240.0,-93.43663255645421,-18.243357706163568,114.44705446706797,10759.388671983152,102.6751043846845,1144.0370656012083
MCL-Oscar,2,3240.0,-93.43663255645421,-18.243357706163568,114.44705446706797,10759.388671983152,102.6751043846845,1144.0370656012083
MCL-Oscar,2,3250.0,-92.95773022554506,-18.029205563203785,122.21483980789637,10416.14770908228,101.20104237834892,1145.8098279913002
MCL-Oscar,2,3260.0,-92.59403043101963,-18.60585509584731,112.01145384580708,10649.305028244895,101.90141156814741,1148.4010037720614
MCL-Oscar,2,3270.0,-91.93519380750058,-19.321367932379797,114.22892609904204,10237.37071963846,101.93056379404015,1149.3675858389722
MCL-Oscar,2,3280.0,-91.63528420351625,-20.13284167637872,112.20818732343743,10518.346044280577,102.60900587110794,1145.3188848516415
MCL-Oscar,2,3290.0,-91.15021575093942,-20.23953042825307,124.043150662106,10518.434252317225,101.74620031661894,1135.373078072142
MCL-Oscar,2,3300.0,-90.94960258983023,-21.357431749389914,112.43328184903419,10622.95161060781,101.06988396149966,1071.7756237855797
MCL-Oscar,2,3310.0,-90.3719751567638,-21.92908483194179,115.89531764041043,10797.227442043788,101.81575780048651,1051.2534109904177
MCL-Oscar,2,3320.0,-89.987238221389,-22.384058252015556,118.1967137387985,10731.350933220965,102.38647745994507,1076.6411414025124
MCL-Oscar,2,3330.0,-89.6644316599899,-22.78379702874502,118.79157194795178,10751.348327539477,102.0967480522463,1053.6165751756557
MCL-Oscar,2,3340.0,-88.81984862413807,-23.18291454685681,124.34693071367785,10730.561703998213,101.42160608714231,1087.0085183689966
MCL-Oscar,2,3340.0,-88.81984862413807,-23.18291454685681,124.34693071367785,10730.561703998213,101.42160608714231,1087.0085183689966
MCL-Oscar,2,3350.0,-88.18508862948974,-23.104362763849128,124.55020385392471,10379.108564144462,101.19560576552043,1100.4512559426362
MCL-Oscar,2,3360.0,-87.33861204969244,-23.454601548401524,121.12341543727452,10883.974141290048,101.55848684778036,1132.0419358457932
MCL-Oscar,2,3370.0,-87.41726374448575,-24.33049475591094,127.09321617314055,10271.559405792972,102.07813244741278,1066.5990076335377
MCL-Oscar,2,3380.0,-86.56108073522044,-24.602614197528926,127.0411788737839,10482.098418495978,101.20442501018283,1075.987353848806
MCL-Oscar,2,3390.0,-85.79888234441898,-25.14542525234322,120.05039148448898,10641.870744321413,102.16567888588737,1124.869687949265
MCL-Oscar,2,3390.0,-85.79888234441898,-25.14542525234322,120.05039148448898,10641.870744321413,102.16567888588737,1124.869687949265
MCL-Oscar,2,3400.0,-85.98644990951969,-25.74508312994179,119.22077770272132,10369.488700870395,100.80736127432561,1087.4282311989848
MCL-Oscar,2,3410.0,-84.82922728249792,-26.09802227080254,122.71279491013588,10698.709911602851,101.42876230786769,1126.0588284825817
MCL-Oscar,2,3420.0,-84.39656566673422,-26.401278604695595,121.1801543805516,10414.674948887377,100.62185559453252,1105.9203392745171
MCL-Oscar,2,3430.0,-83.5784954440413,-26.737741736286193,123.56790985372257,10221.110843420975,100.81710643251171,1057.3179702064722
MCL-Oscar,2,3440.0,-83.19441660381372,-27.843431245642737,126.89621557834121,10250.535857720603,100.85881072208848,1101.372110300099
MCL-Oscar,2,3450.0,-82.73156998350049,-28.127545627203464,122.5884789821622,10742.289621914566,101.16686504196231,1113.4537246915677
MCL-Oscar,2,3460.0,-82.44113852292502,-28.14000636802474,118.22208058914468,10628.104226923018,101.4998413755236,1088.0428033737155
MCL-Oscar,2,3470.0,-81.12319782667095,-28.458570201902987,113.93646086403251,10216.496486685233,101.16713341059906,1108.2302411701303
MCL-Oscar,2,3480.0,-81.24754326153136,-29.822642680523572,114.05619245967137,10500.75706131077,101.36542210615468,1126.0937236871837
MCL-Oscar,2,3490.0,-80.19767935865889,-30.09482538639208,122.41638667659036,10548.967005008892,100.54173295807405,1081.16865548337
MCL-Oscar,2,3500.0,-79.99142479976337,-30.434988393595198,115.62514812683816,10899.943904131835,101.60968534433637,1091.67759928751
MCL-Oscar,2,3510.0,-79.28260718634677,-30.421340432680818,123.93993047586117,10604.128158395475,100.57583976488813,1058.144972445216
MCL-Oscar,2,3520.0,-78.32565151143233,-30.94570083893375,116.06946490443477,10378.743729200167,103.45336556389667,1074.445915581818
MCL-Oscar,2,3530.0,-77.16835387928892,-31.86566424969701,122.2582126083465,10224.64383872366,102.04278427641671,1073.247407621554
MCL-Oscar,2,3540.0,-77.05967728601199,-32.02641369636248,123.86945455015069,10334.156820931226,101.77041974327655,1096.0131173520738
MCL-Oscar,2,3550.0,-76.52965588234592,-32.58153317374432,113.71970372011103,10153.90934128593,103.3840040044555,1093.0667880582068
MCL-Oscar,2,3560.0,-75.61874762373206,-32.61185397489994,124.28512533693414,10796.670293616264,103.1439743989339,1074.2745912831301
MCL-Oscar,2,3570.0,-75.00928955128516,-33.30397906818654,124.88250432722865,10567.571911968225,102.6663550940631,1109.7873242625449
MCL-Oscar,2,3580.0,-73.87726412851275,-33.68539053777157,122.2698082739699,10574.094402327357,102.25471364836659,1088.271176635914
MCL-Oscar,2,3590.0,-72.89702988324083,-34.222699066585996,113.61110096451102,10286.633287421142,100.67730445275429,1072.251302667545
MCL-Oscar,2,3600.0,-72.63835728708963,-34.36428087645125,275.8916245931599,13352.417882840557,100.90618958042626,416.80926574975877
MCL-Oscar,2,3610.0,-71.89994072310387,-34.51389082225443,277.10867163563404,13664.435890749148,101.90084785967237,389.6610662294234
MCL-Oscar,2,3620.0,-70.69718069583597,-35.0248887544573,282.3536707690272,13445.723497201754,100.50479347144498,388.37476907501605
MCL-Oscar,2,3630.0,-70.76669552709677,-35.69537624895764,283.66641206744896,13344.74864885231,102.8873232209541,380.2777710119852
MCL-Oscar,2,3640.0,-69.78660687168838,-35.87025928256287,279.1901915314312,13654.033217410155,100.57753916105126,419.874699036629
MCL-Oscar,2,3650.0,-68.89704741022244,-35.86348135365451,276.05472794205986,13456.435063973522,103.10966221868972,416.774022520961
MCL-Oscar,2,3660.0,-68.3077353133646,-36.36012616957958,280.3636134181439,13540.83288561693,101.12795406425153,411.3783044505346
MCL-Oscar,2,3670.0,-67.56519294407614,-36.53630244259379,276.66166147213056,13597.508895159703,102.05496900691685,380.51960097579547
MCL-Oscar,2,3680.0,-66.47343077429679,-37.305610260564045,279.952235104527,13684.16410726097,102.11057456721535,400.37494934796206
MCL-Oscar,2,3690.0,-65.28863194743852,-37.851545453188415,280.0306941893136,13369.950771352676,102.26667266793514,415.1188274507868
MCL-Oscar,2,3700.0,-64.80930001786257,-38.23095590502915,282.80043657707904,13404.268993521602,101.4649478442202,389.7452717328101
MCL-Oscar,2,3710.0,-63.550119317933046,-38.077001083790805,275.8617195300243,13636.67246816732,101.14704035091279,401.0281844907867
MCL-Oscar,2,3720.0,-62.723033169435425,-39.117473135050496,283.03914376601875,13430.254602902121,103.40371069810088,392.0636015070438
MCL-Oscar,2,3730.0,-62.43175266584097,-38.95361340722212,277.0943959163459,13367.714482222602,102.94584008945257,405.2652473993595
MCL-Oscar,2,3740.0,-61.85724766728794,-39.5009249197206,279.5106677842404,13532.011857684465,101.43423238432058,388.35638538123
MCL-Oscar,2,3750.0,-60.2835816810025,-40.145749623082075,283.0897422144495,13630.144243205452,102.73761115657841,384.36872107319596
MCL-Oscar,2,3760.0,-59.97429359342758,-39.791952434179706,281.1881619521047,13513.05334982991,100.96826813334063,400.71575337756497
MCL-Oscar,2,3770.0,-58.682526252205776,-40.571196630340275,275.46912286979455,13327.028569234275,101.25151207028333,384.4152238886151
MCL-Oscar,2,3780.0,-58.28132093651188,-40.742631158405224,275.25769721988684,13431.376507832012,103.37968478031951,399.9615367961704
MCL-Oscar,2,3790.0,-57.143589576629,-40.84417682959584,277.82793221544625,13328.17981900687,101.74246695799008,382.5725836264447
MCL-Oscar,2,3800.0,-55.641699792195766,-40.93501694057256,284.37137340271096,13463.478151756195,102.92163915300105,419.1810892276162
MCL-Oscar,2,3810.0,-55.12412377596028,-41.20231607866472,278.8598675465709,13496.454742203832,100.60604213421401,390.57933885207785
MCL-Oscar,2,3820.0,-54.4014608952133,-42.368564697988475,278.7146521655566,13577.046903504262,101.0012592638042,398.3619966438714
MCL-Oscar,2,3830.0,-53.28361640545926,-42.397423993189996,284.66647814237814,13633.001290628788,102.3036468790738,416.4269907596787
MCL-Oscar,2,3840.0,-52.38489159009855,-42.621594063317744,277.2948159822823,13392.291062517388,100.77465348879193,394.1501628230006
MCL-Oscar,2,3850.0,-51.27403832159201,-43.21102804602684,280.78415605520814,13682.428831267449,101.73880236080129,384.6028354413593
MCL-Oscar,2,3860.0,-50.399424398032735,-43.00865940584399,276.1395300339956,13657.482679933348,102.67072965298925,403.0159632804947
MCL-Oscar,2,3870.0,-49.491890925629576,-43.33267603247672,275.3538935454174,13597.827552919287,100.69597073646605,419.65642208482853
MCL-Oscar,2,3880.0,-48.62333919913764,-43.906092661742775,280.74154339173623,13482.91643961808,103.03462935655581,385.3510728575631
MCL-Oscar,2,3890.0,-48.079815426365364,-43.62485462131399,276.9648001818934,13448.315356570469,101.38930850293593,415.1296330072708
MCL-Oscar,2,3900.0,-46.58334543863303,-44.32191554342017,275.0383082349433,13382.964220953687,102.3421657673626,405.7842692674049
MCL-Oscar,2,3910.0,-46.3043011688907,-44.4185842237735,278.9354245666438,13652.112349255936,101.86610149469652,385.00186243272
MCL-Oscar,2,3920.0,-45.272944045183955,-44.47938721939974,278.8754930056351,13384.952223917218,101.47350246546371,391.3781499577902
MCL-Oscar,2,3930.0,-44.245786036035085,-44.76554745662708,281.8425101372322,13414.2017758585,101.07622744297805,394.6174017334057
MCL-Oscar,2,3940.0,-43.03034660065977,-45.169904070084165,277.1595406332534,13568.064336158175,100.98374876162381,392.33077901971274
MCL-Oscar,2,3950.0,-41.79075242050139,-45.79468410956968,283.86524726564807,13524.79974247938,102.6041666271725,410.25761347020295
MCL-Oscar,2,3960.0,-41.17281729993959,-45.569537047573256,277.95779399654475,13358.655555769412,102.2492723501518,392.265398891733
MCL-Oscar,2,3970.0,-39.91978381552862,-45.59872298514083,279.0186560385389,13313.764618724275,101.12138449832307,381.56595987839347
MCL-Oscar,2,3980.0,-38.72631292775804,-45.55816653287835,275.102641495138,13485.119084852533,100.91209058234728,398.4811107090249
MCL-Oscar,2,3980.0,-38.72631292775804,-45.55816653287835,275.102641495138,13485.119084852533,100.91209058234728,398.4811107090249
MCL-Oscar,2,3990.0,-38.137756206491176,-46.61673989324212,275.5728591934312,13341.07515534957,102.79045898550149,394.74703032382274
MCL-Oscar,2,4000.0,-36.8552901249565,-46.17387266959795,277.1174264353941,13600.118503687721,103.28961456656646,418.2640223828988
MCL-Oscar,2,4010.0,-36.087742151891526,-47.01136810073742,279.73172936920344,13524.658854779838,102.71537397070857,409.5138059850386
MCL-Oscar,2,4020.0,-35.02322347622187,-46.987137899324196,279.14231384762866,13361.92395475847,102.4244260053795,397.082188513916
MCL-Oscar,2,4030.0,-34.13580700154146,-47.22464937027302,281.16422760288003,13599.300860180745,100.70560881322676,417.6909827683081
MCL-Oscar,2,4040.0,-32.4795708288936,-47.409743906577816,282.32558572826264,13691.540932588412,102.13357759827679,394.7849170013383
MCL-Oscar,2,4050.0,-32.24589913586053,-47.727884216754504,277.36459178507624,13487.649450358058,102.67947609183982,381.67338963084103
MCL-Oscar,2,4060.0,-31.08072213747797,-47.5219972498054,280.30944702527336,13433.926033247604,102.96265424304687,412.9830119681732
MCL-Oscar,2,4070.0,-30.349118328291123,-48.123276483964155,281.10736443144606,13422.827550471897,102.27035403061214,381.39033160336317
MCL-Oscar,2,4080.0,-29.064080024308872,-47.68714340523075,283.4390446643813,13529.40591465903,101.89617548737779,418.2260858121103
MCL-Oscar,2,4090.0,-27.809908696146717,-48.46293122974627,275.71357424254603,13541.332922880953,101.30332141444687,380.99924562316016
MCL-Oscar,2,4100.0,-26.357792845388538,-48.46841551523089,279.57621609668024,13432.301105136054,103.11580403687991,409.008176241358
MCL-Oscar,2,4110.0,-26.05608960458055,-48.565914021536784,277.83385032378663,13657.830543998505,101.1663214435514,383.49933581048975
MCL-Oscar,2,4120.0,-24.75535138371913,-48.49022645455471,280.1171749170434,13524.107223251476,102.34851179904686,419.33398972659944
MCL-Oscar,2,4130.0,-23.28162018967289,-49.07281529271242,275.37853826799704,13545.05555199653,102.136814237255,380.9300015701273
MCL-Oscar,2,4140.0,-22.3161757230573,-49.00979020882846,278.1787989105004,13312.020173440793,102.65247843010592,403.883900341353
MCL-Oscar,2,4150.0,-21.30756867211131,-49.28408501259447,276.32123408801425,13426.93166891422,100.86406418426465,380.98246873472584
MCL-Oscar,2,4160.0,-20.880347057018795,-49.097783970294074,282.1572997231551,13637.717288020413,100.59174870532009,418.831764187565
MCL-Oscar,2,4170.0,-19.687371144958515,-49.432975153734944,279.7865487431057,13448.987738753585,103.38545835247629,392.3174624315119
MCL-Oscar,2,4180.0,-18.69309845210282,-49.02761580586235,283.1909775007923,13694.422582072672,102.49097472202712,384.9745646685628
MCL-Oscar,2,4190.0,-17.34156233518702,-49.2645497635653,276.55509953475865,13536.85854156551,102.12229320695891,389.7908353795835
MCL-Oscar,2,4200.0,-16.556956262867924,-49.649161800628185,283.39996239992587,13437.679647770403,102.52915081058028,387.0967743119666
MCL-Oscar,2,4200.0,-16.556956262867924,-49.649161800628185,283.39996239992587,13437.679647770403,102.52915081058028,387.0967743119666
MCL-Oscar,2,4210.0,-14.739119293183766,-49.364387879274595,284.83505672037256,13383.603077423906,102.72303586766007,409.74626539581544
MCL-Oscar,2,4210.0,-14.739119293183766,-49.364387879274595,284.83505672037256,13383.603077423906,102.72303586766007,409.74626539581544
MCL-Oscar,2,4220.0,-14.29724273031944,-49.74930344792108,278.3458276950943,13464.17657396995,101.59016324813817,387.3924155130717
MCL-Oscar,2,4230.0,-12.823001353973751,-49.2943833744974,277.2653842017047,13616.063893880555,102.39663148823062,386.2735105216027
MCL-Oscar,2,4230.0,-12.823001353973751,-49.2943833744974,277.2653842017047,13616.063893880555,102.39663148823062,386.2735105216027
MCL-Oscar,2,4240.0,-11.775164787216475,-49.34915559689998,281.4511275233993,13454.62018953471,101.06248963022034,405.81971322170807
MCL-Oscar,2,4250.0,-10.561670714829267,-49.5687875386024,280.10995186528817,13631.721974256892,101.88696361920299,381.1652278984414
MCL-Oscar,2,4260.0,-9.869803390216855,-49.87081551891611,281.0140164936342,13316.477519828639,100.79300070739956,391.0722209556277
MCL-Oscar,2,4270.0,-8.842966074683691,-49.38581019713135,283.5607710475529,13552.58089443374,101.95865147897015,381.8636405217159
MCL-Oscar,2,4280.0,-7.16394533529056,-49.57806287210968,280.0798467349002,13311.83403581433,101.55989576395407,391.7568993060723
MCL-Oscar,2,4290.0,-6.3991027207965026,-50.181420928195585,278.1656660960385,13658.464772264555,101.17344642969047,404.4991280495894
MCL-Oscar,2,4300.0,-5.017585891833087,-49.44155843427899,282.73954342320496,13443.232407273292,103.37681319185869,401.0876944879034
MCL-Oscar,2,4310.0,-4.416628539718508,-49.576075948453976,278.80548948406806,13537.54538122229,103.08256143181967,398.10811389239933
MCL-Oscar,2,4320.0,-3.0554789460134932,-49.59853886587649,276.9475567510476,13636.34222594347,101.74854001083136,402.5276686487057
MCL-Oscar,2,4330.0,-1.8973190216128466,-50.33362477416717,280.9070631126123,13508.818707029099,103.08547638568824,390.18334151552256
MCL-Oscar,2,4340.0,-0.9684286691176149,-50.15231939341638,277.8716970431852,13612.573218299636,100.61182859115777,419.77827017009116
MCL-Oscar,2,4350.0,-0.15685115365177654,-50.46076611584606,284.9240429959341,13680.607295155734,102.5447278102328,381.28179187992197
MCL-Oscar,2,4360.0,1.0767777478968794,-50.137432555914195,277.94444129331714,13468.10334396612,101.44244013400107,415.0161854484135
MCL-Oscar,2,4370.0,1.7853297811347866,-49.991540061174966,279.1357660219137,13657.001965046766,102.93362192640605,419.6373468564894
MCL-Oscar,2,4380.0,3.2312173855102437,-49.980391544775,277.48730059038667,13456.906785671781,102.77368820776016,406.0074901549376
MCL-Oscar,2,4390.0,4.117476861266312,-49.54316479625835,283.9071422399137,13521.106756868221,102.88215105155513,397.69456965961155
MCL-Oscar,2,4400.0,5.880846410679309,-50.251908960669155,283.94182002295787,13394.686794879686,102.63968400399065,408.9445112890735
MCL-Oscar,2,4410.0,6.064905416305564,-49.541836794828995,284.8274527891713,13387.971560202848,102.75062731543352,381.36285803069046
MCL-Oscar,2,4420.0,7.444697472320696,-49.73634538163486,283.59807470623207,13470.204515685582,102.09909413762189,419.81745777948714
MCL-Oscar,2,4430.0,9.082994309093424,-49.64175985417503,283.4562740849683,13420.247375804525,102.46075060211444,385.25808422421306
MCL-Oscar,2,4440.0,10.006633043708588,-49.59295320597024,280.76274631666854,13600.520593945976,100.70186442354125,394.01132887324144
MCL-Oscar,2,4450.0,11.003034399697622,-49.92034294998249,276.25574551981384,13467.447291430257,102.6916275742809,407.7257416787661
MCL-Oscar,2,4460.0,11.412865753334195,-49.49851221379084,277.30408521127856,13303.571282668925,103.37077181297762,397.0947150516189
MCL-Oscar,2,4470.0,12.592766167383731,-49.67515042612779,279.4848027666837,13425.879050492576,101.13526706152928,416.19532041628594
MCL-Oscar,2,4480.0,14.380751608458047,-49.865416242928866,284.33920071374484,13533.583488464967,101.40688498792878,409.74324347493246
MCL-Oscar,2,4490.0,15.557569706129295,-49.753792890070535,279.01778691556996,13431.456541010197,102.14065339698023,413.420876942169
MCL-Oscar,2,4500.0,16.57336802109471,-49.78845198953799,281.0614416590851,13658.265737173502,102.2487728455578,380.2618251497983
MCL-Oscar,2,4510.0,17.364085328582764,-49.271942051367354,284.6782223670283,13511.851539843796,102.22495967917715,392.65761520692496
MCL-Oscar,2,4520.0,17.999116123135487,-48.90084919457772,284.0671422972052,13694.540069183884,101.93890610198416,383.68149210473536
MCL-Oscar,2,4530.0,19.201336643675983,-49.025918986563816,279.23157019279756,13481.45536358561,101.94468284625447,417.179366789983
MCL-Oscar,2,4540.0,20.397416531077752,-48.65063340036101,284.69897858826346,13370.404534929059,101.50132836812931,403.7960361897576
MCL-Oscar,2,4550.0,21.313883833133158,-48.72295236871624,284.8054163662382,13511.68382633381,103.32748224203934,411.6100561234263
MCL-Oscar,2,4560.0,22.35284633801238,-48.64461532814797,284.95504596690176,13441.725515217999,103.14081117065157,405.58190773821366
MCL-Oscar,2,4570.0,23.268292578930673,-49.02073830765815,282.3750021066397,13666.045807721124,101.25575156575101,384.6909285175846
MCL-Oscar,2,4580.0,24.624134217108892,-48.014377084363254,279.8309125640458,13608.828530360961,101.01418653516785,417.9971622835559
MCL-Oscar,2,4590.0,25.742414667523015,-48.67075446335666,278.59766714624527,13356.582183975936,100.53776957263244,407.8152918379541
MCL-Oscar,2,4600.0,26.987613763850426,-48.55417538765985,277.4440627132881,13665.229927989945,102.92354332520746,405.80519078364455
MCL-Oscar,2,4610.0,27.329177372433406,-48.51856780359129,276.608118585431,13339.785263981381,102.80629300874715,407.30156556383673
MCL-Oscar,2,4620.0,28.63471161687388,-48.07576871408274,281.5064524851781,13397.307793709735,101.83144917821723,410.45299941250636
MCL-Oscar,2,4630.0,30.191920593736743,-47.439577723825444,279.41173536688717,13581.230353615783,102.69133853840373,398.91743545978176
MCL-Oscar,2,4640.0,30.97509119888151,-47.224935189816364,284.6298940847142,13563.530511401916,102.62514526623731,387.7601441795404
MCL-Oscar,2,4650.0,31.93556206092204,-47.81943895310943,276.92124574829063,13694.389914589803,102.70080654995141,417.3413534421933
MCL-Oscar,2,4660.0,32.957725542508015,-47.20763718968303,281.7355110887831,13316.690830275145,100.63557090288894,390.67658741829956
MCL-Oscar,2,4670.0,34.03382621505824,-46.90195889759423,276.1043755554866,13602.268225804526,101.49683496304796,414.8866165218307
MCL-Oscar,2,4680.0,34.50062741854447,-46.39317011208215,280.13462270339545,13495.45666825752,102.43571580474273,405.02623597426566
MCL-Oscar,2,4690.0,36.057500685784696,-46.48807851569253,277.46721966387435,13564.14082273493,101.79263395999556,409.09642798573094
MCL-Oscar,2,4700.0,37.485736756573985,-45.99001762793752,278.9082719015709,13339.585821244289,101.96358441907238,391.08334927258693
MCL-Oscar,2,4710.0,37.69975159456999,-45.83636509701464,275.7153951495893,13314.137338393057,100.78392023140492,393.61347320544724
MCL-Oscar,2,4720.0,39.45498163328607,-46.37387551407236,278.360338198048,13594.95434595562,103.47598799763925,386.32692829017026
MCL-Oscar,2,4730.0,39.89671989143399,-46.045041771185545,279.75642249823454,13307.671251425249,103.318642117514,381.3368427555019
MCL-Oscar,2,4740.0,40.79949933064452,-45.552012310573275,280.45053942461476,13613.910944426907,102.38347621290214,401.06267345152685
MCL-Oscar,2,4750.0,41.69495885629216,-45.875706270894106,280.9202515173072,13635.670797807461,101.85010637698221,384.8090970928631
MCL-Oscar,2,4760.0,42.793180959382475,-44.74234146667685,282.4427328620342,13432.862192320654,100.7196986131404,417.81235450015305
MCL-Oscar,2,4770.0,43.59775595252389,-44.62849207087007,279.89493521518204,13606.064687305887,102.84419270260011,382.37253915114627
MCL-Oscar,2,4780.0,44.70983604037229,-44.596937027052554,276.611715864583,13676.559389766917,101.345270494545,415.7597096447074
MCL-Oscar,2,4790.0,45.39913184006853,-44.69230200040282,279.45766835045583,13454.785136208788,101.68996257076138,396.70000525142524
MCL-Oscar,2,4800.0,46.46043634403511,-43.71422890382245,113.02842051881426,10816.90233772489,103.05967156904228,806.276445537812
MCL-Oscar,2,4810.0,47.43178673082112,-43.999386152847514,118.67751533360477,10513.436913860733,101.41305382133521,869.7868529988868
MCL-Oscar,2,4820.0,49.04249958512437,-44.06241317414201,119.75504888199313,10349.028501215156,100.5897716216529,846.2274857239765
MCL-Oscar,2,4820.0,49.04249958512437,-44.06241317414201,119.75504888199313,10349.028501215156,100.5897716216529,846.2274857239765
MCL-Oscar,2,4830.0,49.414967717863775,-43.36456547401985,114.62559070464953,10356.357794517273,103.11685276724747,804.7490064462465
MCL-Oscar,2,4840.0,50.731819332428145,-43.46246081755736,120.64931447862281,10731.743710302166,103.40240119178064,800.8979672158619
MCL-Oscar,2,4850.0,51.58310584101709,-42.74221013926312,122.94150533556802,10815.928638255913,101.7237585145279,845.4919158627679
MCL-Oscar,2,4850.0,51.58310584101709,-42.74221013926312,122.94150533556802,10815.928638255913,101.7237585145279,845.4919158627679
MCL-Oscar,2,4860.0,52.93744431482307,-42.66566607160315,117.88299185869604,10486.02165314457,103.38325207716534,847.8773879444498
MCL-Oscar,2,4870.0,53.74486509857761,-42.29531099547065,114.7286355393567,10363.849137434643,103.37355593587164,896.2621130274824
MCL-Oscar,2,4880.0,54.50414657904526,-42.1957148623671,122.50010396661455,10286.80186948068,103.00384759581152,843.746182329472
MCL-Oscar,2,4890.0,54.93692912869438,-41.55824481616259,125.63063181912639,10230.755590895787,101.89992179290806,824.1424575224493
MCL-Oscar,2,4900.0,56.21227649565855,-40.99054017919203,117.3105025397367,10103.815730805352,100.84987406153658,827.4402899021287
MCL-Oscar,2,4910.0,57.46364420900596,-40.59000892020579,124.69308226568764,10118.815764038618,102.06699206197901,897.19139214517
MCL-Oscar,2,4920.0,57.88471070452666,-40.41194413156334,125.48620015119774,10571.053154043953,102.38834309797036,880.6991762438919
MCL-Oscar,2,4930.0,58.45023077597294,-40.10726181683025,116.81762052342147,10804.394454791804,101.70249430304104,883.2299491624887
MCL-Oscar,2,4940.0,59.39586448405505,-40.385886108379395,113.35316758729358,10137.04457636885,102.6199440688117,811.8157136217051
MCL-Oscar,2,4950.0,60.68127433267868,-39.990927415337005,115.60492763583485,10756.191425096149,102.70769056276615,809.148264732501
MCL-Oscar,2,4960.0,61.05059089741563,-39.67807852259826,119.25813626882194,10785.74345464136,100.7076911464834,838.3131178450118
MCL-Oscar,2,4960.0,61.05059089741563,-39.67807852259826,119.25813626882194,10785.74345464136,100.7076911464834,838.3131178450118
MCL-Oscar,2,4970.0,62.61552488485343,-38.843871256133156,112.95056127792778,10660.950215243844,103.11758123592173,882.6048418303351
MCL-Oscar,2,4980.0,62.932759671276884,-38.705830890312235,115.53841660877305,10771.358407561314,102.11836149921206,824.3507744775858
MCL-Oscar,2,4990.0,64.05560673675255,-38.684371501034725,125.07074721008448,10847.181219934591,102.25493906863053,895.4132618917758
MCL-Oscar,2,5000.0,64.57084513197793,-38.38470749593416,125.62493698044116,10386.016930034888,101.83335318208127,800.1257715269072
MCL-Oscar,2,5010.0,65.83730978090762,-37.75948059741863,122.14155938196375,10556.026938999927,102.2526504752453,863.8589814861266
MCL-Oscar,2,5020.0,66.85290029487578,-37.82615929352526,123.59273973568615,10319.647892871479,101.74556437060922,864.5010655206306
MCL-Oscar,2,5030.0,66.77686998005649,-36.63370053480871,114.30064431974911,10533.967776450347,102.11522055729421,835.9597262754539
MCL-Oscar,2,5040.0,68.14235708205159,-36.93425885042906,114.306249237355,10394.759254954604,102.45229762269473,848.2271044255748
MCL-Oscar,2,5050.0,68.46281196001358,-35.97123990482511,117.1312670070145,10372.89849736907,102.944256750425,889.0453189668758
MCL-Oscar,2,5060.0,69.65731099802143,-35.62749330418718,116.8485528711788,10103.792059381763,102.20329261943061,867.8124509448927
MCL-Oscar,2,5070.0,70.22264675080366,-35.39627385894,122.35716444935309,10158.35120323156,103.33328080285331,833.7075686654256
MCL-Oscar,2,5080.0,71.33274376935259,-34.79134862510827,124.81870201307154,10552.10864675242,101.89471434406651,855.3599552694338
MCL-Oscar,2,5090.0,71.6421553752433,-34.78690777506441,124.53786886119501,10263.62582851542,100.74512644585349,860.2037410859384
MCL-Oscar,2,5100.0,72.76824595576707,-34.16350844221463,117.68224010248265,10521.01141398047,101.69384688200951,853.3075632107923
MCL-Oscar,2,5110.0,73.65297266677797,-34.017268502098425,120.40210141387084,10245.112577401454,103.34808434069012,896.1984886745039
MCL-Oscar,2,5120.0,73.75893765399714,-33.97134070665202,117.77059228848273,10124.097943374501,101.32687145472035,864.2589215920372
MCL-Oscar,2,5130.0,74.43875239748488,-33.43766828418839,127.89681979689236,10166.950075636165,103.36809024963203,847.8939677274999
MCL-Oscar,2,5130.0,74.43875239748488,-33.43766828418839,127.89681979689236,10166.950075636165,103.36809024963203,847.8939677274999
MCL-Oscar,2,5140.0,75.37520797115798,-32.669049931653944,116.36910824769663,10542.035963336124,101.16520817237338,850.2540189849144
MCL-Oscar,2,5150.0,75.75183982945718,-32.30007797019577,115.26954776379215,10114.843754331092,101.84511986698027,871.7017779793697
MCL-Oscar,2,5160.0,76.95156316260892,-32.38912034360209,121.94869498407311,10745.118044737152,101.13775525314611,873.8111289518704
MCL-Oscar,2,5160.0,76.95156316260892,-32.38912034360209,121.94869498407311,10745.118044737152,101.13775525314611,873.8111289518704
MCL-Oscar,2,5170.0,78.10024199655973,-32.03566452718472,116.68569005448376,10231.290698056362,103.3606389644902,826.2746829627805
MCL-Oscar,2,5170.0,78.10024199655973,-32.03566452718472,116.68569005448376,10231.290698056362,103.3606389644902,826.2746829627805
MCL-Oscar,2,5180.0,77.93339077308946,-30.809470834942495,117.64424916933837,10687.497913552033,102.42498904894127,893.2121528462894
MCL-Oscar,2,5190.0,79.06854540558922,-30.776975513746763,127.87442731686555,10756.562565736403,102.30858694250826,831.2600521379637
MCL-Oscar,2,5200.0,79.82051013069147,-30.62384326835637,121.75276724974029,10616.931687756802,102.54451550043484,849.8141883523992
MCL-Oscar,2,5210.0,80.50791598579347,-29.89935049686515,126.47438175899677,10685.301664963043,101.47161579250019,889.8503377217587
MCL-Oscar,2,5220.0,81.33262933966432,-29.3131806488015,115.15040989456841,10880.734654627826,102.8278594338234,870.7639138860656
MCL-Oscar,2,5230.0,81.55382894504355,-29.041764111274013,119.7507471344025,10516.949740521668,102.22253035699784,815.9173570468143
MCL-Oscar,2,5240.0,82.34423248026069,-28.075174457077274,120.38106927319586,10339.722755873649,100.86373433878,889.2472777119489
MCL-Oscar,2,5250.0,83.11256798258789,-28.255749653525037,116.12427215021908,10326.836070025398,102.18972659366659,859.6003954041278
MCL-Oscar,2,5260.0,82.94248641357889,-27.745502495371944,120.10763407379946,10512.853926146543,101.40812569598299,860.0455452899985
MCL-Oscar,2,5270.0,84.05496118806724,-26.948834232711903,114.10428493666743,10452.875490216327,101.67766035758987,842.6345561430799
MCL-Oscar,2,5280.0,84.65045705517048,-26.838439282888928,119.16347873565805,10246.90489380232,101.85945530637136,822.8416500554523
MCL-Oscar,2,5290.0,84.95643967806232,-26.141046803250617,126.80556425753679,10789.10958405676,100.72441877942934,874.5903360171524
MCL-Oscar,2,5300.0,85.376467677741,-25.85390535376929,125.41477955493818,10823.995513210613,102.39366855169874,862.3976446461216
MCL-Oscar,2,5310.0,86.67407633231748,-25.041461438916013,125.72792440878071,10219.564719226319,102.88084879111786,864.9307895483524
MCL-Oscar,2,5320.0,86.92933878014493,-25.299432519607404,125.68992236880896,10856.38713307911,101.27664894696602,859.9786785296142
MCL-Oscar,2,5330.0,87.48751738801433,-24.705557187572506,125.3153055276488,10380.193491142236,102.71395361529237,853.6432152918521
MCL-Oscar,2,5340.0,87.623328848869,-23.684038435433575,126.26583489103527,10834.550591704876,100.68926583643113,844.3568911659878
MCL-Oscar,2,5350.0,88.33609970253175,-23.40936861908006,115.41115975707294,10103.154150937251,999.0,885.6545519100804
MCL-Oscar,2,5360.0,88.61370385428262,-23.142397832938585,114.11545739678063,10130.57730987575,103.26477722659968,836.0403782048612
MCL-Oscar,2,5370.0,89.81968172839616,-22.323488497902726,118.86709876412412,10443.917068702374,102.13799935066635,885.7251000870706
MCL-Oscar,2,5380.0,89.71900080138974,-21.953858655782536,113.67868168782681,10797.489740830939,102.70042459385176,837.9004662225163
MCL-Oscar,2,5390.0,90.33700364439646,-21.368487006682162,113.98246913232782,10672.766353618334,102.43880825725198,895.1732214037617
MCL-Oscar,2,5400.0,90.83642515405336,-21.119343744366297,114.7595586647688,10100.516402555239,100.71370786212171,856.8498113658629
MCL-Oscar,2,5410.0,91.336587508106,-20.34281122844636,125.8019406910309,10629.70748581569,101.88781198700838,822.2867495497921
MCL-Oscar,2,5420.0,91.8845895129345,-19.813308929524027,119.53014629343929,10703.416629824686,101.32498522321706,812.5288933820942
MCL-Oscar,2,5430.0,92.40828789561334,-19.739587690476032,114.55891491608057,10801.036935710452,101.37956711896913,826.4718025601853
MCL-Oscar,2,5440.0,92.30796793907635,-19.21887546779348,120.67999542823505,10301.511987360487,103.0872037540825,832.6763145081824
MCL-Oscar,2,5450.0,92.84002093134396,-18.93028275695683,115.85202512767833,10655.043882011669,100.89784790646067,851.9052143418558
MCL-Oscar,2,5460.0,93.19890118526861,-17.978544200361373,120.38278632454448,10772.70716360331,101.63293139234455,885.47863471351
MCL-Oscar,2,5470.0,93.21854136070885,-17.75574203816972,116.96085386564503,10496.109420612815,102.21472686198797,831.094669937798
MCL-Oscar,2,5480.0,93.95832381500145,-17.19579931011516,127.23228592760893,10337.497155306828,102.44478645314203,888.409619351974
MCL-Oscar,2,5490.0,94.03747802015013,-16.04843604001811,116.44280366870242,10233.621306591276,101.10785185984929,810.5259657263402
MCL-Oscar,2,5500.0,94.56761124284732,-16.073658724130304,119.17224438357695,10880.66492682511,103.43370580168245,858.1629420921219
MCL-Oscar,2,5510.0,95.11309772686606,-15.077248332872108,124.45241463894374,10879.557623835839,103.05625865637538,810.2183550473045
MCL-Oscar,2,5520.0,95.30474334266606,-15.1931216431534,113.70381973837132,10114.529569057695,101.3546001911344,821.6442686183464
MCL-Oscar,2,5530.0,95.84585176592194,-14.573529302064308,124.31057870263905,10538.088626534267,100.60836860912327,813.4698212198567
MCL-Oscar,2,5540.0,96.51999874924543,-14.019273622904102,117.15569170645593,10726.198788670195,103.406541060278,818.3211586950417
MCL-Oscar,2,5550.0,96.60512085395531,-13.72873442185013,113.35432104266101,10277.908661843641,101.8775250969085,818.4998991139439
MCL-Oscar,2,5560.0,97.01431970244474,-12.487345740450678,114.741845520123,10237.448103580029,101.10382502575415,805.9822452587505
MCL-Oscar,2,5570.0,96.97579184895652,-12.615947845079077,126.57276129098074,10500.824928904247,100.98097846906771,834.3849324295668
MCL-Oscar,2,5580.0,97.26785761162556,-11.836037276506655,119.96289002571513,10695.246074157869,102.39886383475266,800.5479770940473
MCL-Oscar,2,5590.0,97.20050346444665,-10.873848955664583,125.63357710989803,10722.693675481078,103.26316439475315,895.5699667327344
MCL-Oscar,2,5600.0,97.73462968843664,-10.916399034350306,112.57929906546471,10273.018857951689,100.94672025918875,857.6191302591005
MCL-Oscar,2,5610.0,97.99737057380202,-10.048264636955068,113.75758882131872,10726.811044215445,102.44168171142266,867.8983258201637
MCL-Oscar,2,5620.0,98.5096256494757,-10.14966493038114,126.35055527913511,10558.76077242565,102.94592470747027,857.5194476863443
MCL-Oscar,2,5630.0,98.15125420403254,-8.84450062800618,120.80011308713401,10832.949595830398,102.98765021538539,809.2057649109014
MCL-Oscar,2,5640.0,98.00812426416037,-8.472529638354672,127.72047948687789,10328.174951012257,102.61869798731482,844.9780386916078
MCL-Oscar,2,5650.0,98.97027615839106,-7.768254468367492,122.44277115395258,10309.215613893086,999.0,871.8233888522408
MCL-Oscar,2,5660.0,98.6129583734075,-7.153118164059052,118.69955597328735,10220.776971750514,103.14641436865462,879.6453678499038
MCL-Oscar,2,5670.0,98.61370918140969,-7.359997889775241,116.07078999417416,10325.373773122925,101.60794946377527,863.2076280895812
MCL-Oscar,2,5680.0,99.12173602163527,-6.022377409367405,112.94040527450342,10662.721802966778,102.76193320587174,842.7574463811047
MCL-Oscar,2,5690.0,99.4860099318781,-5.581638522320036,114.02210209597538,10831.00457923919,100.74754423159894,863.3008200312828
MCL-Oscar,2,5700.0,99.55295785547843,-5.580704113283277,122.37088176196664,10495.37587525651,101.19384595961367,838.0930184735107
MCL-Oscar,2,5710.0,99.5211425295706,-4.617046680321849,116.20889399598583,10694.071174577308,103.09983722694835,802.3224132236312
MCL-Oscar,2,5720.0,99.93314652004963,-4.798287860129988,124.30095540922804,10248.825924648912,102.50170859229978,889.7883904114196
MCL-Oscar,2,5730.0,99.53044011501922,-3.4465315993835457,126.92346251846506,10415.983633448044,101.34010700732999,879.0033617002375
MCL-Oscar,2,5740.0,99.95455121721336,-2.9160670572080405,124.24736791840829,10481.77227085105,102.3965399084473,843.7427605575633
MCL-Oscar,2,5750.0,99.88371841424804,-3.085223752312306,114.45943108844345,10431.196325346004,102.44890732083658,824.9739709082967
MCL-Oscar,2,5760.0,99.53929555650133,-1.693432197095123,113.34173740717726,10859.311492879455,101.81062231233477,885.5819545620433
MCL-Oscar,2,5770.0,100.36238315762903,-1.8150629634320112,119.81927271870045,10678.935470851393,100.9570098111026,821.9170525632405
MCL-Oscar,2,5780.0,100.38287759404174,-1.1800168763602974,114.97658507528838,10685.39424091492,102.87607743659478,880.9681698375048
MCL-Oscar,2,5790.0,100.09220458234996,-0.27403012181054853,124.82553314963398,10710.93262076489,999.0,832.2213678417565
MCL-Oscar,2,0.0,100.17001211524763,-0.3507820456847921,280.5736365378541,13665.92409410552,101.86063536274823,410.79904119425555
MCL-Oscar,3,10.0,100.38858163930689,0.6488893907978476,278.6622770370002,13632.345601064551,103.3242513804807,398.18820520384537
MCL-Oscar,3,20.0,100.21032313282026,0.5862907495764553,279.7187601951562,13326.915252223409,102.00009412105359,390.29947187656586
MCL-Oscar,3,30.0,99.52823575474218,2.0678453186924672,276.44777067974354,13679.883844195025,103.41828584336893,415.79256335471854
MCL-Oscar,3,40.0,99.9266738166512,2.577938634577246,284.5847423964215,13389.861591950204,102.38540540954965,390.9726249368056
MCL-Oscar,3,50.0,99.88618976209705,2.343793729498962,276.7169170427979,13454.756726890879,103.17958551898766,385.07602825264183
MCL-Oscar,3,60.0,99.89756463036574,3.2277073326743904,277.04678573402714,13688.061126614226,102.82832996425594,416.2493561406269
MCL-Oscar,3,70.0,99.38893749819499,3.6109445440438783,282.0921683931639,13681.118961792034,100.95852043596584,390.2886321670712
MCL-Oscar,3,80.0,99.71718712831435,4.557234505659742,275.6224274525792,13611.349824736515,102.01717120298592,391.37104758622377
MCL-Oscar,3,90.0,99.33657903066641,5.212160230969693,275.7433378405994,13321.950017888776,101.7842033197801,403.31134262783576
MCL-Oscar,3,100.0,98.93533779651449,5.310402192940691,279.9628048314152,13589.603688322797,102.60732910857615,419.44339853834936
MCL-Oscar,3,110.0,99.31617769973745,6.158456332108479,275.1104951553423,13535.960687330971,100.65250885946324,397.2524884350824
MCL-Oscar,3,110.0,99.31617769973745,6.158456332108479,275.1104951553423,13535.960687330971,100.65250885946324,397.2524884350824
MCL-Oscar,3,120.0,99.25541924870926,6.06588832289693,278.10418107134313,13513.241334132963,101.32094049096176,406.6401096276023
MCL-Oscar,3,130.0,99.3764422228409,7.402940528745957,277.5642381738016,13498.80897042196,101.66775517430564,394.7444473296808
MCL-Oscar,3,140.0,98.7895593237737,7.395775293506269,279.7766069534381,13566.288549174125,102.68712552439253,416.9257321754062
MCL-Oscar,3,150.0,98.44506252767736,8.200386568621703,283.79071011493727,13617.627362139197,101.71234737194033,403.1154528083963
MCL-Oscar,3,160.0,98.46375615950926,8.15554548354135,277.95882610557936,13552.368469422669,101.80626025390292,389.53406382741
MCL-Oscar,3,170.0,98.32149513934928,9.084303234473586,276.73154394557076,13399.200161628067,101.6877439768422,409.09726209242996
MCL-Oscar,3,180.0,97.81712513413514,9.94996045088579,275.80268197844543,13434.168592789669,101.16379298101711,411.4207729090459
MCL-Oscar,3,190.0,97.41286506234515,10.30249353583405,277.6096201258979,13452.430782878375,101.78594219830288,410.30677387528533
MCL-Oscar,3,200.0,97.57244614541138,10.691948436256887,282.3694522366417,13580.569095410381,102.72779348253097,397.68631642650433
MCL-Oscar,3,210.0,97.13714926437036,10.819848911216447,278.31901052691705,13637.143293708848,102.82760431585187,405.07853716027086
MCL-Oscar,3,220.0,96.83418892167101,11.369215321593286,275.36777924610794,13674.524972864514,102.09528474340013,411.61231572360947
MCL-Oscar,3,230.0,97.16706091859405,11.906451324686456,281.620396485868,13414.084765425463,103.23116388482897,415.05614750050614
MCL-Oscar,3,240.0,96.19463730295685,12.519361436400551,279.99518894330794,13414.069226227217,102.56304534494731,416.8073325130613
MCL-Oscar,3,250.0,96.04777464007923,13.583520991467854,280.0794846818931,13507.552122073394,101.36485230767957,408.03975452597126
MCL-Oscar,3,260.0,96.11734180213324,13.693373291026878,282.5474433487285,13329.918569370018,101.84139493684417,393.15869007575594
MCL-Oscar,3,270.0,95.9803207718415,13.97136990211583,281.66005440157346,13348.627321688102,100.91148577274491,418.1789438669292
MCL-Oscar,3,280.0,95.52595060697206,14.503486524381021,276.7825515392946,13432.025137361004,102.89899248114965,416.8211338789764
MCL-Oscar,3,290.0,95.42888259665129,15.430729377302521,283.9057515192942,13443.660013253228,100.54106327495526,390.4510161546843
MCL-Oscar,3,300.0,94.26602005828518,16.216875981705726,280.90386304785875,13406.421756617772,101.36852234597045,403.00704985905645
MCL-Oscar,3,310.0,94.46244523460649,16.35184957827623,279.8939546429161,13557.442167644094,102.11303533869372,400.2025832416897
MCL-Oscar,3,320.0,93.58064253535643,16.754771952136522,281.1021717401599,13544.916917357476,102.01205302552431,392.02114577696733
MCL-Oscar,3,330.0,93.81947274621469,17.59205693249739,282.78154510919427,13458.240511883952,102.0194284350675,404.4133161164749
MCL-Oscar,3,330.0,93.81947274621469,17.59205693249739,282.78154510919427,13458.240511883952,102.0194284350675,404.4133161164749
MCL-Oscar,3,340.0,93.39680182024524,18.054386059650046,275.9321031068371,13448.956003272673,103.44520877905718,418.11597881316976
MCL-Oscar,3,350.0,93.19900893514227,18.69792647847621,278.020140344479,13648.627145179442,100.78392228808141,409.11487032162023
MCL-Oscar,3,360.0,92.8878192304123,18.712131312801297,275.3078499085332,13509.275911718498,101.43937354890258,410.03117528483614
MCL-Oscar,3,370.0,92.41774828236838,19.280770052719188,283.6437694821962,13559.266283234314,103.00777528800911,397.47071955525286
MCL-Oscar,3,380.0,91.80280698221758,19.79202787324529,275.72088518164446,13627.021118453828,102.3480304093152,402.62463333149356
MCL-Oscar,3,390.0,90.9048239835535,20.174440035828383,278.06684520052875,13530.732950194259,100.57047256426083,410.3683084486173
MCL-Oscar,3,400.0,90.91911574746726,20.742494607965327,280.0786866972108,13371.041702315246,102.57784974166549,401.5281915737851
MCL-Oscar,3,410.0,90.15440959586884,21.4562379999716,277.1012764225521,13562.591885939531,101.75368794059737,395.17022132315907
MCL-Oscar,3,420.0,89.72910854705074,22.41553873592353,281.91890266920126,13388.229408417685,101.8288158582476,380.741871651426
MCL-Oscar,3,430.0,89.32833809508561,22.68877025213978,280.73375985620703,13522.319069440968,101.72178360834187,402.38075100447924
MCL-Oscar,3,440.0,88.5989958121268,23.136731295298297,281.04630505775503,13340.497228362176,103.38252057159038,386.2980282427224
MCL-Oscar,3,440.0,88.5989958121268,23.136731295298297,281.04630505775503,13340.497228362176,103.38252057159038,386.2980282427224
MCL-Oscar,3,450.0,88.79367246558151,23.265161605793526,284.6300819705984,13500.122129319054,100.93130029793893,393.1129386895985
MCL-Oscar,3,460.0,87.4430093260641,23.755827519961482,276.1506811824954,13546.762524756154,101.01469649226348,417.2903164676208
MCL-Oscar,3,470.0,87.16180091296566,24.06589760973987,280.91082135282187,13324.871505713696,102.75316460849363,409.5811689652048
MCL-Oscar,3,480.0,87.04278503840517,25.215428417171964,281.4182477584039,13362.295602000577,101.71360279873568,401.06146432804576
MCL-Oscar,3,490.0,86.63221884857681,24.896722439739335,284.04513132855914,13664.873292416547,101.27010941928438,419.9894693897486
MCL-Oscar,3,500.0,85.4340685265423,26.084161332832107,280.77378449075525,13339.697481366242,102.20400235203846,381.6759928190056
MCL-Oscar,3,510.0,84.6865041560302,26.38307751805188,282.9972063788648,13515.233296089255,100.96840458651877,390.7848777707489
MCL-Oscar,3,520.0,84.89303722465843,26.674813207192983,,,101.6324739778865,407.30102072479673
MCL-Oscar,3,530.0,83.56547689104991,27.644645045575498,,,101.453090714641,413.7804590737581
MCL-Oscar,3,540.0,83.57021679401231,27.911719123585193,,,103.05788573404142,395.48525213924717
MCL-Oscar,3,550.0,83.15390192733994,28.169228481444218,276.07031965946595,13687.533137605798,102.33029488760465,405.25656022613487
MCL-Oscar,3,560.0,82.6491318117935,28.88079945890402,,,103.09091160802333,413.9141239200766
MCL-Oscar,3,570.0,81.74427654311806,28.891237041538467,,,101.72094743064045,406.1508796165495
MCL-Oscar,3,580.0,80.71429026691229,29.65916126763221,,,102.7175159043323,403.3869676335288
MCL-Oscar,3,580.0,80.71429026691229,29.65916126763221,,,102.7175159043323,403.3869676335288
MCL-Oscar,3,590.0,80.59685646194453,30.0417544509725,,,101.72788301362337,395.1738821750131
MCL-Oscar,3,600.0,79.2009862707012,30.09688371456179,276.191912160704,13566.379655796149,101.64387338509246,415.478560203504
MCL-Oscar,3,610.0,79.05880102347352,31.077219100137594,,,101.80641178100446,387.6644319314688
MCL-Oscar,3,620.0,77.92301704642065,30.927385766405234,,,102.94380670196414,413.9941531191633
MCL-Oscar,3,630.0,77.319288269443,31.538913852264482,,,102.88688771497077,409.5178090272369
MCL-Oscar,3,640.0,76.60024326011693,31.9208496435445,281.4193040426892,13388.618142672614,102.34417083952299,381.8726437609201
MCL-Oscar,3,650.0,76.5198468461175,32.35782875968218,,,101.41092294443305,412.99631513110313
MCL-Oscar,3,660.0,75.42345499542316,32.66774406146117,278.42646373980403,13491.709798600337,102.41429118723136,392.2083874470848
MCL-Oscar,3,670.0,75.1620229622451,33.322008018559536,,,102.91441286067324,400.6509139461846
MCL-Oscar,3,680.0,73.71052157911912,33.69947036661849,284.7129638816419,13660.627315639169,102.62852268630272,380.989240451845
MCL-Oscar,3,680.0,73.71052157911912,33.69947036661849,284.7129638816419,13660.627315639169,102.62852268630272,380.989240451845
MCL-Oscar,3,690.0,73.26192850728674,34.33355973846972,280.13043688827554,13514.311853694078,102.47126736247293,419.370284744485
MCL-Oscar,3,700.0,72.46013219825049,34.29895506335616,276.7831030815243,13581.098774145674,100.60518946297691,401.35521306787126
MCL-Oscar,3,710.0,71.48725097012587,35.241087630726945,278.1641573241683,13528.136398819972,103.30887674018356,403.7614052449484
MCL-Oscar,3,720.0,71.26144107778812,35.62068309219269,275.555633335669,13478.144421380359,101.751350837485,394.88466382223345
MCL-Oscar,3,730.0,70.38051590667884,36.01095999349946,278.90070279860396,13391.344416513804,103.26051530983256,416.5990524973664
MCL-Oscar,3,740.0,69.09538313199751,36.41526332135712,279.2671371364053,13580.963099172099,102.90689464962554,406.981850035874
MCL-Oscar,3,750.0,68.48789714428275,35.914388425859585,281.87905759080763,13524.082407811391,103.23654392315376,415.5685261423802
MCL-Oscar,3,760.0,68.31409967223061,36.88643785021848,282.4179553598804,13378.311875522779,101.8941449854499,392.3030779653817
MCL-Oscar,3,770.0,67.15184064172702,36.635245678551335,283.6382961123422,13441.592832905773,100.91635779741665,411.0065371136729
MCL-Oscar,3,780.0,65.97443000238682,37.41136342316236,279.3940203314821,13390.548505704455,102.63437094525295,415.32347754487495
MCL-Oscar,3,790.0,65.6956423623824,37.67262427972707,280.8629549330983,13516.791337367318,100.81788209223303,395.48963049232964
MCL-Oscar,3,800.0,64.72439578126651,37.895248505034566,277.744639059581,13346.898533212101,101.54342121992833,413.2088098749387
MCL-Oscar,3,810.0,64.33776409468246,38.36241567392727,283.36042634756785,13490.249370432295,101.83922631050646,387.61655741664134
MCL-Oscar,3,820.0,62.95192747768456,38.45455377067466,281.2532675210716,13531.438749355466,101.74873356800941,384.48330344519024
MCL-Oscar,3,830.0,62.28130654015871,38.65211852067461,276.0845321121251,13609.872186461316,100.70831803179809,397.36737682715216
MCL-Oscar,3,840.0,61.41658419126571,39.039354120792446,275.973597734118,13496.457322166243,103.3708026159294,419.06239233667924
MCL-Oscar,3,850.0,60.39631473294183,40.30008710034166,276.6140588100329,13496.363522854273,103.38341454390537,415.2455122628813
MCL-Oscar,3,860.0,60.10151817451687,39.93894018502852,282.82427602463264,13464.666015648221,102.39890997550778,387.4241743935
MCL-Oscar,3,870.0,58.383571483671524,40.43690986473714,279.96137606320224,13405.226493739252,102.27863928449983,408.83805543745166
MCL-Oscar,3,880.0,58.17828217674218,41.13951639262999,280.9388596565802,13413.000292081073,102.37977339305432,409.6742680873218
MCL-Oscar,3,890.0,56.77272556201418,40.6863251882664,282.10524950030356,13403.268124122593,100.64348883809836,389.7025720106486
MCL-Oscar,3,900.0,55.88128353171477,41.71199192426002,280.3378204367562,13602.007954108445,100.77728972843883,402.4240033543755
MCL-Oscar,3,910.0,54.98930239002536,41.775414375805475,282.49385520402046,13572.82957568929,101.56988463285111,401.19686124008996
MCL-Oscar,3,920.0,53.81372867604819,41.67290978443312,282.5933933539172,13598.506084443345,101.5858729996906,414.233799043132
MCL-Oscar,3,930.0,52.95036041447158,42.57649679884648,278.85289741845276,13699.691156449688,101.68567823409501,412.26241724890923
MCL-Oscar,3,940.0,52.89557125801506,42.94969940152577,278.3093308905131,13499.24031423221,101.21974499164396,410.6244853019008
MCL-Oscar,3,950.0,51.77420241361209,43.04826294350156,283.3036357488324,13419.398630573427,101.31502790365447,402.5194888874453
MCL-Oscar,3,960.0,50.62434162130027,42.91020658317327,284.4587208646637,13590.26856283676,101.88557005396773,403.6124188936463
MCL-Oscar,3,970.0,49.86365757892577,43.65817553555376,283.57004539314624,13312.443699663208,103.3474973938311,407.72668553380026
MCL-Oscar,3,980.0,48.542512149848356,43.95790135212119,281.99857895752484,13452.712490228485,100.58528975403055,400.09864540153325
MCL-Oscar,3,990.0,47.651438697228684,44.365873588590915,284.8615225415186,13376.778580911423,102.17139420241902,417.9933309144711
MCL-Oscar,3,1000.0,46.894961029816415,44.006214393622244,277.80470546113236,13695.789538955732,103.07479745844802,399.80590542704886
MCL-Oscar,3,1010.0,45.565778610803434,44.38299830406758,284.72039644831347,13544.693009229482,100.67656901083268,397.2401823150224
MCL-Oscar,3,1020.0,45.38878042675564,44.39308248675779,282.67862599682127,13549.323390402555,103.380420926211,409.6155547403885
MCL-Oscar,3,1030.0,44.22355563487627,44.51206645218326,281.35516536403435,13335.952032408337,101.53201556089418,387.810509519502
MCL-Oscar,3,1040.0,42.996475546250096,45.04816982196761,279.7027361468446,13693.420743259101,101.32060151047142,401.9317958941263
MCL-Oscar,3,1050.0,42.175242915670836,45.23071837167858,283.1445365897106,13326.268155878633,103.48377342255591,413.2239561683099
MCL-Oscar,3,1060.0,41.33952322817311,45.582955084878876,278.54822648817685,13628.16651859039,102.0293230244016,410.2642932606788
MCL-Oscar,3,1070.0,39.87954901239966,46.03346492502066,281.3720205465312,13669.017721442277,100.88057018178536,395.00577094354156
MCL-Oscar,3,1080.0,38.704071571624475,46.25476312766091,282.9177855885197,13340.964235207026,101.24734465204503,399.24352411525825
MCL-Oscar,3,1090.0,37.61822136272727,45.975130144722016,275.906925055003,13624.635364800979,100.80387759177061,390.13672196534964
MCL-Oscar,3,1100.0,36.77208439452281,46.72252536763029,282.8469212673591,13605.575649663766,101.20355273942153,387.3455572595315
MCL-Oscar,3,1110.0,35.58529036711887,46.32685194905846,276.33028602860793,13423.297975947844,101.45445103143905,417.27464686926135
MCL-Oscar,3,1120.0,35.392464283807456,46.3955363414738,280.0803659333607,13441.891874539911,103.24040715854456,385.3165814064676
MCL-Oscar,3,1130.0,34.42204807558401,46.996724202740324,280.53627929742714,13603.021097355517,102.92576825164696,384.30745219982043
MCL-Oscar,3,1140.0,32.60897198566551,47.39450428691157,284.53608159036656,13586.961747231351,100.94998989111912,412.653253023198
MCL-Oscar,3,1150.0,31.65202756760842,47.81832402226513,277.7522661711015,13338.538434541959,102.70798982763871,392.48518203287927
MCL-Oscar,3,1160.0,30.79023031836749,47.54491014077992,284.7747625469759,13519.185881322952,102.4887133738644,408.9020697710553
MCL-Oscar,3,1170.0,29.98247046131744,47.72912989990642,282.5279836402989,13601.579671778378,101.76042510531082,411.38886493738914
MCL-Oscar,3,1180.0,28.993846149648906,47.55865664727497,277.63736398869275,13678.37658801717,101.38960871601577,401.3234998000422
MCL-Oscar,3,1190.0,28.185796392144937,47.86260991608507,281.31203388134657,13576.092640663595,102.52514626674446,414.2591671380342
MCL-Oscar,3,1200.0,26.958203397793103,47.82973970072164,112.93216995488777,10885.486006095507,100.88951397008549,875.2708383892402
MCL-Oscar,3,1200.0,26.958203397793103,47.82973970072164,112.93216995488777,10885.486006095507,100.88951397008549,875.2708383892402
MCL-Oscar,3,1210.0,25.84521487145342,48.642839612966064,116.48208385112741,10103.27239619751,101.55009114552298,848.5646510466025
MCL-Oscar,3,1220.0,24.263045572335642,47.96289785972775,122.77430890100601,10538.450044418145,100.6945742439774,831.8906536276825
MCL-Oscar,3,1230.0,23.20108320434361,48.12658386980261,114.11665081334877,10598.183785680661,102.84730737712286,873.9537699763855
MCL-Oscar,3,1240.0,22.233662388161672,48.29879930840183,125.14810182105715,10783.677106081162,101.69042738422219,890.0742786997969
MCL-Oscar,3,1250.0,21.255694993275814,49.04238768791196,114.33367735663636,10316.258284905205,103.00800512021665,835.482978660609
MCL-Oscar,3,1260.0,20.726302723189324,48.93617320331886,122.71380654703702,10418.141418501727,102.36421065913726,848.4888860620391
MCL-Oscar,3,1270.0,19.142109120960413,49.52676805877547,127.40839569463965,10153.575178251702,101.85230598384695,836.0517542337362
MCL-Oscar,3,1280.0,18.685440212737443,48.81158715575255,116.66337290104359,10777.362497818322,100.81707248952554,850.3887659827471
MCL-Oscar,3,1290.0,17.287503042568932,49.72226738291076,126.0425884280735,10294.910168646906,103.06494930387935,864.4109936546469
MCL-Oscar,3,1300.0,15.848401339283036,49.68930019006572,127.70835490342346,10699.186455530393,103.41660129374921,882.0128582156872
MCL-Oscar,3,1310.0,14.671067577136432,49.21778524188111,112.91101784112209,10765.96251415,999.0,817.3224876855426
MCL-Oscar,3,1320.0,14.498117572116051,49.834110847942654,123.37512803940758,10640.51125325437,101.02856403847224,881.6991288840829
MCL-Oscar,3,1330.0,13.117991288700342,49.40341282887448,120.29712419010508,10362.985413569842,999.0,822.4432281408516
MCL-Oscar,3,1340.0,12.276242238152467,49.30271563390096,118.35695805016346,10520.22539881273,102.94561959820224,870.2921759246132
MCL-Oscar,3,1350.0,11.281407597583089,49.74680659496395,121.97885296561272,10111.881936007274,103.36517178848013,877.8881044451231
MCL-Oscar,3,1360.0,9.276633591376541,49.38783085544971,117.71560977334838,10148.61229587927,103.2685791003213,800.3231730298758
MCL-Oscar,3,1370.0,8.334831139721912,49.51912636012823,116.54874110309026,10521.217915840854,103.17224234441787,876.7836202016949
MCL-Oscar,3,1380.0,8.020785892546385,50.21177337059986,120.59230882741305,10444.013341343309,100.53856359312674,853.6145604249854
MCL-Oscar,3,1390.0,6.554276561155838,49.650285495668385,118.73736236737814,10496.666037167377,102.13688987859598,822.3060358181992
MCL-Oscar,3,1400.0,5.692774561346104,49.47329983826659,113.97975162317441,10892.292780191754,103.25742536059569,864.730115318331
MCL-Oscar,3,1410.0,4.751523263509757,49.61890404076279,112.75504771350126,10101.305180927759,103.26905889566291,837.1737590142036
MCL-Oscar,3,1420.0,3.040192097821748,50.36325455705277,123.30191652804209,10396.179325600202,101.13645609704021,829.6184346903387
MCL-Oscar,3,1430.0,2.3730995067492513,49.8471769213563,123.70299213853463,10179.424235478798,101.50911991659949,840.8260357242384
MCL-Oscar,3,1440.0,1.0965500184301606,50.35701123449848,121.49037133183487,10283.663814683796,102.43030700867477,860.7188674226823
MCL-Oscar,3,1450.0,-0.33783845997253337,49.533529634431794,118.89540186420142,10406.464689716611,100.65852239835364,819.69081532892
MCL-Oscar,3,1460.0,-1.081088863043274,50.25688196687665,118.28815730628435,10209.408171141047,101.55166760012048,881.4540929641721
MCL-Oscar,3,1470.0,-1.978748976787006,49.93993334395943,114.73305202184105,10362.223404976423,102.82279568892535,855.4988261615072
MCL-Oscar,3,1480.0,-3.485802395440154,50.008985584187144,119.98865128785202,10313.466036368942,102.9858478756464,857.2958904757895
MCL-Oscar,3,1490.0,-4.443251834140116,49.766153982990545,123.56462329305563,10727.06440715793,100.62761866019433,864.1131034489435
MCL-Oscar,3,1500.0,-5.453556474118267,49.718010050341825,118.69461403436851,10780.282705829935,999.0,839.7892926125561
MCL-Oscar,3,1510.0,-6.117991288565468,49.590549846516936,122.86874432118483,10237.698365890628,103.35302290436489,831.485452768131
MCL-Oscar,3,1520.0,-7.6640405494554,50.13426949274727,122.25872972516268,10321.196942155346,103.3265777762276,821.9253130111296
MCL-Oscar,3,1530.0,-9.119176870951252,49.353710573418354,122.91814272225689,10663.788701933065,101.15857017446237,818.425573132971
MCL-Oscar,3,1540.0,-9.504178739331843,49.988507393121644,116.31708481588413,10411.74640140126,102.29431483136872,824.2292585074368
MCL-Oscar,3,1550.0,-10.547874687645365,49.313485306342955,123.08194862594951,10827.398027577896,101.13867420068348,808.7413463673694
MCL-Oscar,3,1560.0,-11.664078948291653,50.05076565291093,118.64181036234979,10605.048565667068,100.55228082328149,841.7065802595599
MCL-Oscar,3,1560.0,-11.664078948291653,50.05076565291093,118.64181036234979,10605.048565667068,100.55228082328149,841.7065802595599
MCL-Oscar,3,1570.0,-12.802741190280269,49.3347458187169,115.06503703360276,10443.749264463106,103.40567257660915,848.5815132017588
MCL-Oscar,3,1580.0,-14.027196430578766,49.36601208023034,121.0602003117521,10290.586476982282,100.91567080566337,844.573846722821
MCL-Oscar,3,1590.0,-15.397807567125069,49.1504846781979,124.79040076094755,10671.411025560403,102.7939829783382,815.4151062999978
MCL-Oscar,3,1600.0,-16.00112581264217,49.02176174887433,125.19508424315906,10894.680115899017,102.39688825936192,856.9259880795777
MCL-Oscar,3,1610.0,-17.234121386183865,49.56025409660138,121.83207230081015,10835.547628147464,102.37669064788598,842.9003928841079
MCL-Oscar,3,1620.0,-18.050929152269546,48.79484854986509,116.78248317414679,10184.203703893705,103.48427528895122,806.0014541846168
MCL-Oscar,3,1630.0,-19.281289367053528,48.654767874905794,117.35888183428196,10584.584078051686,101.58438462335661,885.6085063843228
MCL-Oscar,3,1640.0,-20.736722251770754,48.475508852885184,115.76384855089955,10705.261933802587,101.36411027960872,811.3368456687691
MCL-Oscar,3,1650.0,-21.429416767249357,48.88504092219465,113.51999272452798,10857.437371517546,103.11922769257946,894.5234957881831
MCL-Oscar,3,1660.0,-22.67328644069548,48.53927035164111,114.92022526050562,10542.827611801365,103.37867732547579,858.3952169317785
MCL-Oscar,3,1670.0,-23.838553303929444,48.85496795585429,127.54894186097408,10181.451355635923,101.45172408561726,866.6417356504273
MCL-Oscar,3,1680.0,-24.236334428857546,48.79925619406535,118.68680247279704,10764.307981848377,999.0,876.2134902111242
MCL-Oscar,3,1690.0,-25.345671712419655,48.557962569956004,122.00924143301513,10668.326618431034,102.64985949912318,884.260354562677
MCL-Oscar,3,1700.0,-27.182601236443347,48.46048818101849,121.83721667810559,10444.435818131751,101.7313473156635,847.596787656332
MCL-Oscar,3,1710.0,-28.16026247410144,47.7903366575252,121.0702622626231,10341.963789682377,102.4581192020642,893.2127491732889
MCL-Oscar,3,1720.0,-28.64902609486376,48.06082841807037,117.68342070963989,10135.656551520548,101.95767141349542,803.6614919585104
MCL-Oscar,3,1730.0,-29.49168309300038,47.97969146632516,118.005981025107,10156.089384116036,101.31745851170703,864.3588297282855
MCL-Oscar,3,1740.0,-31.0212247666398,47.532765947087306,116.218114286531,10713.081370672964,101.84922256946291,875.9201896593198
MCL-Oscar,3,1750.0,-32.21520481246273,47.08945915677708,124.33835552457862,10636.213419976646,102.02310384104632,870.8076435705972
MCL-Oscar,3,1760.0,-32.80009370065376,47.11382517321564,118.72158895211123,10604.965163000246,102.90058434393845,830.3366287651538
MCL-Oscar,3,1770.0,-33.5677926085499,47.37992736985008,114.97672006381444,10715.214008083369,101.31691131249067,887.8116335392118
MCL-Oscar,3,1780.0,-34.69063002481294,46.84852113421146,120.07847235711665,10586.5001869751,101.19132134139043,867.8073131866716
MCL-Oscar,3,1790.0,-35.869729095112945,46.407611949179476,117.44300542435788,10465.07177652613,101.15349680698533,827.8018485246362
MCL-Oscar,3,1800.0,-36.85436262561585,46.72159881952594,280.6808854028371,13431.256010993226,103.14008946133043,381.0426681262576
MCL-Oscar,3,1810.0,-37.6298890900547,46.67132649035846,275.2316592047979,13662.942972012237,102.18490690841259,385.79211541076353
MCL-Oscar,3,1820.0,-39.44960302966924,45.6448541162648,276.2358234135931,13310.58290219893,100.64911879259787,405.1710889934688
MCL-Oscar,3,1830.0,-39.92950673804201,46.0765006995361,284.2036792566551,13627.944615338934,102.70067655435534,413.46153106135716
MCL-Oscar,3,1840.0,-40.6175273842761,45.205194285062014,277.419308643751,13555.751963911081,100.8154157568755,412.2578257156893
MCL-Oscar,3,1850.0,-41.9192350250474,45.45787940552692,278.800215525962,13479.613632172846,103.18155270308696,417.17422259088505
MCL-Oscar,3,1860.0,-42.50757876670186,45.21546393415693,275.7014514168835,13576.935795115302,101.42914581678399,409.2554625395493
MCL-Oscar,3,1870.0,-43.84451812856138,44.633006085278566,281.15918354409297,13306.41759958622,102.64395762893446,396.6485183549427
MCL-Oscar,3,1880.0,-44.88002914309239,44.82195302421447,276.1261732693418,13442.90156894315,102.63143610268372,414.45953044494615
MCL-Oscar,3,1890.0,-45.75205609241003,44.0573572639295,284.2107375759653,13409.874013526414,102.41428199254185,393.54421497705465
MCL-Oscar,3,1900.0,-46.51698983709891,44.531206026318706,282.96581685683805,13494.452482356899,101.3110980750913,413.49570274859946
MCL-Oscar,3,1910.0,-47.432351677522874,43.58189969387094,281.6681996131071,13344.11329491349,102.29368827009878,418.8438606513418
MCL-Oscar,3,1920.0,-48.89742581578827,43.404084107957665,279.74131531888804,13646.99061889923,103.27650929938869,394.3785176591071
MCL-Oscar,3,1930.0,-49.40621856381606,43.67008220283302,279.8636511875199,13410.295236098487,100.51874515531492,382.45644482279874
MCL-Oscar,3,1940.0,-50.610406331553904,43.10624978505314,276.83869578256656,13580.289816441164,101.94672298759528,392.21859463513033
MCL-Oscar,3,1950.0,-51.38863666171628,42.7508075067811,283.7888301745488,13506.078549538392,103.49757093795004,402.78900340913856
MCL-Oscar,3,1960.0,-52.297268069083266,42.528944946954724,282.4781888330939,13322.311526152167,100.60944547458331,389.98871903262426
MCL-Oscar,3,1970.0,-53.48666071429657,42.29951093416785,277.00289545021275,13659.533221013642,100.56505249463899,410.01119764633796
MCL-Oscar,3,1980.0,-54.577330684549835,41.61699442416724,280.40476140631455,13304.090187254997,102.07956321538975,406.2520935466659
MCL-Oscar,3,1990.0,-55.54617188038983,42.01658545280999,279.36521542586917,13386.727058268994,103.40081178656618,392.51164716963035
MCL-Oscar,3,2000.0,-56.553930616262534,41.255323511399624,280.05727707895124,13487.007507211498,101.02751820090477,418.1996248877594
MCL-Oscar,3,2010.0,-56.77351352106887,41.05751838449347,284.9594421284257,13307.16369671316,103.09252606965372,405.1824506578085
MCL-Oscar,3,2020.0,-57.76460695385741,40.40085790376302,282.39825952687596,13363.543531588208,102.4180068526808,418.74690547760986
MCL-Oscar,3,2030.0,-59.07839689960524,40.83258681873718,281.9639113674272,13514.928474724227,102.26944984214288,419.57546216496894
MCL-Oscar,3,2040.0,-59.589762616993205,39.74996678996156,278.74599718996103,13328.062398242144,100.84764088936147,385.1554908355345
MCL-Oscar,3,2050.0,-60.73426910605423,39.80694398251337,278.7865028162884,13313.197967201262,102.43000653177454,398.7849890734431
MCL-Oscar,3,2060.0,-60.99741857947806,39.88910009371958,284.271859862734,13439.6713098318,102.54221064301652,418.49914110012986
MCL-Oscar,3,2070.0,-62.49797960199978,38.719605463649685,279.8849873044944,13329.169232182818,103.39466761946652,417.27824989716294
MCL-Oscar,3,2080.0,-63.265621881184806,38.865100573612146,284.9516529739408,13486.455383613822,103.24501060712625,405.11824529208894
MCL-Oscar,3,2080.0,-63.265621881184806,38.865100573612146,284.9516529739408,13486.455383613822,103.24501060712625,405.11824529208894
MCL-Oscar,3,2090.0,-63.92147231445485,38.323972050849726,278.5684899293201,13354.366203734855,100.61780764144896,406.65716489047173
MCL-Oscar,3,2100.0,-65.1730527323011,38.52195514623944,281.9453670213464,13484.481146451473,102.72942568375004,395.5254004222429
MCL-Oscar,3,2110.0,-65.77237754048251,37.6291981742033,276.34165025693284,13470.459100702225,100.51638757959942,419.2343339620574
MCL-Oscar,3,2120.0,-66.68917695276075,37.52862943478954,280.2183749339669,13634.401412328965,100.77061338219698,413.4610520237999
MCL-Oscar,3,2130.0,-66.84967672354499,36.63212813731037,283.3923676152507,13586.407880256522,101.50262540605624,386.96747847141955
MCL-Oscar,3,2140.0,-67.71159381258306,36.54704473838491,279.715982365725,13627.781142963488,101.56241133518232,383.1439094548231
MCL-Oscar,3,2150.0,-68.91852904618722,36.53417112438185,276.2798146582313,13649.674569077717,102.83426740441391,384.2451890132035
MCL-Oscar,3,2160.0,-69.30940482479694,35.88319464958104,277.8251695160547,13692.741357344405,103.1337565916577,382.28479590720303
MCL-Oscar,3,2170.0,-69.84789455389473,35.06388854379952,276.53810609263303,13587.57156436509,103.45360407021306,399.35263680817144
MCL-Oscar,3,2180.0,-71.51480188084949,34.94334958781681,278.2365378753545,13432.574878652355,102.3974750900383,419.5817426103689
MCL-Oscar,3,2190.0,-71.6950333241229,35.04837339672941,276.9418817327539,13506.589906803336,101.62777550488407,408.24518045970194
MCL-Oscar,3,2200.0,-73.08250300624275,34.16827718139196,283.5723813432112,13481.18254982543,101.97270326452794,409.2926905449001
MCL-Oscar,3,2210.0,-73.1287156831556,34.28956052085459,279.75318155619794,13685.501319742089,101.59130161192098,392.61921823141245
MCL-Oscar,3,2220.0,-74.1761947096842,33.662857846587436,278.2635363571794,13319.129982886101,102.2949814860339,410.16455547072246
MCL-Oscar,3,2230.0,-75.28264627572632,33.65400754409585,279.84891118720986,13520.150374989691,101.0995720583372,391.7254827530731
MCL-Oscar,3,2240.0,-75.55401097757459,32.389552287083006,284.9003140635726,13595.699448424934,101.37457261378532,410.65086979476126
MCL-Oscar,3,2250.0,-75.85974272172939,32.18164498718339,276.6824191679866,13478.794624570106,102.49298213506034,389.86310410794715
MCL-Oscar,3,2250.0,-75.85974272172939,32.18164498718339,276.6824191679866,13478.794624570106,102.49298213506034,389.86310410794715
MCL-Oscar,3,2260.0,-76.47939690011573,31.476066825199883,278.815716862181,13608.678540436913,100.84920038308074,399.19221987844605
MCL-Oscar,3,2270.0,-77.21384354842326,31.392862178464966,276.5019707959402,13370.516852054696,103.47853130938962,399.84637052053034
MCL-Oscar,3,2280.0,-78.61312492192947,31.058344971840512,284.0949320621304,13687.481898214306,102.54363577677988,396.3095605294369
MCL-Oscar,3,2290.0,-79.19040653438132,30.61880247513183,283.8952791965568,13482.56483472879,102.91847553920309,386.4355568319138
MCL-Oscar,3,2300.0,-79.30143663868834,30.32889821323432,281.34608443191985,13479.793490053005,102.05375211525097,384.5717899756819
MCL-Oscar,3,2310.0,-80.74159307250936,29.585692924602835,277.751530895717,13322.099712959372,103.15155136231182,412.40625731398114
MCL-Oscar,3,2320.0,-80.45187163766161,29.803800372335097,281.63081066534676,13570.073980410649,100.84920097731036,417.7609380855031
MCL-Oscar,3,2330.0,-81.1132300515311,28.82229243857264,279.3010035144564,13407.174953118263,103.05732602799847,381.0545862208504
MCL-Oscar,3,2340.0,-82.1004023150464,28.57512778687235,275.51903335573616,13659.24183674728,102.3841544091526,400.634556756858
MCL-Oscar,3,2350.0,-82.89018793172396,27.622085828762263,280.3149011405854,13492.4079494731,101.07650377127544,392.9010583201493
MCL-Oscar,3,2360.0,-83.50245321621344,27.833982637886628,277.36646677463114,13367.78907592508,101.79348590411124,406.28347030369247
MCL-Oscar,3,2370.0,-84.04069810230588,27.21815270542826,280.4569102630973,13485.338496564087,101.31103110803792,391.107697477976
MCL-Oscar,3,2380.0,-84.06763432023983,26.287654098418923,277.441696387719,13473.16879603239,102.11939842557338,404.3295698775747
MCL-Oscar,3,2390.0,-85.04831594985251,25.984179157123425,279.6443742490669,13595.149737325377,101.72920212627834,405.39229150934733
MCL-Oscar,3,2400.0,-85.41325484543353,25.69646798748602,284.48361743754083,13639.701837126318,101.51712360101001,414.0173575472115
MCL-Oscar,3,2410.0,-86.63767802704075,25.334344838868244,276.41632779800705,13551.142665625184,100.51404303759038,381.9288436939118
MCL-Oscar,3,2420.0,-86.8592418893953,24.948536571096763,283.2028342005547,13353.92132461171,102.62152488649554,383.12308303288563
MCL-Oscar,3,2430.0,-87.25472280373903,24.300371865423013,282.77669926112907,13555.03488490365,101.01840480591765,402.6518000926105
MCL-Oscar,3,2440.0,-88.23048489809022,23.626134379082423,275.54921161329196,13631.740628245745,103.25723685279607,412.38189190963635
MCL-Oscar,3,2450.0,-88.32970017157035,23.079622663790094,281.3618246320416,13433.66559003639,102.5830309623284,413.65896408078544
MCL-Oscar,3,2460.0,-88.51099828274513,22.50155643788904,278.6865310425073,13538.276758725739,101.05935907917963,381.7217577644854
MCL-Oscar,3,2470.0,-89.06995746502564,22.385018130879757,275.0979339742781,13651.058309862463,103.10667178056242,391.81840482080025
MCL-Oscar,3,2480.0,-89.53033773643858,21.752605214026463,281.7427238920253,13610.237300951858,100.7801602343877,408.1472165745471
MCL-Oscar,3,2490.0,-90.149048868985,21.01766467008983,281.09953827530467,13546.631263260238,103.10446766516378,417.4114541295809
MCL-Oscar,3,2490.0,-90.149048868985,21.01766467008983,281.09953827530467,13546.631263260238,103.10446766516378,417.4114541295809
MCL-Oscar,3,2500.0,-91.20662002246895,21.04620029442159,281.4549699135469,13450.561052162127,101.26411689363219,405.91334109946075
MCL-Oscar,3,2510.0,-91.63550198833185,20.199986864550254,276.9281533663938,13687.543842680867,103.40591194623411,418.0877969002049
MCL-Oscar,3,2520.0,-91.51241601927218,19.949235128646645,283.28873774911904,13595.670827515054,103.04996259412077,382.4446561031042
MCL-Oscar,3,2530.0,-92.12112593979276,19.945959971145687,283.03124709059983,13354.397559427927,103.47125325372727,387.6371018830127
MCL-Oscar,3,2540.0,-92.50922794740622,18.669921945634865,276.9876838424589,13517.07395512877,102.9048951987609,406.9605795655004
MCL-Oscar,3,2550.0,-92.93967850453103,18.58630264889582,282.45130163680886,13314.823447645065,101.3151722615941,397.70931384150725
MCL-Oscar,3,2560.0,-93.29222476543941,17.5821096843039,282.9982563910186,13433.766060190124,101.14488127145621,381.31010206245406
MCL-Oscar,3,2570.0,-93.92637033440312,17.487347554590162,282.57716432619446,13628.193264223677,102.48231307051466,399.0996903635098
MCL-Oscar,3,2580.0,-93.79611890688149,16.906560875149033,277.8098772636792,13544.527878881514,101.70414177237181,418.7386405180989
MCL-Oscar,3,2590.0,-94.06043335427012,16.401619552737966,276.2289155233975,13504.33232210311,102.45050503879187,406.3590166501557
MCL-Oscar,3,2600.0,-94.66850860273534,15.958075921634935,280.8744935141649,13505.221406062628,102.37124146449177,411.46698230983026
MCL-Oscar,3,2610.0,-95.28326056743317,15.106474956467583,281.77912233244257,13544.92356781954,101.37835197056951,417.7711573012901
MCL-Oscar,3,2620.0,-95.76437578266211,15.369209247602711,283.3781650071527,13663.569339189382,101.31200196139481,399.34997547887366
MCL-Oscar,3,2630.0,-95.52876674677121,14.73363688912654,280.6736479771355,13617.960249271571,102.17116003262377,415.0763967084606
MCL-Oscar,3,2640.0,-96.34327662450352,13.861845506222338,280.76877347703834,13505.397209083629,100.82797112987572,414.0819510144212
MCL-Oscar,3,2650.0,-95.92976410843966,13.155827822830217,283.4217716520093,13312.074693925848,102.16899376065075,415.4460626178158
MCL-Oscar,3,2660.0,-96.59659697126447,13.219175686839057,283.08652772419475,13321.405244105748,101.03167156419443,402.638715484664
MCL-Oscar,3,2670.0,-97.02066116347262,11.946860200835872,284.6641238874496,13444.869567042108,101.28626500723858,414.0646014776138
MCL-Oscar,3,2680.0,-96.75505312530811,12.068191032459392,284.46684589786656,13594.218514907121,102.57823790683737,408.1443391715736
MCL-Oscar,3,2680.0,-96.75505312530811,12.068191032459392,284.46684589786656,13594.218514907121,102.57823790683737,408.1443391715736
MCL-Oscar,3,2690.0,-97.49710947684919,11.343754669922234,278.14044519269254,13409.3390807553,101.55115942365951,399.91913477587326
MCL-Oscar,3,2700.0,-98.08782534737448,10.850305220462838,282.29330469512644,13441.534806310461,101.17058875174091,408.2097857891296
MCL-Oscar,3,2710.0,-97.77858270246132,10.326484248215758,283.76240502089087,13318.723051769684,101.24213337473115,415.74148840379894
MCL-Oscar,3,2720.0,-97.88640172797436,9.657915847713484,282.9381321953804,13450.534201400316,102.83331242673869,412.9610283304769
MCL-Oscar,3,2730.0,-98.60642534867489,8.682404931255993,283.0276835043641,13418.607723936402,102.49218142266156,409.69768225035915
MCL-Oscar,3,2740.0,-98.22575572387579,9.054644338367956,275.35574005283775,13589.382042273839,102.82512758613989,407.42148864468464
MCL-Oscar,3,2750.0,-98.60401603017489,8.582890237369663,276.47386894614016,13533.932088472868,101.91067833549292,415.56931260469224
MCL-Oscar,3,2760.0,-98.52162990493093,7.495266962481855,284.3660134119174,13453.591665105127,102.75252691649943,397.6786413665458
MCL-Oscar,3,2770.0,-99.21015605445233,7.181466579755134,284.0126139688615,13532.166713210905,102.20928648214822,386.95038226449157
MCL-Oscar,3,2780.0,-98.84737256080234,6.643284686527233,275.7666036104643,13303.739945174608,102.22043031272233,414.42029344317586
MCL-Oscar,3,2790.0,-99.28237012909081,6.14203241196674,278.4168339456853,13422.713537909673,103.01911287173036,402.20529707636683
MCL-Oscar,3,2800.0,-99.75707318061103,5.690685061655944,283.98263609814484,13360.141572393282,101.9319622879861,397.3126433332691
MCL-Oscar,3,2810.0,-99.10608576057483,4.682482561214142,284.3714373057392,13392.750951966647,103.16519307397552,387.3565422011468
MCL-Oscar,3,2820.0,-99.86453882773228,4.659720319445641,283.74298684421893,13401.408378347836,102.3185183745956,419.8101595333957
MCL-Oscar,3,2830.0,-99.9937266059516,4.2232483730832735,276.315996494551,13527.772097462464,101.56248887828794,414.03353523497987
MCL-Oscar,3,2840.0,-99.6127897475494,2.854295866297,284.5829304897096,13691.847013170667,100.84839130392056,394.82317794224537
MCL-Oscar,3,2850.0,-100.18276615800013,2.97964268911093,282.4246089943516,13524.321903054477,102.8395567544164,397.35725658866005
MCL-Oscar,3,2860.0,-100.04817298826391,1.9018092857302813,281.8151289377895,13372.637102480492,100.70017385765394,392.7497058232614
MCL-Oscar,3,2870.0,-99.61492843144967,1.815470936712566,281.66990560486187,13609.197891140038,101.411266078181,395.8902721371024
MCL-Oscar,3,2880.0,-100.31785614686709,1.2266764336725977,284.4112567703226,13358.544823395454,103.34342550762933,416.2763445795395
MCL-Oscar,3,2890.0,-99.811505236608,0.2895178118168912,275.3720542769308,13363.107173639277,101.90330031288224,397.1608435588984
MCL-Oscar,3,2900.0,-99.93610688648744,-0.07805007836403897,283.0831581258955,13624.688095871106,102.2437255464456,412.5146643115622
MCL-Oscar,3,2910.0,-99.57945124687403,-0.2023832742896695,282.28169647661133,13558.52011967117,101.25276568430458,399.3529530667064
MCL-Oscar,3,2920.0,-100.34470491526191,-1.441892517363956,283.4965498212695,13494.366104749455,102.78036629229224,412.14523961279644
MCL-Oscar,3,2930.0,-99.99904330274765,-1.5186492392096456,275.1179571719442,13432.173996352738,101.94331579782332,397.8910781110112
MCL-Oscar,3,2940.0,-100.19542173441344,-1.6815518546490595,283.97594168833984,13667.1667620411,103.38403468080135,394.6100767465221
MCL-Oscar,3,2950.0,-99.3902593977894,-2.5059255303899053,281.5697898653914,13306.92752812143,103.3477843745121,397.08486545520685
MCL-Oscar,3,2960.0,-99.77333438709502,-3.5238828511267073,279.4566877005176,13329.902373764664,103.41255151506863,393.8260672066022
MCL-Oscar,3,2970.0,-100.14351916497755,-3.8343352757334777,277.19191499475914,13487.704722240058,102.06159207433174,415.45678132758223
MCL-Oscar,3,2980.0,-99.74949136567841,-4.759761839666217,281.4279650226989,13427.986647685453,101.11552523686576,410.8971455527659
MCL-Oscar,3,2990.0,-99.37951064397974,-5.16166087199981,280.520311548524,13432.345759821876,102.72762009453555,407.8343155132318
MCL-Oscar,3,3000.0,-99.116296815705,-5.861885099359478,123.80250403485817,10723.495703787148,100.67759824594673,857.5415423553497
MCL-Oscar,3,3010.0,-99.28966326108385,-5.893929573711416,113.70591020712851,10372.712085573816,101.38345152419541,852.9702843286619
MCL-Oscar,3,3020.0,-98.82895360245402,-6.551430068365142,122.23183380608933,10258.761051084135,999.0,880.3028670270337
MCL-Oscar,3,3030.0,-99.00643960692321,-6.791705098389573,114.72844732612447,10273.678872463244,102.83814964934709,828.467693210466
MCL-Oscar,3,3040.0,-98.8784277517829,-7.725275586566423,117.07118177445801,10520.17059805382,103.1363123974915,830.0504100770942
MCL-Oscar,3,3050.0,-98.51468137661533,-8.395428786545477,125.11674003038047,10447.49696277519,103.32363221415311,884.8070622168972
MCL-Oscar,3,3050.0,-98.51468137661533,-8.395428786545477,125.11674003038047,10447.49696277519,103.32363221415311,884.8070622168972
MCL-Oscar,3,3060.0,-98.86985841595376,-8.208349751999496,118.67638168480178,10100.922966820006,100.68180589594603,846.741246790829
MCL-Oscar,3,3070.0,-98.52012824994114,-9.46223462362433,116.5977683702667,10238.39129399819,102.84081825709335,869.1346888506355
MCL-Oscar,3,3080.0,-97.7395376141627,-9.95404404761068,114.60723681963658,10332.33307291483,103.25654058705264,852.0375828899392
MCL-Oscar,3,3090.0,-98.13243658281586,-9.83518309318167,124.03298683275209,10437.289873540467,102.05698852109256,885.8645265804557
MCL-Oscar,3,3100.0,-98.02199317256441,-10.967324405607407,115.48044949194889,10521.471772269317,101.9914472720056,888.3026691503487
MCL-Oscar,3,3110.0,-96.99350474820973,-11.524445468749464,126.70045866748805,10709.77845229645,102.51598605162837,805.0349310133968
MCL-Oscar,3,3120.0,-97.48821208441983,-12.270573778529105,121.41559326241996,10809.931913931778,100.84860515838744,853.2528922479222
MCL-Oscar,3,3130.0,-97.3187103174281,-12.642227995344424,117.56362968907689,10684.34294570896,103.04432496729957,864.3040429219429
MCL-Oscar,3,3140.0,-96.4340274509923,-12.839248438768731,123.84608034448934,10235.76205263947,103.41407619827486,859.2304639258904
MCL-Oscar,3,3150.0,-96.55465289004616,-13.491712094273005,122.69021194286233,10583.342375327087,103.29070064341109,867.4925313130526
MCL-Oscar,3,3160.0,-95.74732984870114,-13.759452350274026,119.61086337853182,10559.02413183494,103.25346557291694,875.5187231499636
MCL-Oscar,3,3170.0,-96.04757551625133,-14.291576350388553,115.2901578186831,10568.389953511863,101.73247636122323,864.1994281578839
MCL-Oscar,3,3180.0,-95.10960030591973,-14.441456579075359,123.3868510287754,10656.40741228667,999.0,889.5437600649743
MCL-Oscar,3,3190.0,-95.00341627118621,-15.278714010229002,121.43041055823687,10866.63168667952,101.53543739101633,824.9522416538116
MCL-Oscar,3,3200.0,-95.17275219596829,-16.238340068241577,121.61936452965134,10374.421518682893,103.28631576776604,817.4411070430065
MCL-Oscar,3,3210.0,-94.85885706922997,-16.874338309513234,121.67511733781816,10639.442274491414,103.49720614998216,871.6932289295333
MCL-Oscar,3,3220.0,-93.81016516339965,-17.266618208269925,120.35997667266128,10190.580116501695,102.75986053699127,870.8587978291182
MCL-Oscar,3,3230.0,-93.39354498117324,-17.277846658772766,124.29122614290605,10850.596605548339,101.59114475125712,822.7927996561451
MCL-Oscar,3,3240.0,-93.73277356711574,-18.142533834272687,117.22763799484034,10737.817742537034,103.12415736915321,864.414822928233
MCL-Oscar,3,3250.0,-93.13332993541015,-18.069796077723414,125.38880885968764,10469.118923645156,103.02233711644179,810.4799489127191
MCL-Oscar,3,3260.0,-92.94336102734034,-19.285638816375425,123.60723575083831,10233.785305067044,100.7743206558287,822.298715962648
MCL-Oscar,3,3270.0,-92.44768858581871,-19.22364750577086,115.09077314581076,10516.81723088153,102.48670367698953,852.3405658258572
MCL-Oscar,3,3280.0,-91.88639831223252,-20.464239736181725,122.3413177289446,10862.49952360184,101.6598996514623,881.8034654828243
MCL-Oscar,3,3290.0,-91.33142536399394,-20.14113227492974,117.97717109706615,10696.216510390013,101.60309842829997,837.9045873383255
MCL-Oscar,3,3300.0,-91.21033357562511,-21.123366294735394,124.50869377147649,10397.731708060785,102.66020381754856,890.762842048346
MCL-Oscar,3,3300.0,-91.21033357562511,-21.123366294735394,124.50869377147649,10397.731708060785,102.66020381754856,890.762842048346
MCL-Oscar,3,3310.0,-90.58963153043483,-21.973603111406913,123.55969744567061,10792.415571308753,101.72432477567801,856.0537613083899
MCL-Oscar,3,3320.0,-90.22301078195957,-22.35689162365055,114.64323786968751,10730.819690500673,101.50383484581552,862.9988701467066
MCL-Oscar,3,3330.0,-89.65954190852223,-22.565907514326227,126.19232757106599,10488.447064522152,100.5142987991617,895.713134481664
MCL-Oscar,3,3340.0,-88.75619874240425,-23.158332955981084,113.88037644208296,10881.412427955598,100.62708994790248,845.2194619958344
MCL-Oscar,3,3350.0,-88.84805546550318,-23.370848478697585,127.99712460909726,10627.95383811961,101.44826936424467,864.0794719221693
MCL-Oscar,3,3360.0,-87.60544824435368,-24.147546049096864,116.11291142685893,10494.083336453437,101.01404986426198,807.739870604592
MCL-Oscar,3,3370.0,-86.90390020816133,-24.758064416114628,118.16199324540086,10413.16762822245,102.82281667629724,858.7826522395046
MCL-Oscar,3,3380.0,-86.55623721666073,-24.859661464528834,112.82722245541625,10463.505861409747,100.8796175131266,894.675018101531
MCL-Oscar,3,3390.0,-86.19049787914099,-25.292811818628138,117.09085768607919,10234.305848991284,102.9304325851994,893.2528203002848
MCL-Oscar,3,3400.0,-85.30320972824492,-25.359632942993773,126.20467211939715,10704.706541126385,999.0,857.1836165034872
MCL-Oscar,3,3410.0,-84.66794895008408,-25.88882752895594,120.24059854980621,10618.87025963512,100.90331635268107,821.686251954532
MCL-Oscar,3,3420.0,-84.63451157573827,-27.187679292640297,120.14186709188759,10585.081664490057,101.26407062095514,834.6444382213307
MCL-Oscar,3,3430.0,-84.14149532779966,-26.74290744109455,113.50800837672247,10863.679406844149,102.92874104339968,898.8068455126894
MCL-Oscar,3,3440.0,-82.90537424317456,-27.924002033689828,125.56713944649069,10236.72814262089,103.41283841869202,849.3412823586061
MCL-Oscar,3,3450.0,-82.55203955525654,-27.707471466219854,114.11536493637851,10824.103497350334,101.878222231942,885.8491627420035
MCL-Oscar,3,3460.0,-82.45504122654499,-28.485466645831742,115.25668817098662,10855.300549747486,102.27938832712893,806.0293225525872
MCL-Oscar,3,3470.0,-81.25166510447674,-28.764398975292718,113.30614878564869,10783.34435758618,100.7304554248748,891.6888745022575
MCL-Oscar,3,3480.0,-81.23258560749673,-29.12435125843596,126.51526745111566,10512.759234921372,102.15831528606867,806.5781796570768
MCL-Oscar,3,3490.0,-80.54468543358021,-29.95434809774657,118.05645039415222,10299.740629503287,100.5602132000326,811.2138134338946
MCL-Oscar,3,3500.0,-79.22499836244685,-30.659465366234798,120.74658936031436,10378.431254194698,101.8201635900285,831.0470284076558
MCL-Oscar,3,3510.0,-78.62667560078467,-30.881383023196957,113.30071380966736,10892.009444760852,103.45367641804052,831.2721307538451
MCL-Oscar,3,3520.0,-78.32732341954167,-30.71749727486908,117.89040088618844,10596.344911444796,100.8041935322721,840.7871270544327
MCL-Oscar,3,3530.0,-78.02776439471204,-31.243717785079806,117.27857138446348,10131.094152438456,100.99055939803324,837.7986313406589
MCL-Oscar,3,3540.0,-77.06539901507995,-31.73351059290882,120.12217651089784,10512.909679631897,103.33681403854185,836.0824571580805
MCL-Oscar,3,3550.0,-76.38690109049219,-32.85309667528831,121.31707222043494,10720.465849359418,101.71158188157735,858.9478991107615
MCL-Oscar,3,3560.0,-75.29822581522953,-33.25531609134033,116.35383180095388,10251.86181344266,100.54355560857957,836.1369050483163
MCL-Oscar,3,3560.0,-75.29822581522953,-33.25531609134033,116.35383180095388,10251.86181344266,100.54355560857957,836.1369050483163
MCL-Oscar,3,3570.0,-74.74767803702326,-32.882494760113154,112.88891351048662,10689.401210401586,100.52017955994073,879.5030729986396
MCL-Oscar,3,3580.0,-74.24038656010366,-33.346350269565946,123.86468765314544,10428.231906684927,100.86892972012674,838.1213401895575
MCL-Oscar,3,3590.0,-73.55596367032517,-34.05333277844835,115.33123772735053,10442.314947480101,101.58345022694465,812.9547297663033
MCL-Oscar,3,3600.0,-72.85104389734923,-34.10912303593214,278.59610294288376,13578.366453828403,101.02764592907039,419.81768147647045
MCL-Oscar,3,3610.0,-71.60216141900322,-35.137804368066924,277.12274550486416,13370.731908679638,103.39959036203233,392.5412390235533
MCL-Oscar,3,3620.0,-71.13144821964408,-35.57985814627492,280.2145569924029,13397.975565043036,102.35450810653698,416.78717286037215
MCL-Oscar,3,3630.0,-70.10339528155458,-36.023107923365394,276.5999303320847,13581.379832804301,102.64864347506062,384.8367277579856
MCL-Oscar,3,3640.0,-69.11249281521678,-35.479590152993126,278.0387928681395,13577.748375281895,101.76560694014721,418.5250141305503
MCL-Oscar,3,3650.0,-69.05298450766949,-36.616826146673894,276.62486007418204,13452.350862637948,102.3792885240227,413.2796020936888
MCL-Oscar,3,3660.0,-67.78557256119556,-36.372823957337374,278.95717011077244,13643.998212485294,102.31987922134648,389.7547088393854
MCL-Oscar,3,3670.0,-67.58405061252246,-36.63629096697636,279.0807711376327,13505.115753046566,102.4116852926659,397.9088083312083
MCL-Oscar,3,3680.0,-66.54694075121884,-37.090079034165356,281.7543452401696,13569.24924663802,101.09284208963778,393.4059051139594
MCL-Oscar,3,3690.0,-65.71030671355642,-38.0807493725574,278.1688612652018,13556.083422031632,100.51255268912708,409.03234376735276
MCL-Oscar,3,3700.0,-65.07426779409751,-37.850165202944495,279.4962437997397,13464.949837074002,103.4201072300173,387.5609375927834
MCL-Oscar,3,3700.0,-65.07426779409751,-37.850165202944495,279.4962437997397,13464.949837074002,103.4201072300173,387.5609375927834
MCL-Oscar,3,3710.0,-63.87962324191144,-38.3654127035549,281.0172405097489,13561.174688412319,103.14472741096498,413.9626443550208
MCL-Oscar,3,3720.0,-63.065544335841516,-38.699494888247095,276.89078513227963,13394.284800445233,101.72118505473973,410.9380108711848
MCL-Oscar,3,3720.0,-63.065544335841516,-38.699494888247095,276.89078513227963,13394.284800445233,101.72118505473973,410.9380108711848
MCL-Oscar,3,3730.0,-62.518918999618826,-38.825963714304216,282.95812717838464,13478.75762615665,100.50890290614309,402.49535655340173
MCL-Oscar,3,3740.0,-61.58022072930562,-39.53205330757421,279.1808258446349,13364.265530175264,103.16167036539187,397.04334747601456
MCL-Oscar,3,3750.0,-60.295339379084155,-40.047547322498794,283.8271060687496,13338.701492151376,100.51987547001092,403.17733345252356
MCL-Oscar,3,3760.0,-59.18996981235636,-40.14375016013688,282.2846751303983,13442.94880269771,100.61914705174682,387.344808158045
MCL-Oscar,3,3770.0,-58.65170373443951,-40.87672627334371,284.0125444921283,13552.973297232858,103.31873721724918,381.3675316966538
MCL-Oscar,3,3780.0,-57.62994873406945,-41.09957924042708,280.5331434068226,13566.33043839975,101.38264078842947,418.81533912483053
MCL-Oscar,3,3790.0,-56.9808859967113,-40.86644615368191,282.7516610006885,13381.645513219997,102.11681520233613,419.6969015912449
MCL-Oscar,3,3800.0,-56.34876583898005,-40.90301287897197,277.51506434979444,13386.124410416805,103.2999077794358,401.1551057063286
MCL-Oscar,3,3810.0,-55.43586683834222,-41.237353158598886,278.92113187302283,13560.985547832757,101.41191213094078,403.98734510260164
MCL-Oscar,3,3820.0,-54.156452839771696,-41.70141294152844,284.1512519801686,13303.01325639543,102.78825548265695,390.300456919168
MCL-Oscar,3,3830.0,-53.7357875453833,-41.775402046756156,276.23144331699655,13406.049941417845,101.00379499698714,388.6831528244195
MCL-Oscar,3,3840.0,-52.062356540576424,-42.46774219108592,282.81782600067487,13529.6103059818,103.24757439871851,400.12242846603573
MCL-Oscar,3,3850.0,-52.03391690806555,-42.36801223479317,281.7381376255012,13397.251782041803,100.56884502224058,411.2987136377002
MCL-Oscar,3,3860.0,-50.673039071521984,-42.858853355860276,281.45866966384733,13349.181129090457,100.58532124894633,389.8003939458207
MCL-Oscar,3,3870.0,-50.04174689488864,-43.70217427994236,282.20007703909357,13398.903577511226,101.04185215060168,412.28952570305205
MCL-Oscar,3,3880.0,-48.601758451811506,-43.97872090794234,279.1623584669923,13576.024078524002,102.6051106375677,397.1357405262353
MCL-Oscar,3,3890.0,-48.00032965296576,-43.48525441108276,277.63088231883944,13698.57194851923,100.54101342085639,400.8679602561928
MCL-Oscar,3,3900.0,-47.273967782750795,-43.75862311844591,282.9838133650304,13473.133787317414,103.31034096536497,402.0636473221364
MCL-Oscar,3,3910.0,-45.65198827469912,-44.72115727724904,276.06742622348605,13314.956090336429,101.13761289373497,416.41451487670145
MCL-Oscar,3,3920.0,-44.71324786229028,-44.91836016236953,280.90344158924245,13379.246150330178,101.10480206859778,396.5014704336357
MCL-Oscar,3,3930.0,-44.17311307898588,-44.73740076135953,284.1156904209957,13592.001269554923,102.91622674191662,411.7872204352293
MCL-Oscar,3,3940.0,-43.40131051221535,-45.559558799874225,275.9448594636899,13623.942985125233,101.56138234549344,382.5264755582874
MCL-Oscar,3,3950.0,-42.061597576824084,-44.88025018248387,278.5129610123791,13538.956931769077,100.7658025826905,417.59360810924676
MCL-Oscar,3,3960.0,-40.66924324904062,-45.95659457610714,280.5002836034348,13603.059202304694,100.76380205531612,406.6788833058478
MCL-Oscar,3,3970.0,-40.042506424556784,-45.823343551276764,284.1748765621292,13507.954646386614,101.82421359996054,381.57601550082387
MCL-Oscar,3,3980.0,-38.69468354166031,-45.82303524533718,279.2899694431364,13606.67964163552,101.86551179159541,419.2590324036351
MCL-Oscar,3,3990.0,-38.0266170937976,-46.098042966104984,280.3657337706574,13505.652982679925,103.37281042771377,406.1930511145271
MCL-Oscar,3,4000.0,-36.66225456436076,-46.14656435673071,276.66668719388673,13485.479027480827,102.91566913345694,390.5816662206687
MCL-Oscar,3,4010.0,-36.0443840212831,-46.85261612060662,276.280526339372,13380.94171665562,100.86686814420418,383.22639109023936
MCL-Oscar,3,4020.0,-34.51863127065064,-47.275351932071764,277.35996258536426,13622.284837240939,102.1189602141679,419.01565244939786
MCL-Oscar,3,4030.0,-33.489195853001604,-46.97190220905685,284.7374032116986,13408.142842997251,100.68098956936,415.5691352975108
MCL-Oscar,3,4040.0,-32.5733544020973,-47.39369760178476,284.95996949606564,13638.993203387901,101.45148937596885,393.4322990180316
MCL-Oscar,3,4050.0,-31.968313795808296,-47.06028986072117,276.614012097095,13392.63510993698,102.87550169844914,413.13830876107266
MCL-Oscar,3,4060.0,-31.275396829360595,-47.29102309076489,281.0785115511871,13340.101843329634,102.06626300628827,409.28265295059947
MCL-Oscar,3,4070.0,-29.469839087783814,-47.592115985052516,279.1164147353882,13623.624768286048,101.04036739269581,398.3923858997073
MCL-Oscar,3,4080.0,-28.933953166216437,-47.873416534983065,280.2629870886592,13481.091682203718,101.38883485244787,396.013012468692
MCL-Oscar,3,4090.0,-27.429723945917882,-48.026424798004896,278.67381145887055,13692.901399160739,101.6746334911007,384.35904384044545
MCL-Oscar,3,4100.0,-26.95124989100345,-47.94516654713429,281.782021330364,13443.172473392206,102.96113897354411,406.23003340870525
MCL-Oscar,3,4110.0,-26.05128080347923,-48.49916377904283,277.90831099079935,13485.412164650676,102.07245646996012,380.56028325060305
MCL-Oscar,3,4110.0,-26.05128080347923,-48.49916377904283,277.90831099079935,13485.412164650676,102.07245646996012,380.56028325060305
MCL-Oscar,3,4120.0,-24.600787119231146,-48.90423523345802,280.317672686908,13501.494790776203,102.18541710260325,392.72304770849115
MCL-Oscar,3,4130.0,-23.887817396732338,-48.986785327389185,279.22780254262193,13579.746749559188,101.15538685896504,381.0874915472722
MCL-Oscar,3,4140.0,-22.204125570450195,-48.381850699962364,280.99474059997846,13471.672214232833,101.16749931224072,390.6502181004503
MCL-Oscar,3,4150.0,-21.433017441641496,-48.74599743072566,284.26173031701455,13529.693920473703,100.5599354459594,407.5244762922376
MCL-Oscar,3,4160.0,-20.068106821763365,-49.231131369144016,284.42475398959044,13385.628460184616,101.38203562355109,391.02774967777736
MCL-Oscar,3,4160.0,-20.068106821763365,-49.231131369144016,284.42475398959044,13385.628460184616,101.38203562355109,391.02774967777736
MCL-Oscar,3,4170.0,-19.428801300741924,-49.39294752278755,280.54798762347133,13317.892187442663,100.71343038979218,392.02366158466145
MCL-Oscar,3,4180.0,-18.011754354812528,-49.52184764641227,277.54196186412497,13537.598562656489,100.65442701311324,393.99304349575607
MCL-Oscar,3,4190.0,-17.41045293688457,-48.874332009785526,284.3538658471581,13617.39478911918,101.7092705044242,385.57748681426443
MCL-Oscar,3,4200.0,-16.5374042626402,-49.13691717497315,282.1694948322379,13571.261249332432,100.87050066058897,396.37689924046674
MCL-Oscar,3,4210.0,-14.6253013122734,-49.89191807110624,284.70996629958154,13363.279435744507,103.4016636805759,400.63142909158773
MCL-Oscar,3,4220.0,-14.20822777990353,-49.09789735778729,278.6086357286775,13360.493080688659,101.25104393211117,396.67378697618517
MCL-Oscar,3,4230.0,-13.343537848557496,-49.160201071821014,283.7897140348084,13538.7414958774,101.4310795977421,394.1022704885442
MCL-Oscar,3,4240.0,-11.873614561026471,-49.82205323266912,275.51529695789014,13330.975970650157,102.03801109991207,409.448224098101
MCL-Oscar,3,4250.0,-10.88635163921024,-49.37207226931092,281.64193320023617,13385.794593448747,100.53116859002176,398.78669265481903
MCL-Oscar,3,4260.0,-9.606718766097584,-49.76493255463173,281.8216142193723,13463.781571299993,101.74291244651924,385.3536623473263
MCL-Oscar,3,4270.0,-8.667401662038264,-50.11148548140048,284.02780272533516,13342.915604575222,101.10939176664355,392.03752851728245
MCL-Oscar,3,4280.0,-7.864011236815039,-50.10112122473881,280.83927096212415,13473.140313909264,102.75752328187188,404.30985447209906
MCL-Oscar,3,4290.0,-6.706778994353734,-49.418233109385405,280.0624661949761,13436.578443899412,103.08589406797564,382.73913801460316
MCL-Oscar,3,4300.0,-5.223070703557129,-49.817600422678225,283.560480747344,13362.201957203717,102.090576421481,383.40825613176884
MCL-Oscar,3,4310.0,-4.217106616187929,-50.135915375367574,283.6434147274793,13491.636169057647,101.14305193714777,389.30169107346074
MCL-Oscar,3,4310.0,-4.217106616187929,-50.135915375367574,283.6434147274793,13491.636169057647,101.14305193714777,389.30169107346074
MCL-Oscar,3,4320.0,-2.9435330884558963,-49.770927321368745,276.6853771919895,13646.057613383118,101.54193743033542,402.1253576150823
MCL-Oscar,3,4330.0,-2.1035666654937595,-50.22484039373507,279.7097101703151,13336.60812844749,101.93376648767054,404.4057508907967
MCL-Oscar,3,4340.0,-1.3732631549456356,-49.6777743351505,284.19043995315116,13389.077069264646,101.52513900132938,404.4833127089845
MCL-Oscar,3,4350.0,-0.36242856842948606,-50.20694959707858,277.39435701141764,13548.276066575543,101.90936385473334,391.27636284516205
MCL-Oscar,3,4360.0,0.7789503279865192,-49.95600706376523,279.99110265014997,13582.736886823224,101.03207644114894,394.61762965735835
MCL-Oscar,3,4370.0,2.48873404621534,-49.91656443542724,280.11060715601303,13678.295310714737,100.72411828439824,405.53819654264686
MCL-Oscar,3,4380.0,3.396920759655756,-50.168912567753786,279.50549940038144,13367.508658694444,101.34379230982367,413.01184335597736
MCL-Oscar,3,4390.0,4.6000546426958175,-49.778437087493806,275.8178131232752,13361.36195806883,102.53670808952906,398.5789658801507
MCL-Oscar,3,4400.0,5.841577483494451,-50.08532283775272,280.04166780985406,13589.72878297025,102.22569921099493,400.7733839757638
MCL-Oscar,3,4410.0,6.965212770274875,-50.05445089946,278.9700829290141,13622.960133085384,102.28509326067656,409.304325294968
MCL-Oscar,3,4420.0,8.025737493509206,-49.548584606915846,284.83727447721077,13333.16715506547,101.56761968527742,386.1210849220171
MCL-Oscar,3,4430.0,8.635065341891139,-50.27694144049103,281.8940176558394,13398.155738161464,100.8095468047084,383.84379775886504
MCL-Oscar,3,4440.0,9.377719398867924,-50.13313398421841,275.7161974731357,13468.902640054763,100.50600929823115,404.8891560703043
MCL-Oscar,3,4450.0,11.12716275181431,-49.76741146913677,277.29788204676623,13493.849905616235,101.444080531688,394.1735105768599
MCL-Oscar,3,4460.0,11.628470538842514,-49.39274060785012,284.3357909310575,13357.256989241514,101.28640363951195,388.6148008862636
MCL-Oscar,3,4470.0,13.13085674445829,-49.270849699004195,276.39695890086233,13682.247936055259,101.49787988868621,382.2926885333019
MCL-Oscar,3,4480.0,14.259747884904417,-49.66203050018221,284.88286682780637,13608.604354231902,102.88231857723207,381.79761621733735
MCL-Oscar,3,4490.0,15.364765869734084,-49.305517496618585,281.9636482735864,13577.58348828935,101.27146830958391,397.2000674414885
MCL-Oscar,3,4500.0,16.526193200957007,-49.54866287700674,283.9742974015678,13658.01180729006,101.89609917218164,408.1786622707247
MCL-Oscar,3,4510.0,17.227949479449276,-49.26830540417923,284.51982168034306,13511.357880934489,102.73692120528368,412.10903881982597
MCL-Oscar,3,4520.0,18.33769736417447,-49.24783678708994,275.35332373187714,13356.86173226105,101.018202800374,403.69180903789885
MCL-Oscar,3,4530.0,18.99689893798936,-48.86911322263752,276.79796137674833,13547.551503583813,102.59870547890056,401.1269824431763
MCL-Oscar,3,4540.0,20.516585922205557,-48.595064142625624,279.525389103378,13607.10357392883,101.78213708063399,405.94328444174346
MCL-Oscar,3,4550.0,21.28466876054167,-48.515690668418294,282.5236451669514,13499.308735346962,101.84319615915282,417.5732468309264
MCL-Oscar,3,4560.0,22.58412627304872,-49.13893328592406,280.4897103274336,13572.596914047457,102.14697618375422,393.6721777070412
MCL-Oscar,3,4570.0,24.056433270944666,-48.854970146471345,275.96817943530823,13498.397896969818,102.94914258898889,385.8768812330216
MCL-Oscar,3,4580.0,25.040402916494607,-48.58172133034609,284.1476330465089,13458.532991567714,100.913415441639,404.98783191516395
MCL-Oscar,3,4590.0,25.69163015038071,-47.969549162227594,283.39362127659507,13651.061991914938,101.89077310846606,408.91866739143063
MCL-Oscar,3,4600.0,26.49766820599748,-48.21623025513937,277.9820122153995,13378.10749778668,101.19499258233569,409.51419132331955
MCL-Oscar,3,4610.0,28.06160998779944,-47.60205768249002,282.92724796208336,13322.50977060378,101.86488042995731,406.40959982217777
MCL-Oscar,3,4620.0,28.954530981312963,-47.8349844408734,277.9796701317861,13334.182400219635,102.7699463775005,383.232397300765
MCL-Oscar,3,4620.0,28.954530981312963,-47.8349844408734,277.9796701317861,13334.182400219635,102.7699463775005,383.232397300765
MCL-Oscar,3,4630.0,30.357474778044025,-47.931509843859885,284.56779738837906,13426.242456515292,102.47588493299452,391.9209177889378
MCL-Oscar,3,4640.0,31.034133571552143,-47.77837349143422,281.2396726718112,13304.413428302161,102.67957965889721,385.35638742549264
MCL-Oscar,3,4650.0,32.17041733373544,-47.302287468460115,277.582085326162,13419.235755633137,100.75368813082711,411.68090606607507
MCL-Oscar,3,4660.0,33.162104194088336,-46.78842554687805,275.3681856908955,13442.41376544729,102.3922874878416,390.86776305538086
MCL-Oscar,3,4670.0,34.203320620490366,-46.94246664657981,278.02454215074005,13326.072338247897,100.91853837644122,409.4763585911075
MCL-Oscar,3,4680.0,35.22892303921402,-47.18586268497276,281.502252801895,13686.41820740717,101.14267387893574,399.4644770756257
MCL-Oscar,3,4690.0,36.127974066256016,-46.32412188232344,276.2690051392492,13370.21683611958,100.78681286969086,396.74127091220487
MCL-Oscar,3,4700.0,36.66368387304535,-45.98936531858984,282.44996644147415,13595.2297797319,102.13994030977003,387.0563017830196
MCL-Oscar,3,4710.0,38.14014627815109,-45.89167943490199,278.37336256288796,13476.100536597223,102.22464832927386,380.56708045613476
MCL-Oscar,3,4720.0,39.140065089738634,-45.66595786944495,280.76822401796466,13503.274985047556,100.63586686981874,419.31186173657903
MCL-Oscar,3,4730.0,39.80498211002994,-45.3529213896104,276.74304608208286,13642.298167176637,101.00616877881433,381.0305079266963
MCL-Oscar,3,4740.0,41.138279115739486,-45.92599157771557,278.23029405657894,13319.766215700605,101.36263065995753,411.55513355049493
MCL-Oscar,3,4750.0,41.9887425771974,-45.70984635995674,275.40446110392105,13508.853491173355,101.36253382198866,415.4751838213918
MCL-Oscar,3,4750.0,41.9887425771974,-45.70984635995674,275.40446110392105,13508.853491173355,101.36253382198866,415.4751838213918
MCL-Oscar,3,4760.0,43.458278838810614,-45.60321416288212,277.54824372936946,13429.949500090464,101.35817966252941,403.72152357803645
MCL-Oscar,3,4770.0,44.18179919908721,-44.924275111450534,279.30701769217916,13652.88403521789,101.70205451549622,401.6075019046384
MCL-Oscar,3,4780.0,44.47364484225284,-44.72440471386861,277.97672352887287,13557.523755436414,102.29846960906151,394.1206207184886
MCL-Oscar,3,4790.0,46.04499340651898,-44.487402301052356,278.9611500892336,13330.558346437523,101.99374749017903,409.89835975464257
MCL-Oscar,3,4800.0,46.57465036768696,-43.99180126358542,121.11583569000975,10421.888567169286,102.74524726092571,855.5970127456571
MCL-Oscar,3,4810.0,47.38656508754004,-43.80872373119682,122.54349430324253,10875.818662462565,102.93569026318303,865.7447711627977
MCL-Oscar,3,4820.0,49.05922366538917,-44.12720641993169,115.5005784461198,10625.065425270748,102.38944271721678,868.2176552351808
MCL-Oscar,3,4830.0,49.75559599906488,-43.05011960221781,126.69093922577964,10623.862045274891,100.75441927936986,839.1187185579212
MCL-Oscar,3,4840.0,50.492575672858706,-42.77458029421754,125.68909329409695,10339.785054214628,102.78404355678273,878.8790216615475
MCL-Oscar,3,4850.0,51.92325840606703,-43.28733129182378,118.11607733837711,10525.25334754075,999.0,833.6571947472341
MCL-Oscar,3,4860.0,52.48586496370797,-42.72782054857029,114.84002690350414,10724.0548161271,101.30765803818016,864.3498058310457
MCL-Oscar,3,4870.0,53.46430472418771,-41.97990129453263,115.57834708592003,10277.088591233667,101.7423648779535,848.8779544900556
MCL-Oscar,3,4880.0,54.207014257966485,-42.09460858364533,116.92704975060722,10180.89874692401,103.23357943309449,824.4762400544898
MCL-Oscar,3,4890.0,55.352373992871364,-41.44168190219445,122.20870339929733,10328.833420201028,100.59626906041274,819.3672867241704
MCL-Oscar,3,4900.0,56.56421335111053,-41.585403799151926,119.18651738441083,10673.989000004834,102.09955679554008,861.852918828873
MCL-Oscar,3,4910.0,57.152364889095224,-40.66486769209717,126.43696214935294,10428.17732408714,101.59291391986085,889.2175628162931
MCL-Oscar,3,4920.0,57.792956268610965,-41.21325992163391,116.68051655715736,10562.356065116335,101.86567100475362,845.5446891977476
MCL-Oscar,3,4930.0,59.11322473154264,-40.74838643557522,113.14751442348117,10738.173633915048,101.87158278226156,852.772752367555
MCL-Oscar,3,4940.0,59.180181995175325,-39.72674541423814,119.85470629374879,10490.436367987495,102.15384906731094,846.8934858131191
MCL-Oscar,3,4950.0,60.72346332516741,-40.22955388645243,123.45226286810559,10378.549642725235,103.16981472683216,805.989201519038
MCL-Oscar,3,4950.0,60.72346332516741,-40.22955388645243,123.45226286810559,10378.549642725235,103.16981472683216,805.989201519038
MCL-Oscar,3,4960.0,61.11817845961993,-39.71585069467418,121.36397310944933,10843.432121494156,101.12409872397534,876.1542782964021
MCL-Oscar,3,4970.0,62.02327283353424,-39.55705799019634,126.55674159732887,10889.13969143322,101.29887440971206,832.5610170263449
MCL-Oscar,3,4980.0,63.36790810132551,-39.164751825286075,126.54636214317095,10629.605520895539,100.86968936555428,855.3703326650102
MCL-Oscar,3,4990.0,64.25345593625985,-38.48277350330764,125.24014168563343,10131.278721164157,101.1945067093991,810.0739537426929
MCL-Oscar,3,5000.0,64.8657749266058,-37.82530963808401,124.3191613877083,10793.792865715977,101.00991409478351,811.6749672193006
MCL-Oscar,3,5010.0,65.96305704169058,-37.46995509558401,126.5800747661316,10868.07073389642,102.82094724395859,837.0251073460844
MCL-Oscar,3,5020.0,65.91813733523739,-37.76022305620659,120.2858087404899,10717.48275300989,101.52538855909131,813.5366190746868
MCL-Oscar,3,5030.0,67.59287439886573,-37.502810330000834,125.94720395869162,10781.458049020379,102.73926919850179,878.4936978668242
MCL-Oscar,3,5040.0,68.13877283293526,-36.83826532603396,124.72292459289764,10602.64988707222,103.41648199193337,812.091595850603
MCL-Oscar,3,5050.0,69.20757936152565,-36.63367919781686,114.75181794393868,10140.119685846761,102.99528300122026,812.0932257616236
MCL-Oscar,3,5060.0,69.24672912833775,-35.78525688662413,116.74468803985519,10520.284891845498,101.73822531125585,868.5914620029431
MCL-Oscar,3,5070.0,70.69890829912107,-35.956330273249705,126.65381521445055,10174.94987991196,101.8207499063731,853.0628144160123
MCL-Oscar,3,5080.0,70.95126765267298,-35.081448610545536,125.62464256834537,10416.1497307376,101.74160703464217,800.7050863529872
MCL-Oscar,3,5090.0,71.4163962415203,-34.92687499969611,115.38648102787438,10505.84675705126,999.0,843.3993827802877
MCL-Oscar,3,5100.0,72.4556540492568,-34.74908427531359,114.76625873683666,10552.087464818127,102.92953809449348,841.890621105409
MCL-Oscar,3,5110.0,73.10584139316764,-34.45501831100879,127.47836138753372,10132.061289397543,100.72864425579117,891.9421924323506
MCL-Oscar,3,5120.0,73.61844214491565,-34.06320556384792,117.87298524888291,10166.748808408556,103.40589479449706,808.0849049986103
MCL-Oscar,3,5130.0,74.97856022944801,-32.995227209836365,116.60150758165378,10824.022883873396,102.59044907557247,816.8719209028486
MCL-Oscar,3,5140.0,75.02270495118852,-33.084398412956126,124.74199619123057,10665.856372311875,101.55207543407248,800.9031943070192
MCL-Oscar,3,5150.0,76.3818092997949,-32.50835768068417,125.46151756482504,10140.73619259288,102.22332606949934,868.5892217141513
MCL-Oscar,3,5160.0,77.08948875581167,-32.00836713810424,127.61868925992741,10318.584140231264,999.0,871.1825139055635
MCL-Oscar,3,5170.0,77.52261239188562,-31.310334971114784,122.28862743389348,10552.991992832018,100.9905084833623,808.6988019621731
MCL-Oscar,3,5180.0,78.41824626530536,-31.177837909834665,115.56513880674324,10709.153616927499,100.51346430494658,882.4778838824135
MCL-Oscar,3,5190.0,78.94399699227189,-31.14923275858561,112.90360594404459,10182.98245160675,100.5707133912374,894.3868184150697
MCL-Oscar,3,5200.0,79.24704040475326,-30.320643064175318,120.07847893853139,10325.705785624794,102.46425711873684,827.682853068017
MCL-Oscar,3,5210.0,80.0173240716267,-30.019049564878518,121.67988090070327,10484.512690176454,101.09462994166081,834.8674626435246
MCL-Oscar,3,5220.0,80.63414339791657,-29.179798162478424,126.37040638444567,10680.356536081652,102.81919273992199,818.4442276672229
MCL-Oscar,3,5230.0,81.97034170133105,-29.12290006081167,117.19850556471823,10849.316150291144,102.15567649085762,830.4815208276766
MCL-Oscar,3,5240.0,82.50434008075669,-28.43723673824613,118.4473398056437,10886.581625063798,102.45744338593059,866.5694440257957
MCL-Oscar,3,5250.0,82.58548687982808,-28.39337411155953,116.6017799735043,10470.973671135898,100.67841667732233,886.6288423927282
MCL-Oscar,3,5260.0,83.13245087494805,-27.607471710107447,121.15637984439104,10895.171587216792,100.64346265256798,883.1132593163622
MCL-Oscar,3,5270.0,84.11001341384893,-26.882513500748544,121.31746931950147,10730.664365689858,101.82357464908263,806.4885836054005
MCL-Oscar,3,5280.0,84.28293485497706,-27.07741214526091,122.13092079231883,10407.702840331793,102.48976521728697,842.0503631642239
MCL-Oscar,3,5290.0,84.71126831084257,-25.954289299011915,125.15643900176585,10492.401902912348,102.10454042565249,879.4370750794852
MCL-Oscar,3,5300.0,85.28048419554847,-26.24448612990323,122.65348039176654,10101.829937587698,102.12455731792876,850.5509776272814
MCL-Oscar,3,5310.0,86.04780168064961,-25.782923269758495,113.4410072478327,10454.769380797798,101.0088705573029,856.5085006130128
MCL-Oscar,3,5320.0,86.6351254926639,-24.442946592870673,121.50482343069073,10169.275017612932,101.61867730919808,841.8846930398179
MCL-Oscar,3,5330.0,86.97399830773735,-24.748218978072252,116.13954249639922,10471.589348382833,101.50413007859356,821.2559551910007
MCL-Oscar,3,5340.0,87.98255825524981,-24.21770527623751,121.38922227143883,10438.01069402398,101.1111607486126,878.0523220326972
MCL-Oscar,3,5350.0,88.23157150912371,-23.098207380943634,127.54147708341257,10273.555802910822,101.54613219808668,897.1688722505539
MCL-Oscar,3,5360.0,88.93600962081868,-23.19026598478453,115.61231740001693,10715.48406516565,103.08985909081069,850.9310401210929
MCL-Oscar,3,5370.0,88.88164362570076,-22.367730504557006,122.29564720481156,10578.163693782946,101.18003367383241,865.5071883124697
MCL-Oscar,3,5380.0,89.96023155352923,-22.391213820781623,116.31462597097894,10118.517849314108,103.24845703011437,896.6730001322968
MCL-Oscar,3,5390.0,90.36772492909164,-21.84586352532099,126.84551957601612,10678.439074167105,101.70244006825712,863.6175768851923
MCL-Oscar,3,5400.0,90.50901626004378,-20.72523808960132,126.2059897849107,10134.310151867678,101.66164548435148,879.8938629264098
MCL-Oscar,3,5410.0,91.10118991037041,-20.597480241048288,124.46318087065275,10223.89002755093,101.93814057844547,883.3219231532989
MCL-Oscar,3,5420.0,91.90674239410758,-20.050874830530248,117.70836182613813,10278.853319330748,100.80278637190821,885.7823504271381
MCL-Oscar,3,5430.0,91.78768793498561,-19.609123388474615,125.61685734690853,10893.133343546937,102.22936444152444,869.7245705482721
MCL-Oscar,3,5430.0,91.78768793498561,-19.609123388474615,125.61685734690853,10893.133343546937,102.22936444152444,869.7245705482721
MCL-Oscar,3,5440.0,92.03093447505994,-18.797423182176583,117.38527692998063,10345.971280053958,101.95838341362399,839.7452299191724
MCL-Oscar,3,5450.0,92.88842475845463,-18.990218671953766,125.97587114021147,10690.924881487299,101.54280684204214,833.4875074581253
MCL-Oscar,3,5460.0,93.40635537591196,-17.509496092784502,122.48164705033851,10739.16089583589,999.0,839.9538826508193
MCL-Oscar,3,5470.0,93.25236055874815,-17.46642576617059,121.35394470824366,10821.871050282609,100.73097878222279,814.1932009232545
MCL-Oscar,3,5480.0,93.64617617715889,-17.455039857281754,123.9158039048582,10709.273888620577,101.84135089727457,830.2653435033184
MCL-Oscar,3,5490.0,93.98235294217592,-16.332410188375547,121.31034176354875,10150.71342711182,103.06749309935704,859.0622212297554
MCL-Oscar,3,5500.0,94.79891372742841,-15.88876615342537,116.94729502063427,10527.086062748518,103.43955312945468,843.2462420915929
MCL-Oscar,3,5510.0,95.15231177204836,-15.094184257766573,126.52328652334845,10188.198063997575,102.64745540655534,822.4055683489976
MCL-Oscar,3,5520.0,95.25265876630431,-15.183626330169666,124.4667649523369,10270.457763576891,102.6872742936052,806.3546274816658
MCL-Oscar,3,5530.0,95.54486347973918,-14.117208889380525,119.8929948952134,10580.443392183479,101.46765669441567,895.0366709099665
MCL-Oscar,3,5540.0,95.71142531040522,-13.758812897273351,122.612089125571,10712.604772775636,102.53903089637535,876.2933486876803
MCL-Oscar,3,5550.0,96.01455360397222,-13.294828550480151,119.03208333183774,10409.650868604485,103.12963105597018,842.7375549617935
MCL-Oscar,3,5560.0,96.82892665149785,-12.650678343642424,116.5826917898161,10282.307645859559,101.27210123349381,811.7980477355476
MCL-Oscar,3,5570.0,96.53520590333937,-12.675846549745524,114.5351798273246,10727.2597030251,999.0,887.9134384694985
MCL-Oscar,3,5580.0,97.45874824688265,-12.128808318037944,117.71627197429046,10884.561103818241,100.63185242459116,857.2069046839713
MCL-Oscar,3,5590.0,97.48001547071378,-10.82116350343548,117.01666561237217,10683.68204725825,102.12199314274135,848.2314386702451
MCL-Oscar,3,5600.0,97.48681407647551,-10.808799385164852,125.91848384114542,10698.24874892549,101.25572365724844,886.5634193038951
MCL-Oscar,3,5610.0,98.38290403618048,-9.730747418429097,121.87595568424231,10240.46258182771,100.54215960270602,839.7513688272613
MCL-Oscar,3,5620.0,98.15925674897176,-9.885352004367933,125.37039653824183,10342.171663422661,102.8303272346647,884.1956863089204
MCL-Oscar,3,5630.0,98.51845201956296,-9.61599290956465,112.67138031269099,10676.96606227718,103.19749515724772,858.5668878811387
MCL-Oscar,3,5640.0,98.38972716498445,-9.0993534269309,121.13037135447806,10500.38713913674,101.7323348126103,831.8464288747265
MCL-Oscar,3,5650.0,98.52394451805901,-8.558190983079141,120.71014959317169,10416.510257851305,101.36397446999986,802.4694021782506
MCL-Oscar,3,5660.0,99.20077074773613,-7.165144825358262,119.60426699165954,10124.907900005535,101.51235102310565,856.5712363288014
MCL-Oscar,3,5670.0,98.85099714609997,-6.53836316647794,114.79714080255586,10768.96591132748,101.30152181954992,882.3011321114656
MCL-Oscar,3,5680.0,99.05277580229955,-6.277278958138867,116.31272217125688,10431.16119444736,101.01238266589361,858.9317702788811
MCL-Oscar,3,5690.0,99.78664332381481,-6.125165195517276,127.47385867333603,10615.541340632644,102.59147682804831,899.9705895239383
MCL-Oscar,3,5700.0,99.68258629162243,-5.819719052676201,125.80920972726916,10535.230630363398,100.91367360939388,874.7041911412332
MCL-Oscar,3,5710.0,99.22623079195186,-5.191964445025448,127.40077357513793,10479.50012034359,103.46608213789982,870.0954242759507
MCL-Oscar,3,5720.0,99.12657380640802,-4.506816600271781,117.22669010804012,10106.951250265125,101.22847039844208,848.8983046958874
MCL-Oscar,3,5730.0,100.17473677847721,-3.5481152160375906,122.91956011937482,10579.376024419817,103.05928672532119,873.3301722642481
MCL-Oscar,3,5740.0,99.5082826632702,-2.774175705464373,113.82067985306739,10335.439020647498,102.52054702313278,877.7445279736451
MCL-Oscar,3,5750.0,100.12067373272605,-2.26411518219055,116.93277882081772,10374.445429723066,102.52941245139758,864.5636687076293
MCL-Oscar,3,5760.0,99.44903899487612,-1.9862499042938149,113.89766516754516,10153.019192323449,100.97889382105937,842.5835556160989
MCL-Oscar,3,5770.0,100.40190862543841,-1.270718052389347,124.41197910583112,10100.457936068377,101.52559211678705,874.592249742919
MCL-Oscar,3,5780.0,99.58448349025426,-1.3371329771071336,119.49315639828892,10837.551096939558,100.76685086320838,868.0488763014187
MCL-Oscar,3,5790.0,100.41442045341736,-0.6939890466364799,117.7978236130495,10615.84970970131,102.23852122567646,856.8381302064591
MCL-Oscar,3,0.0,99.70759041361097,0.14806568713861834,282.7621402254715,13682.922608597028,101.87475434329349,389.0319975224771
